command,url,title
/app,https://help.mikrotik.com/docs/spaces/ROS/pages/343244823/Containerized%2BApp%2Bmanagement,"Containerized App management"
/app/add,https://help.mikrotik.com/docs/spaces/ROS/pages/343244823/Containerized%2BApp%2Bmanagement,"Containerized App management"
/app/cleanup,https://help.mikrotik.com/docs/spaces/ROS/pages/343244823/Containerized%2BApp%2Bmanagement,"Containerized App management"
/app/disable,https://help.mikrotik.com/docs/spaces/ROS/pages/343244823/Containerized%2BApp%2Bmanagement,"Containerized App management"
/app/edit,https://help.mikrotik.com/docs/spaces/ROS/pages/343244823/Containerized%2BApp%2Bmanagement,"Containerized App management"
/app/enable,https://help.mikrotik.com/docs/spaces/ROS/pages/343244823/Containerized%2BApp%2Bmanagement,"Containerized App management"
/app/export,https://help.mikrotik.com/docs/spaces/ROS/pages/343244823/Containerized%2BApp%2Bmanagement,"Containerized App management"
/app/find,https://help.mikrotik.com/docs/spaces/ROS/pages/343244823/Containerized%2BApp%2Bmanagement,"Containerized App management"
/app/get,https://help.mikrotik.com/docs/spaces/ROS/pages/343244823/Containerized%2BApp%2Bmanagement,"Containerized App management"
/app/network,https://help.mikrotik.com/docs/spaces/ROS/pages/343244823/Containerized%2BApp%2Bmanagement,"Containerized App management"
/app/print,https://help.mikrotik.com/docs/spaces/ROS/pages/343244823/Containerized%2BApp%2Bmanagement,"Containerized App management"
/app/remove,https://help.mikrotik.com/docs/spaces/ROS/pages/343244823/Containerized%2BApp%2Bmanagement,"Containerized App management"
/app/reset,https://help.mikrotik.com/docs/spaces/ROS/pages/343244823/Containerized%2BApp%2Bmanagement,"Containerized App management"
/app/set,https://help.mikrotik.com/docs/spaces/ROS/pages/343244823/Containerized%2BApp%2Bmanagement,"Containerized App management"
/app/settings,https://help.mikrotik.com/docs/spaces/ROS/pages/343244823/Containerized%2BApp%2Bmanagement,"Containerized App management"
/app/setup,https://help.mikrotik.com/docs/spaces/ROS/pages/343244823/Containerized%2BApp%2Bmanagement,"Containerized App management"
/app/unset,https://help.mikrotik.com/docs/spaces/ROS/pages/343244823/Containerized%2BApp%2Bmanagement,"Containerized App management"
/app/update,https://help.mikrotik.com/docs/spaces/ROS/pages/343244823/Containerized%2BApp%2Bmanagement,"Containerized App management"
/caps-man,https://help.mikrotik.com/docs/spaces/ROS/pages/7962638/CAPsMAN,CAPsMAN
/caps-man/aaa,https://help.mikrotik.com/docs/spaces/ROS/pages/7962638/CAPsMAN,CAPsMAN
/caps-man/aaa/edit,https://help.mikrotik.com/docs/spaces/ROS/pages/7962638/CAPsMAN,CAPsMAN
/caps-man/aaa/export,https://help.mikrotik.com/docs/spaces/ROS/pages/7962638/CAPsMAN,CAPsMAN
/caps-man/aaa/get,https://help.mikrotik.com/docs/spaces/ROS/pages/7962638/CAPsMAN,CAPsMAN
/caps-man/aaa/print,https://help.mikrotik.com/docs/spaces/ROS/pages/7962638/CAPsMAN,CAPsMAN
/caps-man/aaa/reset,https://help.mikrotik.com/docs/spaces/ROS/pages/7962638/CAPsMAN,CAPsMAN
/caps-man/aaa/set,https://help.mikrotik.com/docs/spaces/ROS/pages/7962638/CAPsMAN,CAPsMAN
/caps-man/access-list,https://help.mikrotik.com/docs/spaces/ROS/pages/7962638/CAPsMAN,CAPsMAN
/caps-man/actual-interface-configuration,https://help.mikrotik.com/docs/spaces/ROS/pages/7962638/CAPsMAN,CAPsMAN
/caps-man/channel,https://help.mikrotik.com/docs/spaces/ROS/pages/7962638/CAPsMAN,CAPsMAN
/caps-man/configuration,https://help.mikrotik.com/docs/spaces/ROS/pages/7962638/CAPsMAN,CAPsMAN
/caps-man/configuration/add,https://help.mikrotik.com/docs/spaces/ROS/pages/7962638/CAPsMAN,CAPsMAN
/caps-man/configuration/comment,https://help.mikrotik.com/docs/spaces/ROS/pages/7962638/CAPsMAN,CAPsMAN
/caps-man/configuration/edit,https://help.mikrotik.com/docs/spaces/ROS/pages/7962638/CAPsMAN,CAPsMAN
/caps-man/configuration/export,https://help.mikrotik.com/docs/spaces/ROS/pages/7962638/CAPsMAN,CAPsMAN
/caps-man/configuration/find,https://help.mikrotik.com/docs/spaces/ROS/pages/7962638/CAPsMAN,CAPsMAN
/caps-man/configuration/get,https://help.mikrotik.com/docs/spaces/ROS/pages/7962638/CAPsMAN,CAPsMAN
/caps-man/configuration/print,https://help.mikrotik.com/docs/spaces/ROS/pages/7962638/CAPsMAN,CAPsMAN
/caps-man/configuration/remove,https://help.mikrotik.com/docs/spaces/ROS/pages/7962638/CAPsMAN,CAPsMAN
/caps-man/configuration/reset,https://help.mikrotik.com/docs/spaces/ROS/pages/7962638/CAPsMAN,CAPsMAN
/caps-man/configuration/set,https://help.mikrotik.com/docs/spaces/ROS/pages/7962638/CAPsMAN,CAPsMAN
/caps-man/configuration/unset,https://help.mikrotik.com/docs/spaces/ROS/pages/7962638/CAPsMAN,CAPsMAN
/caps-man/datapath,https://help.mikrotik.com/docs/spaces/ROS/pages/7962638/CAPsMAN,CAPsMAN
/caps-man/export,https://help.mikrotik.com/docs/spaces/ROS/pages/7962638/CAPsMAN,CAPsMAN
/caps-man/interface,https://help.mikrotik.com/docs/spaces/ROS/pages/7962638/CAPsMAN,CAPsMAN
/caps-man/interface/add,https://help.mikrotik.com/docs/spaces/ROS/pages/7962638/CAPsMAN,CAPsMAN
/caps-man/interface/comment,https://help.mikrotik.com/docs/spaces/ROS/pages/7962638/CAPsMAN,CAPsMAN
/caps-man/interface/disable,https://help.mikrotik.com/docs/spaces/ROS/pages/7962638/CAPsMAN,CAPsMAN
/caps-man/interface/edit,https://help.mikrotik.com/docs/spaces/ROS/pages/7962638/CAPsMAN,CAPsMAN
/caps-man/interface/enable,https://help.mikrotik.com/docs/spaces/ROS/pages/7962638/CAPsMAN,CAPsMAN
/caps-man/interface/export,https://help.mikrotik.com/docs/spaces/ROS/pages/7962638/CAPsMAN,CAPsMAN
/caps-man/interface/find,https://help.mikrotik.com/docs/spaces/ROS/pages/7962638/CAPsMAN,CAPsMAN
/caps-man/interface/get,https://help.mikrotik.com/docs/spaces/ROS/pages/7962638/CAPsMAN,CAPsMAN
/caps-man/interface/hw-info,https://help.mikrotik.com/docs/spaces/ROS/pages/7962638/CAPsMAN,CAPsMAN
/caps-man/interface/possible-channels,https://help.mikrotik.com/docs/spaces/ROS/pages/7962638/CAPsMAN,CAPsMAN
/caps-man/interface/print,https://help.mikrotik.com/docs/spaces/ROS/pages/7962638/CAPsMAN,CAPsMAN
/caps-man/interface/remove,https://help.mikrotik.com/docs/spaces/ROS/pages/7962638/CAPsMAN,CAPsMAN
/caps-man/interface/reselect-channel,https://help.mikrotik.com/docs/spaces/ROS/pages/7962638/CAPsMAN,CAPsMAN
/caps-man/interface/reset,https://help.mikrotik.com/docs/spaces/ROS/pages/7962638/CAPsMAN,CAPsMAN
/caps-man/interface/scan,https://help.mikrotik.com/docs/spaces/ROS/pages/7962638/CAPsMAN,CAPsMAN
/caps-man/interface/set,https://help.mikrotik.com/docs/spaces/ROS/pages/7962638/CAPsMAN,CAPsMAN
/caps-man/interface/unset,https://help.mikrotik.com/docs/spaces/ROS/pages/7962638/CAPsMAN,CAPsMAN
/caps-man/manager,https://help.mikrotik.com/docs/spaces/ROS/pages/7962638/CAPsMAN,CAPsMAN
/caps-man/provisioning,https://help.mikrotik.com/docs/spaces/ROS/pages/7962638/CAPsMAN,CAPsMAN
/caps-man/provisioning/add,https://help.mikrotik.com/docs/spaces/ROS/pages/7962638/CAPsMAN,CAPsMAN
/caps-man/provisioning/comment,https://help.mikrotik.com/docs/spaces/ROS/pages/7962638/CAPsMAN,CAPsMAN
/caps-man/provisioning/disable,https://help.mikrotik.com/docs/spaces/ROS/pages/7962638/CAPsMAN,CAPsMAN
/caps-man/provisioning/edit,https://help.mikrotik.com/docs/spaces/ROS/pages/7962638/CAPsMAN,CAPsMAN
/caps-man/provisioning/enable,https://help.mikrotik.com/docs/spaces/ROS/pages/7962638/CAPsMAN,CAPsMAN
/caps-man/provisioning/export,https://help.mikrotik.com/docs/spaces/ROS/pages/7962638/CAPsMAN,CAPsMAN
/caps-man/provisioning/find,https://help.mikrotik.com/docs/spaces/ROS/pages/7962638/CAPsMAN,CAPsMAN
/caps-man/provisioning/get,https://help.mikrotik.com/docs/spaces/ROS/pages/7962638/CAPsMAN,CAPsMAN
/caps-man/provisioning/move,https://help.mikrotik.com/docs/spaces/ROS/pages/7962638/CAPsMAN,CAPsMAN
/caps-man/provisioning/print,https://help.mikrotik.com/docs/spaces/ROS/pages/7962638/CAPsMAN,CAPsMAN
/caps-man/provisioning/remove,https://help.mikrotik.com/docs/spaces/ROS/pages/7962638/CAPsMAN,CAPsMAN
/caps-man/provisioning/reset,https://help.mikrotik.com/docs/spaces/ROS/pages/7962638/CAPsMAN,CAPsMAN
/caps-man/provisioning/set,https://help.mikrotik.com/docs/spaces/ROS/pages/7962638/CAPsMAN,CAPsMAN
/caps-man/radio,https://help.mikrotik.com/docs/spaces/ROS/pages/7962638/CAPsMAN,CAPsMAN
/caps-man/rates,https://help.mikrotik.com/docs/spaces/ROS/pages/7962638/CAPsMAN,CAPsMAN
/caps-man/registration-table,https://help.mikrotik.com/docs/spaces/ROS/pages/7962638/CAPsMAN,CAPsMAN
/caps-man/remote-cap,https://help.mikrotik.com/docs/spaces/ROS/pages/7962638/CAPsMAN,CAPsMAN
/caps-man/security,https://help.mikrotik.com/docs/spaces/ROS/pages/7962638/CAPsMAN,CAPsMAN
/caps-man/security/add,https://help.mikrotik.com/docs/spaces/ROS/pages/7962638/CAPsMAN,CAPsMAN
/caps-man/security/comment,https://help.mikrotik.com/docs/spaces/ROS/pages/7962638/CAPsMAN,CAPsMAN
/caps-man/security/edit,https://help.mikrotik.com/docs/spaces/ROS/pages/7962638/CAPsMAN,CAPsMAN
/caps-man/security/export,https://help.mikrotik.com/docs/spaces/ROS/pages/7962638/CAPsMAN,CAPsMAN
/caps-man/security/find,https://help.mikrotik.com/docs/spaces/ROS/pages/7962638/CAPsMAN,CAPsMAN
/caps-man/security/get,https://help.mikrotik.com/docs/spaces/ROS/pages/7962638/CAPsMAN,CAPsMAN
/caps-man/security/print,https://help.mikrotik.com/docs/spaces/ROS/pages/7962638/CAPsMAN,CAPsMAN
/caps-man/security/remove,https://help.mikrotik.com/docs/spaces/ROS/pages/7962638/CAPsMAN,CAPsMAN
/caps-man/security/reset,https://help.mikrotik.com/docs/spaces/ROS/pages/7962638/CAPsMAN,CAPsMAN
/caps-man/security/set,https://help.mikrotik.com/docs/spaces/ROS/pages/7962638/CAPsMAN,CAPsMAN
/caps-man/security/unset,https://help.mikrotik.com/docs/spaces/ROS/pages/7962638/CAPsMAN,CAPsMAN
/certificate,https://help.mikrotik.com/docs/spaces/ROS/pages/328090/Dot1X,Dot1X
/certificate/add,https://help.mikrotik.com/docs/spaces/ROS/pages/328090/Dot1X,Dot1X
/certificate/add-acme,https://help.mikrotik.com/docs/spaces/ROS/pages/328090/Dot1X,Dot1X
/certificate/add-scep,https://help.mikrotik.com/docs/spaces/ROS/pages/328090/Dot1X,Dot1X
/certificate/builtin,https://help.mikrotik.com/docs/spaces/ROS/pages/328090/Dot1X,Dot1X
/certificate/card-reinstall,https://help.mikrotik.com/docs/spaces/ROS/pages/328090/Dot1X,Dot1X
/certificate/card-verify,https://help.mikrotik.com/docs/spaces/ROS/pages/328090/Dot1X,Dot1X
/certificate/create-certificate-request,https://help.mikrotik.com/docs/spaces/ROS/pages/328090/Dot1X,Dot1X
/certificate/crl,https://help.mikrotik.com/docs/spaces/ROS/pages/328090/Dot1X,Dot1X
/certificate/edit,https://help.mikrotik.com/docs/spaces/ROS/pages/328090/Dot1X,Dot1X
/certificate/enable-ssl-certificate,https://help.mikrotik.com/docs/spaces/ROS/pages/328090/Dot1X,Dot1X
/certificate/export,https://help.mikrotik.com/docs/spaces/ROS/pages/328090/Dot1X,Dot1X
/certificate/export-certificate,https://help.mikrotik.com/docs/spaces/ROS/pages/328090/Dot1X,Dot1X
/certificate/find,https://help.mikrotik.com/docs/spaces/ROS/pages/328090/Dot1X,Dot1X
/certificate/get,https://help.mikrotik.com/docs/spaces/ROS/pages/328090/Dot1X,Dot1X
/certificate/import,https://help.mikrotik.com/docs/spaces/ROS/pages/328090/Dot1X,Dot1X
/certificate/issued-revoke,https://help.mikrotik.com/docs/spaces/ROS/pages/328090/Dot1X,Dot1X
/certificate/print,https://help.mikrotik.com/docs/spaces/ROS/pages/328090/Dot1X,Dot1X
/certificate/remove,https://help.mikrotik.com/docs/spaces/ROS/pages/328090/Dot1X,Dot1X
/certificate/reset,https://help.mikrotik.com/docs/spaces/ROS/pages/328090/Dot1X,Dot1X
/certificate/scep-renew,https://help.mikrotik.com/docs/spaces/ROS/pages/328090/Dot1X,Dot1X
/certificate/scep-server,https://help.mikrotik.com/docs/spaces/ROS/pages/328090/Dot1X,Dot1X
/certificate/set,https://help.mikrotik.com/docs/spaces/ROS/pages/328090/Dot1X,Dot1X
/certificate/settings,https://help.mikrotik.com/docs/spaces/ROS/pages/92635137/Enterprise%2Bwireless%2Bsecurity%2Bwith%2BUser%2BManager%2Bv5,"Enterprise wireless security with User Manager v5"
/certificate/settings/edit,https://help.mikrotik.com/docs/spaces/ROS/pages/92635137/Enterprise%2Bwireless%2Bsecurity%2Bwith%2BUser%2BManager%2Bv5,"Enterprise wireless security with User Manager v5"
/certificate/settings/export,https://help.mikrotik.com/docs/spaces/ROS/pages/92635137/Enterprise%2Bwireless%2Bsecurity%2Bwith%2BUser%2BManager%2Bv5,"Enterprise wireless security with User Manager v5"
/certificate/settings/get,https://help.mikrotik.com/docs/spaces/ROS/pages/92635137/Enterprise%2Bwireless%2Bsecurity%2Bwith%2BUser%2BManager%2Bv5,"Enterprise wireless security with User Manager v5"
/certificate/settings/print,https://help.mikrotik.com/docs/spaces/ROS/pages/92635137/Enterprise%2Bwireless%2Bsecurity%2Bwith%2BUser%2BManager%2Bv5,"Enterprise wireless security with User Manager v5"
/certificate/settings/reset,https://help.mikrotik.com/docs/spaces/ROS/pages/92635137/Enterprise%2Bwireless%2Bsecurity%2Bwith%2BUser%2BManager%2Bv5,"Enterprise wireless security with User Manager v5"
/certificate/settings/set,https://help.mikrotik.com/docs/spaces/ROS/pages/92635137/Enterprise%2Bwireless%2Bsecurity%2Bwith%2BUser%2BManager%2Bv5,"Enterprise wireless security with User Manager v5"
/certificate/sign,https://help.mikrotik.com/docs/spaces/ROS/pages/328090/Dot1X,Dot1X
/certificate/sign-certificate-request,https://help.mikrotik.com/docs/spaces/ROS/pages/328090/Dot1X,Dot1X
/certificate/unset,https://help.mikrotik.com/docs/spaces/ROS/pages/328090/Dot1X,Dot1X
/container,https://help.mikrotik.com/docs/spaces/ROS/pages/84901929/Container,Container
/container/add,https://help.mikrotik.com/docs/spaces/ROS/pages/84901929/Container,Container
/container/comment,https://help.mikrotik.com/docs/spaces/ROS/pages/84901929/Container,Container
/container/config,https://help.mikrotik.com/docs/spaces/ROS/pages/84901929/Container,Container
/container/config/edit,https://help.mikrotik.com/docs/spaces/ROS/pages/84901929/Container,Container
/container/config/export,https://help.mikrotik.com/docs/spaces/ROS/pages/84901929/Container,Container
/container/config/get,https://help.mikrotik.com/docs/spaces/ROS/pages/84901929/Container,Container
/container/config/print,https://help.mikrotik.com/docs/spaces/ROS/pages/84901929/Container,Container
/container/config/reset,https://help.mikrotik.com/docs/spaces/ROS/pages/84901929/Container,Container
/container/config/set,https://help.mikrotik.com/docs/spaces/ROS/pages/84901929/Container,Container
/container/edit,https://help.mikrotik.com/docs/spaces/ROS/pages/84901929/Container,Container
/container/envs,https://help.mikrotik.com/docs/spaces/ROS/pages/84901929/Container,Container
/container/envs/add,https://help.mikrotik.com/docs/spaces/ROS/pages/84901929/Container,Container
/container/envs/comment,https://help.mikrotik.com/docs/spaces/ROS/pages/84901929/Container,Container
/container/envs/disable,https://help.mikrotik.com/docs/spaces/ROS/pages/84901929/Container,Container
/container/envs/edit,https://help.mikrotik.com/docs/spaces/ROS/pages/84901929/Container,Container
/container/envs/enable,https://help.mikrotik.com/docs/spaces/ROS/pages/84901929/Container,Container
/container/envs/export,https://help.mikrotik.com/docs/spaces/ROS/pages/84901929/Container,Container
/container/envs/find,https://help.mikrotik.com/docs/spaces/ROS/pages/84901929/Container,Container
/container/envs/get,https://help.mikrotik.com/docs/spaces/ROS/pages/84901929/Container,Container
/container/envs/print,https://help.mikrotik.com/docs/spaces/ROS/pages/84901929/Container,Container
/container/envs/remove,https://help.mikrotik.com/docs/spaces/ROS/pages/84901929/Container,Container
/container/envs/reset,https://help.mikrotik.com/docs/spaces/ROS/pages/84901929/Container,Container
/container/envs/set,https://help.mikrotik.com/docs/spaces/ROS/pages/84901929/Container,Container
/container/export,https://help.mikrotik.com/docs/spaces/ROS/pages/84901929/Container,Container
/container/find,https://help.mikrotik.com/docs/spaces/ROS/pages/84901929/Container,Container
/container/get,https://help.mikrotik.com/docs/spaces/ROS/pages/84901929/Container,Container
/container/kill,https://help.mikrotik.com/docs/spaces/ROS/pages/84901929/Container,Container
/container/layers,https://help.mikrotik.com/docs/spaces/ROS/pages/84901929/Container,Container
/container/log,https://help.mikrotik.com/docs/spaces/ROS/pages/84901929/Container,Container
/container/mounts,https://help.mikrotik.com/docs/spaces/ROS/pages/84901929/Container,Container
/container/mounts/add,https://help.mikrotik.com/docs/spaces/ROS/pages/84901929/Container,Container
/container/mounts/comment,https://help.mikrotik.com/docs/spaces/ROS/pages/84901929/Container,Container
/container/mounts/disable,https://help.mikrotik.com/docs/spaces/ROS/pages/84901929/Container,Container
/container/mounts/edit,https://help.mikrotik.com/docs/spaces/ROS/pages/84901929/Container,Container
/container/mounts/enable,https://help.mikrotik.com/docs/spaces/ROS/pages/84901929/Container,Container
/container/mounts/export,https://help.mikrotik.com/docs/spaces/ROS/pages/84901929/Container,Container
/container/mounts/find,https://help.mikrotik.com/docs/spaces/ROS/pages/84901929/Container,Container
/container/mounts/get,https://help.mikrotik.com/docs/spaces/ROS/pages/84901929/Container,Container
/container/mounts/print,https://help.mikrotik.com/docs/spaces/ROS/pages/84901929/Container,Container
/container/mounts/remove,https://help.mikrotik.com/docs/spaces/ROS/pages/84901929/Container,Container
/container/mounts/reset,https://help.mikrotik.com/docs/spaces/ROS/pages/84901929/Container,Container
/container/mounts/set,https://help.mikrotik.com/docs/spaces/ROS/pages/84901929/Container,Container
/container/print,https://help.mikrotik.com/docs/spaces/ROS/pages/84901929/Container,Container
/container/remove,https://help.mikrotik.com/docs/spaces/ROS/pages/84901929/Container,Container
/container/repull,https://help.mikrotik.com/docs/spaces/ROS/pages/84901929/Container,Container
/container/reset,https://help.mikrotik.com/docs/spaces/ROS/pages/84901929/Container,Container
/container/run,https://help.mikrotik.com/docs/spaces/ROS/pages/84901929/Container,Container
/container/set,https://help.mikrotik.com/docs/spaces/ROS/pages/84901929/Container,Container
/container/shell,https://help.mikrotik.com/docs/spaces/ROS/pages/84901929/Container,Container
/container/start,https://help.mikrotik.com/docs/spaces/ROS/pages/84901929/Container,Container
/container/stop,https://help.mikrotik.com/docs/spaces/ROS/pages/84901929/Container,Container
/container/unset,https://help.mikrotik.com/docs/spaces/ROS/pages/84901929/Container,Container
/container/update,https://help.mikrotik.com/docs/spaces/ROS/pages/84901929/Container,Container
/disk,https://help.mikrotik.com/docs/spaces/ROS/pages/91193346/Disks,Disks
/disk/add,https://help.mikrotik.com/docs/spaces/ROS/pages/91193346/Disks,Disks
/disk/blink,https://help.mikrotik.com/docs/spaces/ROS/pages/91193346/Disks,Disks
/disk/btrfs,https://help.mikrotik.com/docs/spaces/ROS/pages/91193346/Disks,Disks
/disk/btrfs/filesystem,https://help.mikrotik.com/docs/spaces/ROS/pages/295239711/Btrfs,Btrfs
/disk/btrfs/filesystem/add-device,https://help.mikrotik.com/docs/spaces/ROS/pages/295239711/Btrfs,Btrfs
/disk/btrfs/filesystem/balance-cancel,https://help.mikrotik.com/docs/spaces/ROS/pages/295239711/Btrfs,Btrfs
/disk/btrfs/filesystem/balance-start,https://help.mikrotik.com/docs/spaces/ROS/pages/295239711/Btrfs,Btrfs
/disk/btrfs/filesystem/edit,https://help.mikrotik.com/docs/spaces/ROS/pages/295239711/Btrfs,Btrfs
/disk/btrfs/filesystem/find,https://help.mikrotik.com/docs/spaces/ROS/pages/295239711/Btrfs,Btrfs
/disk/btrfs/filesystem/get,https://help.mikrotik.com/docs/spaces/ROS/pages/295239711/Btrfs,Btrfs
/disk/btrfs/filesystem/print,https://help.mikrotik.com/docs/spaces/ROS/pages/295239711/Btrfs,Btrfs
/disk/btrfs/filesystem/remove-device,https://help.mikrotik.com/docs/spaces/ROS/pages/295239711/Btrfs,Btrfs
/disk/btrfs/filesystem/replace-cancel,https://help.mikrotik.com/docs/spaces/ROS/pages/295239711/Btrfs,Btrfs
/disk/btrfs/filesystem/replace-device,https://help.mikrotik.com/docs/spaces/ROS/pages/295239711/Btrfs,Btrfs
/disk/btrfs/filesystem/reset,https://help.mikrotik.com/docs/spaces/ROS/pages/295239711/Btrfs,Btrfs
/disk/btrfs/filesystem/reset-counters,https://help.mikrotik.com/docs/spaces/ROS/pages/295239711/Btrfs,Btrfs
/disk/btrfs/filesystem/scrub-cancel,https://help.mikrotik.com/docs/spaces/ROS/pages/295239711/Btrfs,Btrfs
/disk/btrfs/filesystem/scrub-start,https://help.mikrotik.com/docs/spaces/ROS/pages/295239711/Btrfs,Btrfs
/disk/btrfs/filesystem/set,https://help.mikrotik.com/docs/spaces/ROS/pages/295239711/Btrfs,Btrfs
/disk/btrfs/subvolume,https://help.mikrotik.com/docs/spaces/ROS/pages/295239711/Btrfs,Btrfs
/disk/btrfs/subvolume/add,https://help.mikrotik.com/docs/spaces/ROS/pages/295239711/Btrfs,Btrfs
/disk/btrfs/subvolume/edit,https://help.mikrotik.com/docs/spaces/ROS/pages/295239711/Btrfs,Btrfs
/disk/btrfs/subvolume/find,https://help.mikrotik.com/docs/spaces/ROS/pages/295239711/Btrfs,Btrfs
/disk/btrfs/subvolume/get,https://help.mikrotik.com/docs/spaces/ROS/pages/295239711/Btrfs,Btrfs
/disk/btrfs/subvolume/print,https://help.mikrotik.com/docs/spaces/ROS/pages/295239711/Btrfs,Btrfs
/disk/btrfs/subvolume/remove,https://help.mikrotik.com/docs/spaces/ROS/pages/295239711/Btrfs,Btrfs
/disk/btrfs/subvolume/reset,https://help.mikrotik.com/docs/spaces/ROS/pages/295239711/Btrfs,Btrfs
/disk/btrfs/subvolume/set,https://help.mikrotik.com/docs/spaces/ROS/pages/295239711/Btrfs,Btrfs
/disk/btrfs/transfer,https://help.mikrotik.com/docs/spaces/ROS/pages/295239711/Btrfs,Btrfs
/disk/btrfs/transfer/add,https://help.mikrotik.com/docs/spaces/ROS/pages/295239711/Btrfs,Btrfs
/disk/btrfs/transfer/find,https://help.mikrotik.com/docs/spaces/ROS/pages/295239711/Btrfs,Btrfs
/disk/btrfs/transfer/get,https://help.mikrotik.com/docs/spaces/ROS/pages/295239711/Btrfs,Btrfs
/disk/btrfs/transfer/print,https://help.mikrotik.com/docs/spaces/ROS/pages/295239711/Btrfs,Btrfs
/disk/btrfs/transfer/remove,https://help.mikrotik.com/docs/spaces/ROS/pages/295239711/Btrfs,Btrfs
/disk/btrfs/transfer/reset,https://help.mikrotik.com/docs/spaces/ROS/pages/295239711/Btrfs,Btrfs
/disk/comment,https://help.mikrotik.com/docs/spaces/ROS/pages/91193346/Disks,Disks
/disk/copy,https://help.mikrotik.com/docs/spaces/ROS/pages/91193346/Disks,Disks
/disk/disable,https://help.mikrotik.com/docs/spaces/ROS/pages/91193346/Disks,Disks
/disk/edit,https://help.mikrotik.com/docs/spaces/ROS/pages/91193346/Disks,Disks
/disk/eject,https://help.mikrotik.com/docs/spaces/ROS/pages/91193346/Disks,Disks
/disk/enable,https://help.mikrotik.com/docs/spaces/ROS/pages/91193346/Disks,Disks
/disk/export,https://help.mikrotik.com/docs/spaces/ROS/pages/91193346/Disks,Disks
/disk/find,https://help.mikrotik.com/docs/spaces/ROS/pages/91193346/Disks,Disks
/disk/format,https://help.mikrotik.com/docs/spaces/ROS/pages/91193346/Disks,Disks
/disk/get,https://help.mikrotik.com/docs/spaces/ROS/pages/91193346/Disks,Disks
/disk/monitor-traffic,https://help.mikrotik.com/docs/spaces/ROS/pages/91193346/Disks,Disks
/disk/nvme-discover,https://help.mikrotik.com/docs/spaces/ROS/pages/91193346/Disks,Disks
/disk/print,https://help.mikrotik.com/docs/spaces/ROS/pages/91193346/Disks,Disks
/disk/raid-scrub,https://help.mikrotik.com/docs/spaces/ROS/pages/91193346/Disks,Disks
/disk/remove,https://help.mikrotik.com/docs/spaces/ROS/pages/91193346/Disks,Disks
/disk/reset,https://help.mikrotik.com/docs/spaces/ROS/pages/91193346/Disks,Disks
/disk/reset-counters,https://help.mikrotik.com/docs/spaces/ROS/pages/91193346/Disks,Disks
/disk/scan,https://help.mikrotik.com/docs/spaces/ROS/pages/91193346/Disks,Disks
/disk/set,https://help.mikrotik.com/docs/spaces/ROS/pages/91193346/Disks,Disks
/disk/settings,https://help.mikrotik.com/docs/spaces/ROS/pages/91193346/Disks,Disks
/disk/test,https://help.mikrotik.com/docs/spaces/ROS/pages/91193346/Disks,Disks
/disk/trim,https://help.mikrotik.com/docs/spaces/ROS/pages/91193346/Disks,Disks
/disk/unset,https://help.mikrotik.com/docs/spaces/ROS/pages/91193346/Disks,Disks
/file,https://help.mikrotik.com/docs/spaces/ROS/pages/328142/Upgrading%2Band%2Binstallation,"Upgrading and installation"
/file/add,https://help.mikrotik.com/docs/spaces/ROS/pages/328142/Upgrading%2Band%2Binstallation,"Upgrading and installation"
/file/edit,https://help.mikrotik.com/docs/spaces/ROS/pages/328142/Upgrading%2Band%2Binstallation,"Upgrading and installation"
/file/export,https://help.mikrotik.com/docs/spaces/ROS/pages/328142/Upgrading%2Band%2Binstallation,"Upgrading and installation"
/file/find,https://help.mikrotik.com/docs/spaces/ROS/pages/328142/Upgrading%2Band%2Binstallation,"Upgrading and installation"
/file/get,https://help.mikrotik.com/docs/spaces/ROS/pages/328142/Upgrading%2Band%2Binstallation,"Upgrading and installation"
/file/print,https://help.mikrotik.com/docs/spaces/ROS/pages/328142/Upgrading%2Band%2Binstallation,"Upgrading and installation"
/file/read,https://help.mikrotik.com/docs/spaces/ROS/pages/328142/Upgrading%2Band%2Binstallation,"Upgrading and installation"
/file/recursive-print,https://help.mikrotik.com/docs/spaces/ROS/pages/328142/Upgrading%2Band%2Binstallation,"Upgrading and installation"
/file/remove,https://help.mikrotik.com/docs/spaces/ROS/pages/328142/Upgrading%2Band%2Binstallation,"Upgrading and installation"
/file/reset,https://help.mikrotik.com/docs/spaces/ROS/pages/328142/Upgrading%2Band%2Binstallation,"Upgrading and installation"
/file/rsync-daemon,https://help.mikrotik.com/docs/spaces/ROS/pages/328142/Upgrading%2Band%2Binstallation,"Upgrading and installation"
/file/set,https://help.mikrotik.com/docs/spaces/ROS/pages/328142/Upgrading%2Band%2Binstallation,"Upgrading and installation"
/file/sync,https://help.mikrotik.com/docs/spaces/ROS/pages/259031065/ROSE-storage,ROSE-storage
/file/sync/add,https://help.mikrotik.com/docs/spaces/ROS/pages/259031065/ROSE-storage,ROSE-storage
/file/sync/comment,https://help.mikrotik.com/docs/spaces/ROS/pages/259031065/ROSE-storage,ROSE-storage
/file/sync/disable,https://help.mikrotik.com/docs/spaces/ROS/pages/259031065/ROSE-storage,ROSE-storage
/file/sync/edit,https://help.mikrotik.com/docs/spaces/ROS/pages/259031065/ROSE-storage,ROSE-storage
/file/sync/enable,https://help.mikrotik.com/docs/spaces/ROS/pages/259031065/ROSE-storage,ROSE-storage
/file/sync/export,https://help.mikrotik.com/docs/spaces/ROS/pages/259031065/ROSE-storage,ROSE-storage
/file/sync/find,https://help.mikrotik.com/docs/spaces/ROS/pages/259031065/ROSE-storage,ROSE-storage
/file/sync/get,https://help.mikrotik.com/docs/spaces/ROS/pages/259031065/ROSE-storage,ROSE-storage
/file/sync/monitor,https://help.mikrotik.com/docs/spaces/ROS/pages/259031065/ROSE-storage,ROSE-storage
/file/sync/print,https://help.mikrotik.com/docs/spaces/ROS/pages/259031065/ROSE-storage,ROSE-storage
/file/sync/remove,https://help.mikrotik.com/docs/spaces/ROS/pages/259031065/ROSE-storage,ROSE-storage
/file/sync/reset,https://help.mikrotik.com/docs/spaces/ROS/pages/259031065/ROSE-storage,ROSE-storage
/file/sync/set,https://help.mikrotik.com/docs/spaces/ROS/pages/259031065/ROSE-storage,ROSE-storage
/interface,https://help.mikrotik.com/docs/spaces/ROS/pages/328068/Bridging%2Band%2BSwitching,"Bridging and Switching"
/interface/6to4,https://help.mikrotik.com/docs/spaces/ROS/pages/328068/Bridging%2Band%2BSwitching,"Bridging and Switching"
/interface/blink,https://help.mikrotik.com/docs/spaces/ROS/pages/328068/Bridging%2Band%2BSwitching,"Bridging and Switching"
/interface/bonding,https://help.mikrotik.com/docs/spaces/ROS/pages/8323193/Bonding,Bonding
/interface/bonding/add,https://help.mikrotik.com/docs/spaces/ROS/pages/8323193/Bonding,Bonding
/interface/bonding/comment,https://help.mikrotik.com/docs/spaces/ROS/pages/8323193/Bonding,Bonding
/interface/bonding/disable,https://help.mikrotik.com/docs/spaces/ROS/pages/8323193/Bonding,Bonding
/interface/bonding/edit,https://help.mikrotik.com/docs/spaces/ROS/pages/8323193/Bonding,Bonding
/interface/bonding/enable,https://help.mikrotik.com/docs/spaces/ROS/pages/8323193/Bonding,Bonding
/interface/bonding/export,https://help.mikrotik.com/docs/spaces/ROS/pages/8323193/Bonding,Bonding
/interface/bonding/find,https://help.mikrotik.com/docs/spaces/ROS/pages/8323193/Bonding,Bonding
/interface/bonding/get,https://help.mikrotik.com/docs/spaces/ROS/pages/8323193/Bonding,Bonding
/interface/bonding/monitor,https://help.mikrotik.com/docs/spaces/ROS/pages/8323193/Bonding,Bonding
/interface/bonding/monitor-slaves,https://help.mikrotik.com/docs/spaces/ROS/pages/8323193/Bonding,Bonding
/interface/bonding/print,https://help.mikrotik.com/docs/spaces/ROS/pages/8323193/Bonding,Bonding
/interface/bonding/remove,https://help.mikrotik.com/docs/spaces/ROS/pages/8323193/Bonding,Bonding
/interface/bonding/reset,https://help.mikrotik.com/docs/spaces/ROS/pages/8323193/Bonding,Bonding
/interface/bonding/set,https://help.mikrotik.com/docs/spaces/ROS/pages/8323193/Bonding,Bonding
/interface/bonding/unset,https://help.mikrotik.com/docs/spaces/ROS/pages/8323193/Bonding,Bonding
/interface/bridge,https://help.mikrotik.com/docs/spaces/ROS/pages/328068/Bridging%2Band%2BSwitching,"Bridging and Switching"
/interface/bridge/add,https://help.mikrotik.com/docs/spaces/ROS/pages/328068/Bridging%2Band%2BSwitching,"Bridging and Switching"
/interface/bridge/calea,https://help.mikrotik.com/docs/spaces/ROS/pages/328068/Bridging%2Band%2BSwitching,"Bridging and Switching"
/interface/bridge/comment,https://help.mikrotik.com/docs/spaces/ROS/pages/328068/Bridging%2Band%2BSwitching,"Bridging and Switching"
/interface/bridge/disable,https://help.mikrotik.com/docs/spaces/ROS/pages/328068/Bridging%2Band%2BSwitching,"Bridging and Switching"
/interface/bridge/edit,https://help.mikrotik.com/docs/spaces/ROS/pages/328068/Bridging%2Band%2BSwitching,"Bridging and Switching"
/interface/bridge/enable,https://help.mikrotik.com/docs/spaces/ROS/pages/328068/Bridging%2Band%2BSwitching,"Bridging and Switching"
/interface/bridge/export,https://help.mikrotik.com/docs/spaces/ROS/pages/328068/Bridging%2Band%2BSwitching,"Bridging and Switching"
/interface/bridge/filter,https://help.mikrotik.com/docs/spaces/ROS/pages/19136718/Layer2%2Bmisconfiguration,"Layer2 misconfiguration"
/interface/bridge/filter/add,https://help.mikrotik.com/docs/spaces/ROS/pages/19136718/Layer2%2Bmisconfiguration,"Layer2 misconfiguration"
/interface/bridge/filter/comment,https://help.mikrotik.com/docs/spaces/ROS/pages/19136718/Layer2%2Bmisconfiguration,"Layer2 misconfiguration"
/interface/bridge/filter/disable,https://help.mikrotik.com/docs/spaces/ROS/pages/19136718/Layer2%2Bmisconfiguration,"Layer2 misconfiguration"
/interface/bridge/filter/edit,https://help.mikrotik.com/docs/spaces/ROS/pages/19136718/Layer2%2Bmisconfiguration,"Layer2 misconfiguration"
/interface/bridge/filter/enable,https://help.mikrotik.com/docs/spaces/ROS/pages/19136718/Layer2%2Bmisconfiguration,"Layer2 misconfiguration"
/interface/bridge/filter/export,https://help.mikrotik.com/docs/spaces/ROS/pages/19136718/Layer2%2Bmisconfiguration,"Layer2 misconfiguration"
/interface/bridge/filter/find,https://help.mikrotik.com/docs/spaces/ROS/pages/19136718/Layer2%2Bmisconfiguration,"Layer2 misconfiguration"
/interface/bridge/filter/get,https://help.mikrotik.com/docs/spaces/ROS/pages/19136718/Layer2%2Bmisconfiguration,"Layer2 misconfiguration"
/interface/bridge/filter/move,https://help.mikrotik.com/docs/spaces/ROS/pages/19136718/Layer2%2Bmisconfiguration,"Layer2 misconfiguration"
/interface/bridge/filter/print,https://help.mikrotik.com/docs/spaces/ROS/pages/19136718/Layer2%2Bmisconfiguration,"Layer2 misconfiguration"
/interface/bridge/filter/remove,https://help.mikrotik.com/docs/spaces/ROS/pages/19136718/Layer2%2Bmisconfiguration,"Layer2 misconfiguration"
/interface/bridge/filter/reset,https://help.mikrotik.com/docs/spaces/ROS/pages/19136718/Layer2%2Bmisconfiguration,"Layer2 misconfiguration"
/interface/bridge/filter/reset-counters,https://help.mikrotik.com/docs/spaces/ROS/pages/19136718/Layer2%2Bmisconfiguration,"Layer2 misconfiguration"
/interface/bridge/filter/reset-counters-all,https://help.mikrotik.com/docs/spaces/ROS/pages/19136718/Layer2%2Bmisconfiguration,"Layer2 misconfiguration"
/interface/bridge/filter/set,https://help.mikrotik.com/docs/spaces/ROS/pages/19136718/Layer2%2Bmisconfiguration,"Layer2 misconfiguration"
/interface/bridge/filter/unset,https://help.mikrotik.com/docs/spaces/ROS/pages/19136718/Layer2%2Bmisconfiguration,"Layer2 misconfiguration"
/interface/bridge/find,https://help.mikrotik.com/docs/spaces/ROS/pages/328068/Bridging%2Band%2BSwitching,"Bridging and Switching"
/interface/bridge/get,https://help.mikrotik.com/docs/spaces/ROS/pages/328068/Bridging%2Band%2BSwitching,"Bridging and Switching"
/interface/bridge/host,https://help.mikrotik.com/docs/spaces/ROS/pages/328068/Bridging%2Band%2BSwitching,"Bridging and Switching"
/interface/bridge/host/add,https://help.mikrotik.com/docs/spaces/ROS/pages/328068/Bridging%2Band%2BSwitching,"Bridging and Switching"
/interface/bridge/host/comment,https://help.mikrotik.com/docs/spaces/ROS/pages/328068/Bridging%2Band%2BSwitching,"Bridging and Switching"
/interface/bridge/host/disable,https://help.mikrotik.com/docs/spaces/ROS/pages/328068/Bridging%2Band%2BSwitching,"Bridging and Switching"
/interface/bridge/host/edit,https://help.mikrotik.com/docs/spaces/ROS/pages/328068/Bridging%2Band%2BSwitching,"Bridging and Switching"
/interface/bridge/host/enable,https://help.mikrotik.com/docs/spaces/ROS/pages/328068/Bridging%2Band%2BSwitching,"Bridging and Switching"
/interface/bridge/host/export,https://help.mikrotik.com/docs/spaces/ROS/pages/328068/Bridging%2Band%2BSwitching,"Bridging and Switching"
/interface/bridge/host/find,https://help.mikrotik.com/docs/spaces/ROS/pages/328068/Bridging%2Band%2BSwitching,"Bridging and Switching"
/interface/bridge/host/get,https://help.mikrotik.com/docs/spaces/ROS/pages/328068/Bridging%2Band%2BSwitching,"Bridging and Switching"
/interface/bridge/host/print,https://help.mikrotik.com/docs/spaces/ROS/pages/328068/Bridging%2Band%2BSwitching,"Bridging and Switching"
/interface/bridge/host/remove,https://help.mikrotik.com/docs/spaces/ROS/pages/328068/Bridging%2Band%2BSwitching,"Bridging and Switching"
/interface/bridge/host/reset,https://help.mikrotik.com/docs/spaces/ROS/pages/328068/Bridging%2Band%2BSwitching,"Bridging and Switching"
/interface/bridge/host/set,https://help.mikrotik.com/docs/spaces/ROS/pages/328068/Bridging%2Band%2BSwitching,"Bridging and Switching"
/interface/bridge/host/unset,https://help.mikrotik.com/docs/spaces/ROS/pages/328068/Bridging%2Band%2BSwitching,"Bridging and Switching"
/interface/bridge/mdb,https://help.mikrotik.com/docs/spaces/ROS/pages/328068/Bridging%2Band%2BSwitching,"Bridging and Switching"
/interface/bridge/mdb/add,https://help.mikrotik.com/docs/spaces/ROS/pages/328068/Bridging%2Band%2BSwitching,"Bridging and Switching"
/interface/bridge/mdb/comment,https://help.mikrotik.com/docs/spaces/ROS/pages/328068/Bridging%2Band%2BSwitching,"Bridging and Switching"
/interface/bridge/mdb/disable,https://help.mikrotik.com/docs/spaces/ROS/pages/328068/Bridging%2Band%2BSwitching,"Bridging and Switching"
/interface/bridge/mdb/edit,https://help.mikrotik.com/docs/spaces/ROS/pages/328068/Bridging%2Band%2BSwitching,"Bridging and Switching"
/interface/bridge/mdb/enable,https://help.mikrotik.com/docs/spaces/ROS/pages/328068/Bridging%2Band%2BSwitching,"Bridging and Switching"
/interface/bridge/mdb/export,https://help.mikrotik.com/docs/spaces/ROS/pages/328068/Bridging%2Band%2BSwitching,"Bridging and Switching"
/interface/bridge/mdb/find,https://help.mikrotik.com/docs/spaces/ROS/pages/328068/Bridging%2Band%2BSwitching,"Bridging and Switching"
/interface/bridge/mdb/get,https://help.mikrotik.com/docs/spaces/ROS/pages/328068/Bridging%2Band%2BSwitching,"Bridging and Switching"
/interface/bridge/mdb/print,https://help.mikrotik.com/docs/spaces/ROS/pages/328068/Bridging%2Band%2BSwitching,"Bridging and Switching"
/interface/bridge/mdb/remove,https://help.mikrotik.com/docs/spaces/ROS/pages/328068/Bridging%2Band%2BSwitching,"Bridging and Switching"
/interface/bridge/mdb/reset,https://help.mikrotik.com/docs/spaces/ROS/pages/328068/Bridging%2Band%2BSwitching,"Bridging and Switching"
/interface/bridge/mdb/set,https://help.mikrotik.com/docs/spaces/ROS/pages/328068/Bridging%2Band%2BSwitching,"Bridging and Switching"
/interface/bridge/mdb/unset,https://help.mikrotik.com/docs/spaces/ROS/pages/328068/Bridging%2Band%2BSwitching,"Bridging and Switching"
/interface/bridge/monitor,https://help.mikrotik.com/docs/spaces/ROS/pages/328068/Bridging%2Band%2BSwitching,"Bridging and Switching"
/interface/bridge/msti,https://help.mikrotik.com/docs/spaces/ROS/pages/21725254/Spanning%2BTree%2BProtocol,"Spanning Tree Protocol"
/interface/bridge/msti/add,https://help.mikrotik.com/docs/spaces/ROS/pages/21725254/Spanning%2BTree%2BProtocol,"Spanning Tree Protocol"
/interface/bridge/msti/comment,https://help.mikrotik.com/docs/spaces/ROS/pages/21725254/Spanning%2BTree%2BProtocol,"Spanning Tree Protocol"
/interface/bridge/msti/disable,https://help.mikrotik.com/docs/spaces/ROS/pages/21725254/Spanning%2BTree%2BProtocol,"Spanning Tree Protocol"
/interface/bridge/msti/edit,https://help.mikrotik.com/docs/spaces/ROS/pages/21725254/Spanning%2BTree%2BProtocol,"Spanning Tree Protocol"
/interface/bridge/msti/enable,https://help.mikrotik.com/docs/spaces/ROS/pages/21725254/Spanning%2BTree%2BProtocol,"Spanning Tree Protocol"
/interface/bridge/msti/export,https://help.mikrotik.com/docs/spaces/ROS/pages/21725254/Spanning%2BTree%2BProtocol,"Spanning Tree Protocol"
/interface/bridge/msti/find,https://help.mikrotik.com/docs/spaces/ROS/pages/21725254/Spanning%2BTree%2BProtocol,"Spanning Tree Protocol"
/interface/bridge/msti/get,https://help.mikrotik.com/docs/spaces/ROS/pages/21725254/Spanning%2BTree%2BProtocol,"Spanning Tree Protocol"
/interface/bridge/msti/monitor,https://help.mikrotik.com/docs/spaces/ROS/pages/21725254/Spanning%2BTree%2BProtocol,"Spanning Tree Protocol"
/interface/bridge/msti/print,https://help.mikrotik.com/docs/spaces/ROS/pages/21725254/Spanning%2BTree%2BProtocol,"Spanning Tree Protocol"
/interface/bridge/msti/remove,https://help.mikrotik.com/docs/spaces/ROS/pages/21725254/Spanning%2BTree%2BProtocol,"Spanning Tree Protocol"
/interface/bridge/msti/reset,https://help.mikrotik.com/docs/spaces/ROS/pages/21725254/Spanning%2BTree%2BProtocol,"Spanning Tree Protocol"
/interface/bridge/msti/set,https://help.mikrotik.com/docs/spaces/ROS/pages/21725254/Spanning%2BTree%2BProtocol,"Spanning Tree Protocol"
/interface/bridge/nat,https://help.mikrotik.com/docs/spaces/ROS/pages/328068/Bridging%2Band%2BSwitching,"Bridging and Switching"
/interface/bridge/port,https://help.mikrotik.com/docs/spaces/ROS/pages/328068/Bridging%2Band%2BSwitching,"Bridging and Switching"
/interface/bridge/port/add,https://help.mikrotik.com/docs/spaces/ROS/pages/328068/Bridging%2Band%2BSwitching,"Bridging and Switching"
/interface/bridge/port/comment,https://help.mikrotik.com/docs/spaces/ROS/pages/328068/Bridging%2Band%2BSwitching,"Bridging and Switching"
/interface/bridge/port/disable,https://help.mikrotik.com/docs/spaces/ROS/pages/328068/Bridging%2Band%2BSwitching,"Bridging and Switching"
/interface/bridge/port/edit,https://help.mikrotik.com/docs/spaces/ROS/pages/328068/Bridging%2Band%2BSwitching,"Bridging and Switching"
/interface/bridge/port/enable,https://help.mikrotik.com/docs/spaces/ROS/pages/328068/Bridging%2Band%2BSwitching,"Bridging and Switching"
/interface/bridge/port/export,https://help.mikrotik.com/docs/spaces/ROS/pages/328068/Bridging%2Band%2BSwitching,"Bridging and Switching"
/interface/bridge/port/find,https://help.mikrotik.com/docs/spaces/ROS/pages/328068/Bridging%2Band%2BSwitching,"Bridging and Switching"
/interface/bridge/port/get,https://help.mikrotik.com/docs/spaces/ROS/pages/328068/Bridging%2Band%2BSwitching,"Bridging and Switching"
/interface/bridge/port/monitor,https://help.mikrotik.com/docs/spaces/ROS/pages/328068/Bridging%2Band%2BSwitching,"Bridging and Switching"
/interface/bridge/port/move,https://help.mikrotik.com/docs/spaces/ROS/pages/328068/Bridging%2Band%2BSwitching,"Bridging and Switching"
/interface/bridge/port/mst-override,https://help.mikrotik.com/docs/spaces/ROS/pages/21725254/Spanning%2BTree%2BProtocol,"Spanning Tree Protocol"
/interface/bridge/port/mst-override/add,https://help.mikrotik.com/docs/spaces/ROS/pages/21725254/Spanning%2BTree%2BProtocol,"Spanning Tree Protocol"
/interface/bridge/port/mst-override/comment,https://help.mikrotik.com/docs/spaces/ROS/pages/21725254/Spanning%2BTree%2BProtocol,"Spanning Tree Protocol"
/interface/bridge/port/mst-override/disable,https://help.mikrotik.com/docs/spaces/ROS/pages/21725254/Spanning%2BTree%2BProtocol,"Spanning Tree Protocol"
/interface/bridge/port/mst-override/edit,https://help.mikrotik.com/docs/spaces/ROS/pages/21725254/Spanning%2BTree%2BProtocol,"Spanning Tree Protocol"
/interface/bridge/port/mst-override/enable,https://help.mikrotik.com/docs/spaces/ROS/pages/21725254/Spanning%2BTree%2BProtocol,"Spanning Tree Protocol"
/interface/bridge/port/mst-override/export,https://help.mikrotik.com/docs/spaces/ROS/pages/21725254/Spanning%2BTree%2BProtocol,"Spanning Tree Protocol"
/interface/bridge/port/mst-override/find,https://help.mikrotik.com/docs/spaces/ROS/pages/21725254/Spanning%2BTree%2BProtocol,"Spanning Tree Protocol"
/interface/bridge/port/mst-override/get,https://help.mikrotik.com/docs/spaces/ROS/pages/21725254/Spanning%2BTree%2BProtocol,"Spanning Tree Protocol"
/interface/bridge/port/mst-override/monitor,https://help.mikrotik.com/docs/spaces/ROS/pages/21725254/Spanning%2BTree%2BProtocol,"Spanning Tree Protocol"
/interface/bridge/port/mst-override/print,https://help.mikrotik.com/docs/spaces/ROS/pages/21725254/Spanning%2BTree%2BProtocol,"Spanning Tree Protocol"
/interface/bridge/port/mst-override/remove,https://help.mikrotik.com/docs/spaces/ROS/pages/21725254/Spanning%2BTree%2BProtocol,"Spanning Tree Protocol"
/interface/bridge/port/mst-override/reset,https://help.mikrotik.com/docs/spaces/ROS/pages/21725254/Spanning%2BTree%2BProtocol,"Spanning Tree Protocol"
/interface/bridge/port/mst-override/set,https://help.mikrotik.com/docs/spaces/ROS/pages/21725254/Spanning%2BTree%2BProtocol,"Spanning Tree Protocol"
/interface/bridge/port/mst-override/unset,https://help.mikrotik.com/docs/spaces/ROS/pages/21725254/Spanning%2BTree%2BProtocol,"Spanning Tree Protocol"
/interface/bridge/port/print,https://help.mikrotik.com/docs/spaces/ROS/pages/328068/Bridging%2Band%2BSwitching,"Bridging and Switching"
/interface/bridge/port/remove,https://help.mikrotik.com/docs/spaces/ROS/pages/328068/Bridging%2Band%2BSwitching,"Bridging and Switching"
/interface/bridge/port/reset,https://help.mikrotik.com/docs/spaces/ROS/pages/328068/Bridging%2Band%2BSwitching,"Bridging and Switching"
/interface/bridge/port/set,https://help.mikrotik.com/docs/spaces/ROS/pages/328068/Bridging%2Band%2BSwitching,"Bridging and Switching"
/interface/bridge/port/unset,https://help.mikrotik.com/docs/spaces/ROS/pages/328068/Bridging%2Band%2BSwitching,"Bridging and Switching"
/interface/bridge/print,https://help.mikrotik.com/docs/spaces/ROS/pages/328068/Bridging%2Band%2BSwitching,"Bridging and Switching"
/interface/bridge/remove,https://help.mikrotik.com/docs/spaces/ROS/pages/328068/Bridging%2Band%2BSwitching,"Bridging and Switching"
/interface/bridge/reset,https://help.mikrotik.com/docs/spaces/ROS/pages/328068/Bridging%2Band%2BSwitching,"Bridging and Switching"
/interface/bridge/set,https://help.mikrotik.com/docs/spaces/ROS/pages/328068/Bridging%2Band%2BSwitching,"Bridging and Switching"
/interface/bridge/settings,https://help.mikrotik.com/docs/spaces/ROS/pages/328068/Bridging%2Band%2BSwitching,"Bridging and Switching"
/interface/bridge/settings/edit,https://help.mikrotik.com/docs/spaces/ROS/pages/328068/Bridging%2Band%2BSwitching,"Bridging and Switching"
/interface/bridge/settings/export,https://help.mikrotik.com/docs/spaces/ROS/pages/328068/Bridging%2Band%2BSwitching,"Bridging and Switching"
/interface/bridge/settings/get,https://help.mikrotik.com/docs/spaces/ROS/pages/328068/Bridging%2Band%2BSwitching,"Bridging and Switching"
/interface/bridge/settings/print,https://help.mikrotik.com/docs/spaces/ROS/pages/328068/Bridging%2Band%2BSwitching,"Bridging and Switching"
/interface/bridge/settings/set,https://help.mikrotik.com/docs/spaces/ROS/pages/328068/Bridging%2Band%2BSwitching,"Bridging and Switching"
/interface/bridge/vlan,https://help.mikrotik.com/docs/spaces/ROS/pages/328068/Bridging%2Band%2BSwitching,"Bridging and Switching"
/interface/bridge/vlan/add,https://help.mikrotik.com/docs/spaces/ROS/pages/328068/Bridging%2Band%2BSwitching,"Bridging and Switching"
/interface/bridge/vlan/comment,https://help.mikrotik.com/docs/spaces/ROS/pages/328068/Bridging%2Band%2BSwitching,"Bridging and Switching"
/interface/bridge/vlan/disable,https://help.mikrotik.com/docs/spaces/ROS/pages/328068/Bridging%2Band%2BSwitching,"Bridging and Switching"
/interface/bridge/vlan/edit,https://help.mikrotik.com/docs/spaces/ROS/pages/328068/Bridging%2Band%2BSwitching,"Bridging and Switching"
/interface/bridge/vlan/enable,https://help.mikrotik.com/docs/spaces/ROS/pages/328068/Bridging%2Band%2BSwitching,"Bridging and Switching"
/interface/bridge/vlan/export,https://help.mikrotik.com/docs/spaces/ROS/pages/328068/Bridging%2Band%2BSwitching,"Bridging and Switching"
/interface/bridge/vlan/find,https://help.mikrotik.com/docs/spaces/ROS/pages/328068/Bridging%2Band%2BSwitching,"Bridging and Switching"
/interface/bridge/vlan/get,https://help.mikrotik.com/docs/spaces/ROS/pages/328068/Bridging%2Band%2BSwitching,"Bridging and Switching"
/interface/bridge/vlan/mvrp,https://help.mikrotik.com/docs/spaces/ROS/pages/328068/Bridging%2Band%2BSwitching,"Bridging and Switching"
/interface/bridge/vlan/mvrp/find,https://help.mikrotik.com/docs/spaces/ROS/pages/328068/Bridging%2Band%2BSwitching,"Bridging and Switching"
/interface/bridge/vlan/mvrp/get,https://help.mikrotik.com/docs/spaces/ROS/pages/328068/Bridging%2Band%2BSwitching,"Bridging and Switching"
/interface/bridge/vlan/mvrp/print,https://help.mikrotik.com/docs/spaces/ROS/pages/328068/Bridging%2Band%2BSwitching,"Bridging and Switching"
/interface/bridge/vlan/print,https://help.mikrotik.com/docs/spaces/ROS/pages/328068/Bridging%2Band%2BSwitching,"Bridging and Switching"
/interface/bridge/vlan/remove,https://help.mikrotik.com/docs/spaces/ROS/pages/328068/Bridging%2Band%2BSwitching,"Bridging and Switching"
/interface/bridge/vlan/reset,https://help.mikrotik.com/docs/spaces/ROS/pages/328068/Bridging%2Band%2BSwitching,"Bridging and Switching"
/interface/bridge/vlan/set,https://help.mikrotik.com/docs/spaces/ROS/pages/328068/Bridging%2Band%2BSwitching,"Bridging and Switching"
/interface/comment,https://help.mikrotik.com/docs/spaces/ROS/pages/328068/Bridging%2Band%2BSwitching,"Bridging and Switching"
/interface/detect-internet,https://help.mikrotik.com/docs/spaces/ROS/pages/8323187/Detect%2BInternet,"Detect Internet"
/interface/detect-internet/edit,https://help.mikrotik.com/docs/spaces/ROS/pages/8323187/Detect%2BInternet,"Detect Internet"
/interface/detect-internet/export,https://help.mikrotik.com/docs/spaces/ROS/pages/8323187/Detect%2BInternet,"Detect Internet"
/interface/detect-internet/get,https://help.mikrotik.com/docs/spaces/ROS/pages/8323187/Detect%2BInternet,"Detect Internet"
/interface/detect-internet/print,https://help.mikrotik.com/docs/spaces/ROS/pages/8323187/Detect%2BInternet,"Detect Internet"
/interface/detect-internet/reset,https://help.mikrotik.com/docs/spaces/ROS/pages/8323187/Detect%2BInternet,"Detect Internet"
/interface/detect-internet/set,https://help.mikrotik.com/docs/spaces/ROS/pages/8323187/Detect%2BInternet,"Detect Internet"
/interface/detect-internet/state,https://help.mikrotik.com/docs/spaces/ROS/pages/8323187/Detect%2BInternet,"Detect Internet"
/interface/disable,https://help.mikrotik.com/docs/spaces/ROS/pages/328068/Bridging%2Band%2BSwitching,"Bridging and Switching"
/interface/dot1x,https://help.mikrotik.com/docs/spaces/ROS/pages/328090/Dot1X,Dot1X
/interface/dot1x/client,https://help.mikrotik.com/docs/spaces/ROS/pages/328090/Dot1X,Dot1X
/interface/dot1x/client/add,https://help.mikrotik.com/docs/spaces/ROS/pages/328090/Dot1X,Dot1X
/interface/dot1x/client/comment,https://help.mikrotik.com/docs/spaces/ROS/pages/328090/Dot1X,Dot1X
/interface/dot1x/client/disable,https://help.mikrotik.com/docs/spaces/ROS/pages/328090/Dot1X,Dot1X
/interface/dot1x/client/edit,https://help.mikrotik.com/docs/spaces/ROS/pages/328090/Dot1X,Dot1X
/interface/dot1x/client/enable,https://help.mikrotik.com/docs/spaces/ROS/pages/328090/Dot1X,Dot1X
/interface/dot1x/client/export,https://help.mikrotik.com/docs/spaces/ROS/pages/328090/Dot1X,Dot1X
/interface/dot1x/client/find,https://help.mikrotik.com/docs/spaces/ROS/pages/328090/Dot1X,Dot1X
/interface/dot1x/client/get,https://help.mikrotik.com/docs/spaces/ROS/pages/328090/Dot1X,Dot1X
/interface/dot1x/client/print,https://help.mikrotik.com/docs/spaces/ROS/pages/328090/Dot1X,Dot1X
/interface/dot1x/client/remove,https://help.mikrotik.com/docs/spaces/ROS/pages/328090/Dot1X,Dot1X
/interface/dot1x/client/reset,https://help.mikrotik.com/docs/spaces/ROS/pages/328090/Dot1X,Dot1X
/interface/dot1x/client/set,https://help.mikrotik.com/docs/spaces/ROS/pages/328090/Dot1X,Dot1X
/interface/dot1x/export,https://help.mikrotik.com/docs/spaces/ROS/pages/328090/Dot1X,Dot1X
/interface/dot1x/server,https://help.mikrotik.com/docs/spaces/ROS/pages/328090/Dot1X,Dot1X
/interface/dot1x/server/active,https://help.mikrotik.com/docs/spaces/ROS/pages/328090/Dot1X,Dot1X
/interface/dot1x/server/active/add,https://help.mikrotik.com/docs/spaces/ROS/pages/328090/Dot1X,Dot1X
/interface/dot1x/server/active/find,https://help.mikrotik.com/docs/spaces/ROS/pages/328090/Dot1X,Dot1X
/interface/dot1x/server/active/get,https://help.mikrotik.com/docs/spaces/ROS/pages/328090/Dot1X,Dot1X
/interface/dot1x/server/active/print,https://help.mikrotik.com/docs/spaces/ROS/pages/328090/Dot1X,Dot1X
/interface/dot1x/server/active/remove,https://help.mikrotik.com/docs/spaces/ROS/pages/328090/Dot1X,Dot1X
/interface/dot1x/server/add,https://help.mikrotik.com/docs/spaces/ROS/pages/328090/Dot1X,Dot1X
/interface/dot1x/server/comment,https://help.mikrotik.com/docs/spaces/ROS/pages/328090/Dot1X,Dot1X
/interface/dot1x/server/disable,https://help.mikrotik.com/docs/spaces/ROS/pages/328090/Dot1X,Dot1X
/interface/dot1x/server/edit,https://help.mikrotik.com/docs/spaces/ROS/pages/328090/Dot1X,Dot1X
/interface/dot1x/server/enable,https://help.mikrotik.com/docs/spaces/ROS/pages/328090/Dot1X,Dot1X
/interface/dot1x/server/export,https://help.mikrotik.com/docs/spaces/ROS/pages/328090/Dot1X,Dot1X
/interface/dot1x/server/find,https://help.mikrotik.com/docs/spaces/ROS/pages/328090/Dot1X,Dot1X
/interface/dot1x/server/get,https://help.mikrotik.com/docs/spaces/ROS/pages/328090/Dot1X,Dot1X
/interface/dot1x/server/print,https://help.mikrotik.com/docs/spaces/ROS/pages/328090/Dot1X,Dot1X
/interface/dot1x/server/remove,https://help.mikrotik.com/docs/spaces/ROS/pages/328090/Dot1X,Dot1X
/interface/dot1x/server/reset,https://help.mikrotik.com/docs/spaces/ROS/pages/328090/Dot1X,Dot1X
/interface/dot1x/server/set,https://help.mikrotik.com/docs/spaces/ROS/pages/328090/Dot1X,Dot1X
/interface/dot1x/server/state,https://help.mikrotik.com/docs/spaces/ROS/pages/328090/Dot1X,Dot1X
/interface/dot1x/server/unset,https://help.mikrotik.com/docs/spaces/ROS/pages/328090/Dot1X,Dot1X
/interface/edit,https://help.mikrotik.com/docs/spaces/ROS/pages/328068/Bridging%2Band%2BSwitching,"Bridging and Switching"
/interface/enable,https://help.mikrotik.com/docs/spaces/ROS/pages/328068/Bridging%2Band%2BSwitching,"Bridging and Switching"
/interface/eoip,https://help.mikrotik.com/docs/spaces/ROS/pages/328206/Virtual%2BRouting%2Band%2BForwarding%2B-%2BVRF,"Virtual Routing and Forwarding - VRF"
/interface/eoip/add,https://help.mikrotik.com/docs/spaces/ROS/pages/328206/Virtual%2BRouting%2Band%2BForwarding%2B-%2BVRF,"Virtual Routing and Forwarding - VRF"
/interface/eoip/comment,https://help.mikrotik.com/docs/spaces/ROS/pages/328206/Virtual%2BRouting%2Band%2BForwarding%2B-%2BVRF,"Virtual Routing and Forwarding - VRF"
/interface/eoip/disable,https://help.mikrotik.com/docs/spaces/ROS/pages/328206/Virtual%2BRouting%2Band%2BForwarding%2B-%2BVRF,"Virtual Routing and Forwarding - VRF"
/interface/eoip/edit,https://help.mikrotik.com/docs/spaces/ROS/pages/328206/Virtual%2BRouting%2Band%2BForwarding%2B-%2BVRF,"Virtual Routing and Forwarding - VRF"
/interface/eoip/enable,https://help.mikrotik.com/docs/spaces/ROS/pages/328206/Virtual%2BRouting%2Band%2BForwarding%2B-%2BVRF,"Virtual Routing and Forwarding - VRF"
/interface/eoip/export,https://help.mikrotik.com/docs/spaces/ROS/pages/328206/Virtual%2BRouting%2Band%2BForwarding%2B-%2BVRF,"Virtual Routing and Forwarding - VRF"
/interface/eoip/find,https://help.mikrotik.com/docs/spaces/ROS/pages/328206/Virtual%2BRouting%2Band%2BForwarding%2B-%2BVRF,"Virtual Routing and Forwarding - VRF"
/interface/eoip/get,https://help.mikrotik.com/docs/spaces/ROS/pages/328206/Virtual%2BRouting%2Band%2BForwarding%2B-%2BVRF,"Virtual Routing and Forwarding - VRF"
/interface/eoip/print,https://help.mikrotik.com/docs/spaces/ROS/pages/328206/Virtual%2BRouting%2Band%2BForwarding%2B-%2BVRF,"Virtual Routing and Forwarding - VRF"
/interface/eoip/remove,https://help.mikrotik.com/docs/spaces/ROS/pages/328206/Virtual%2BRouting%2Band%2BForwarding%2B-%2BVRF,"Virtual Routing and Forwarding - VRF"
/interface/eoip/reset,https://help.mikrotik.com/docs/spaces/ROS/pages/328206/Virtual%2BRouting%2Band%2BForwarding%2B-%2BVRF,"Virtual Routing and Forwarding - VRF"
/interface/eoip/set,https://help.mikrotik.com/docs/spaces/ROS/pages/328206/Virtual%2BRouting%2Band%2BForwarding%2B-%2BVRF,"Virtual Routing and Forwarding - VRF"
/interface/eoip/unset,https://help.mikrotik.com/docs/spaces/ROS/pages/328206/Virtual%2BRouting%2Band%2BForwarding%2B-%2BVRF,"Virtual Routing and Forwarding - VRF"
/interface/eoipv6,https://help.mikrotik.com/docs/spaces/ROS/pages/328068/Bridging%2Band%2BSwitching,"Bridging and Switching"
/interface/ethernet,https://help.mikrotik.com/docs/spaces/ROS/pages/328155/Configuration%2BManagement,"Configuration Management"
/interface/ethernet/blink,https://help.mikrotik.com/docs/spaces/ROS/pages/328155/Configuration%2BManagement,"Configuration Management"
/interface/ethernet/cable-test,https://help.mikrotik.com/docs/spaces/ROS/pages/328155/Configuration%2BManagement,"Configuration Management"
/interface/ethernet/comment,https://help.mikrotik.com/docs/spaces/ROS/pages/328155/Configuration%2BManagement,"Configuration Management"
/interface/ethernet/disable,https://help.mikrotik.com/docs/spaces/ROS/pages/328155/Configuration%2BManagement,"Configuration Management"
/interface/ethernet/edit,https://help.mikrotik.com/docs/spaces/ROS/pages/328155/Configuration%2BManagement,"Configuration Management"
/interface/ethernet/enable,https://help.mikrotik.com/docs/spaces/ROS/pages/328155/Configuration%2BManagement,"Configuration Management"
/interface/ethernet/export,https://help.mikrotik.com/docs/spaces/ROS/pages/328155/Configuration%2BManagement,"Configuration Management"
/interface/ethernet/find,https://help.mikrotik.com/docs/spaces/ROS/pages/328155/Configuration%2BManagement,"Configuration Management"
/interface/ethernet/get,https://help.mikrotik.com/docs/spaces/ROS/pages/328155/Configuration%2BManagement,"Configuration Management"
/interface/ethernet/monitor,https://help.mikrotik.com/docs/spaces/ROS/pages/328155/Configuration%2BManagement,"Configuration Management"
/interface/ethernet/print,https://help.mikrotik.com/docs/spaces/ROS/pages/328155/Configuration%2BManagement,"Configuration Management"
/interface/ethernet/reset,https://help.mikrotik.com/docs/spaces/ROS/pages/328155/Configuration%2BManagement,"Configuration Management"
/interface/ethernet/reset-counters,https://help.mikrotik.com/docs/spaces/ROS/pages/328155/Configuration%2BManagement,"Configuration Management"
/interface/ethernet/reset-mac-address,https://help.mikrotik.com/docs/spaces/ROS/pages/328155/Configuration%2BManagement,"Configuration Management"
/interface/ethernet/set,https://help.mikrotik.com/docs/spaces/ROS/pages/328155/Configuration%2BManagement,"Configuration Management"
/interface/ethernet/switch,https://help.mikrotik.com/docs/spaces/ROS/pages/328068/Bridging%2Band%2BSwitching,"Bridging and Switching"
/interface/ethernet/switch/edit,https://help.mikrotik.com/docs/spaces/ROS/pages/328068/Bridging%2Band%2BSwitching,"Bridging and Switching"
/interface/ethernet/switch/export,https://help.mikrotik.com/docs/spaces/ROS/pages/328068/Bridging%2Band%2BSwitching,"Bridging and Switching"
/interface/ethernet/switch/find,https://help.mikrotik.com/docs/spaces/ROS/pages/328068/Bridging%2Band%2BSwitching,"Bridging and Switching"
/interface/ethernet/switch/get,https://help.mikrotik.com/docs/spaces/ROS/pages/328068/Bridging%2Band%2BSwitching,"Bridging and Switching"
/interface/ethernet/switch/host,https://help.mikrotik.com/docs/spaces/ROS/pages/328068/Bridging%2Band%2BSwitching,"Bridging and Switching"
/interface/ethernet/switch/port,https://help.mikrotik.com/docs/spaces/ROS/pages/15302988/Switch%2BChip%2BFeatures,"Switch Chip Features"
/interface/ethernet/switch/port-isolation,https://help.mikrotik.com/docs/spaces/ROS/pages/15302988/Switch%2BChip%2BFeatures,"Switch Chip Features"
/interface/ethernet/switch/port-isolation/edit,https://help.mikrotik.com/docs/spaces/ROS/pages/15302988/Switch%2BChip%2BFeatures,"Switch Chip Features"
/interface/ethernet/switch/port-isolation/export,https://help.mikrotik.com/docs/spaces/ROS/pages/15302988/Switch%2BChip%2BFeatures,"Switch Chip Features"
/interface/ethernet/switch/port-isolation/find,https://help.mikrotik.com/docs/spaces/ROS/pages/15302988/Switch%2BChip%2BFeatures,"Switch Chip Features"
/interface/ethernet/switch/port-isolation/get,https://help.mikrotik.com/docs/spaces/ROS/pages/15302988/Switch%2BChip%2BFeatures,"Switch Chip Features"
/interface/ethernet/switch/port-isolation/print,https://help.mikrotik.com/docs/spaces/ROS/pages/15302988/Switch%2BChip%2BFeatures,"Switch Chip Features"
/interface/ethernet/switch/port-isolation/reset,https://help.mikrotik.com/docs/spaces/ROS/pages/15302988/Switch%2BChip%2BFeatures,"Switch Chip Features"
/interface/ethernet/switch/port-isolation/set,https://help.mikrotik.com/docs/spaces/ROS/pages/15302988/Switch%2BChip%2BFeatures,"Switch Chip Features"
/interface/ethernet/switch/port-isolation/unset,https://help.mikrotik.com/docs/spaces/ROS/pages/15302988/Switch%2BChip%2BFeatures,"Switch Chip Features"
/interface/ethernet/switch/port/edit,https://help.mikrotik.com/docs/spaces/ROS/pages/15302988/Switch%2BChip%2BFeatures,"Switch Chip Features"
/interface/ethernet/switch/port/export,https://help.mikrotik.com/docs/spaces/ROS/pages/15302988/Switch%2BChip%2BFeatures,"Switch Chip Features"
/interface/ethernet/switch/port/find,https://help.mikrotik.com/docs/spaces/ROS/pages/15302988/Switch%2BChip%2BFeatures,"Switch Chip Features"
/interface/ethernet/switch/port/get,https://help.mikrotik.com/docs/spaces/ROS/pages/15302988/Switch%2BChip%2BFeatures,"Switch Chip Features"
/interface/ethernet/switch/port/print,https://help.mikrotik.com/docs/spaces/ROS/pages/15302988/Switch%2BChip%2BFeatures,"Switch Chip Features"
/interface/ethernet/switch/port/reset,https://help.mikrotik.com/docs/spaces/ROS/pages/15302988/Switch%2BChip%2BFeatures,"Switch Chip Features"
/interface/ethernet/switch/port/reset-counters,https://help.mikrotik.com/docs/spaces/ROS/pages/15302988/Switch%2BChip%2BFeatures,"Switch Chip Features"
/interface/ethernet/switch/port/set,https://help.mikrotik.com/docs/spaces/ROS/pages/15302988/Switch%2BChip%2BFeatures,"Switch Chip Features"
/interface/ethernet/switch/port/unset,https://help.mikrotik.com/docs/spaces/ROS/pages/15302988/Switch%2BChip%2BFeatures,"Switch Chip Features"
/interface/ethernet/switch/print,https://help.mikrotik.com/docs/spaces/ROS/pages/328068/Bridging%2Band%2BSwitching,"Bridging and Switching"
/interface/ethernet/switch/reset,https://help.mikrotik.com/docs/spaces/ROS/pages/328068/Bridging%2Band%2BSwitching,"Bridging and Switching"
/interface/ethernet/switch/reset-counters,https://help.mikrotik.com/docs/spaces/ROS/pages/328068/Bridging%2Band%2BSwitching,"Bridging and Switching"
/interface/ethernet/switch/rule,https://help.mikrotik.com/docs/spaces/ROS/pages/328068/Bridging%2Band%2BSwitching,"Bridging and Switching"
/interface/ethernet/switch/rule/add,https://help.mikrotik.com/docs/spaces/ROS/pages/328068/Bridging%2Band%2BSwitching,"Bridging and Switching"
/interface/ethernet/switch/rule/comment,https://help.mikrotik.com/docs/spaces/ROS/pages/328068/Bridging%2Band%2BSwitching,"Bridging and Switching"
/interface/ethernet/switch/rule/disable,https://help.mikrotik.com/docs/spaces/ROS/pages/328068/Bridging%2Band%2BSwitching,"Bridging and Switching"
/interface/ethernet/switch/rule/edit,https://help.mikrotik.com/docs/spaces/ROS/pages/328068/Bridging%2Band%2BSwitching,"Bridging and Switching"
/interface/ethernet/switch/rule/enable,https://help.mikrotik.com/docs/spaces/ROS/pages/328068/Bridging%2Band%2BSwitching,"Bridging and Switching"
/interface/ethernet/switch/rule/export,https://help.mikrotik.com/docs/spaces/ROS/pages/328068/Bridging%2Band%2BSwitching,"Bridging and Switching"
/interface/ethernet/switch/rule/find,https://help.mikrotik.com/docs/spaces/ROS/pages/328068/Bridging%2Band%2BSwitching,"Bridging and Switching"
/interface/ethernet/switch/rule/get,https://help.mikrotik.com/docs/spaces/ROS/pages/328068/Bridging%2Band%2BSwitching,"Bridging and Switching"
/interface/ethernet/switch/rule/move,https://help.mikrotik.com/docs/spaces/ROS/pages/328068/Bridging%2Band%2BSwitching,"Bridging and Switching"
/interface/ethernet/switch/rule/print,https://help.mikrotik.com/docs/spaces/ROS/pages/328068/Bridging%2Band%2BSwitching,"Bridging and Switching"
/interface/ethernet/switch/rule/remove,https://help.mikrotik.com/docs/spaces/ROS/pages/328068/Bridging%2Band%2BSwitching,"Bridging and Switching"
/interface/ethernet/switch/rule/reset,https://help.mikrotik.com/docs/spaces/ROS/pages/328068/Bridging%2Band%2BSwitching,"Bridging and Switching"
/interface/ethernet/switch/rule/set,https://help.mikrotik.com/docs/spaces/ROS/pages/328068/Bridging%2Band%2BSwitching,"Bridging and Switching"
/interface/ethernet/switch/rule/unset,https://help.mikrotik.com/docs/spaces/ROS/pages/328068/Bridging%2Band%2BSwitching,"Bridging and Switching"
/interface/ethernet/switch/set,https://help.mikrotik.com/docs/spaces/ROS/pages/328068/Bridging%2Band%2BSwitching,"Bridging and Switching"
/interface/ethernet/switch/unset,https://help.mikrotik.com/docs/spaces/ROS/pages/328068/Bridging%2Band%2BSwitching,"Bridging and Switching"
/interface/ethernet/switch/vlan,https://help.mikrotik.com/docs/spaces/ROS/pages/15302988/Switch%2BChip%2BFeatures,"Switch Chip Features"
/interface/ethernet/switch/vlan/add,https://help.mikrotik.com/docs/spaces/ROS/pages/15302988/Switch%2BChip%2BFeatures,"Switch Chip Features"
/interface/ethernet/switch/vlan/comment,https://help.mikrotik.com/docs/spaces/ROS/pages/15302988/Switch%2BChip%2BFeatures,"Switch Chip Features"
/interface/ethernet/switch/vlan/disable,https://help.mikrotik.com/docs/spaces/ROS/pages/15302988/Switch%2BChip%2BFeatures,"Switch Chip Features"
/interface/ethernet/switch/vlan/edit,https://help.mikrotik.com/docs/spaces/ROS/pages/15302988/Switch%2BChip%2BFeatures,"Switch Chip Features"
/interface/ethernet/switch/vlan/enable,https://help.mikrotik.com/docs/spaces/ROS/pages/15302988/Switch%2BChip%2BFeatures,"Switch Chip Features"
/interface/ethernet/switch/vlan/export,https://help.mikrotik.com/docs/spaces/ROS/pages/15302988/Switch%2BChip%2BFeatures,"Switch Chip Features"
/interface/ethernet/switch/vlan/find,https://help.mikrotik.com/docs/spaces/ROS/pages/15302988/Switch%2BChip%2BFeatures,"Switch Chip Features"
/interface/ethernet/switch/vlan/get,https://help.mikrotik.com/docs/spaces/ROS/pages/15302988/Switch%2BChip%2BFeatures,"Switch Chip Features"
/interface/ethernet/switch/vlan/print,https://help.mikrotik.com/docs/spaces/ROS/pages/15302988/Switch%2BChip%2BFeatures,"Switch Chip Features"
/interface/ethernet/switch/vlan/remove,https://help.mikrotik.com/docs/spaces/ROS/pages/15302988/Switch%2BChip%2BFeatures,"Switch Chip Features"
/interface/ethernet/switch/vlan/reset,https://help.mikrotik.com/docs/spaces/ROS/pages/15302988/Switch%2BChip%2BFeatures,"Switch Chip Features"
/interface/ethernet/switch/vlan/set,https://help.mikrotik.com/docs/spaces/ROS/pages/15302988/Switch%2BChip%2BFeatures,"Switch Chip Features"
/interface/ethernet/unset,https://help.mikrotik.com/docs/spaces/ROS/pages/328155/Configuration%2BManagement,"Configuration Management"
/interface/export,https://help.mikrotik.com/docs/spaces/ROS/pages/328068/Bridging%2Band%2BSwitching,"Bridging and Switching"
/interface/find,https://help.mikrotik.com/docs/spaces/ROS/pages/328068/Bridging%2Band%2BSwitching,"Bridging and Switching"
/interface/get,https://help.mikrotik.com/docs/spaces/ROS/pages/328068/Bridging%2Band%2BSwitching,"Bridging and Switching"
/interface/gre,https://help.mikrotik.com/docs/spaces/ROS/pages/328206/Virtual%2BRouting%2Band%2BForwarding%2B-%2BVRF,"Virtual Routing and Forwarding - VRF"
/interface/gre/add,https://help.mikrotik.com/docs/spaces/ROS/pages/328206/Virtual%2BRouting%2Band%2BForwarding%2B-%2BVRF,"Virtual Routing and Forwarding - VRF"
/interface/gre/comment,https://help.mikrotik.com/docs/spaces/ROS/pages/328206/Virtual%2BRouting%2Band%2BForwarding%2B-%2BVRF,"Virtual Routing and Forwarding - VRF"
/interface/gre/disable,https://help.mikrotik.com/docs/spaces/ROS/pages/328206/Virtual%2BRouting%2Band%2BForwarding%2B-%2BVRF,"Virtual Routing and Forwarding - VRF"
/interface/gre/edit,https://help.mikrotik.com/docs/spaces/ROS/pages/328206/Virtual%2BRouting%2Band%2BForwarding%2B-%2BVRF,"Virtual Routing and Forwarding - VRF"
/interface/gre/enable,https://help.mikrotik.com/docs/spaces/ROS/pages/328206/Virtual%2BRouting%2Band%2BForwarding%2B-%2BVRF,"Virtual Routing and Forwarding - VRF"
/interface/gre/export,https://help.mikrotik.com/docs/spaces/ROS/pages/328206/Virtual%2BRouting%2Band%2BForwarding%2B-%2BVRF,"Virtual Routing and Forwarding - VRF"
/interface/gre/find,https://help.mikrotik.com/docs/spaces/ROS/pages/328206/Virtual%2BRouting%2Band%2BForwarding%2B-%2BVRF,"Virtual Routing and Forwarding - VRF"
/interface/gre/get,https://help.mikrotik.com/docs/spaces/ROS/pages/328206/Virtual%2BRouting%2Band%2BForwarding%2B-%2BVRF,"Virtual Routing and Forwarding - VRF"
/interface/gre/print,https://help.mikrotik.com/docs/spaces/ROS/pages/328206/Virtual%2BRouting%2Band%2BForwarding%2B-%2BVRF,"Virtual Routing and Forwarding - VRF"
/interface/gre/remove,https://help.mikrotik.com/docs/spaces/ROS/pages/328206/Virtual%2BRouting%2Band%2BForwarding%2B-%2BVRF,"Virtual Routing and Forwarding - VRF"
/interface/gre/reset,https://help.mikrotik.com/docs/spaces/ROS/pages/328206/Virtual%2BRouting%2Band%2BForwarding%2B-%2BVRF,"Virtual Routing and Forwarding - VRF"
/interface/gre/set,https://help.mikrotik.com/docs/spaces/ROS/pages/328206/Virtual%2BRouting%2Band%2BForwarding%2B-%2BVRF,"Virtual Routing and Forwarding - VRF"
/interface/gre/unset,https://help.mikrotik.com/docs/spaces/ROS/pages/328206/Virtual%2BRouting%2Band%2BForwarding%2B-%2BVRF,"Virtual Routing and Forwarding - VRF"
/interface/gre6,https://help.mikrotik.com/docs/spaces/ROS/pages/328068/Bridging%2Band%2BSwitching,"Bridging and Switching"
/interface/ipip,https://help.mikrotik.com/docs/spaces/ROS/pages/328206/Virtual%2BRouting%2Band%2BForwarding%2B-%2BVRF,"Virtual Routing and Forwarding - VRF"
/interface/ipip/add,https://help.mikrotik.com/docs/spaces/ROS/pages/328206/Virtual%2BRouting%2Band%2BForwarding%2B-%2BVRF,"Virtual Routing and Forwarding - VRF"
/interface/ipip/comment,https://help.mikrotik.com/docs/spaces/ROS/pages/328206/Virtual%2BRouting%2Band%2BForwarding%2B-%2BVRF,"Virtual Routing and Forwarding - VRF"
/interface/ipip/disable,https://help.mikrotik.com/docs/spaces/ROS/pages/328206/Virtual%2BRouting%2Band%2BForwarding%2B-%2BVRF,"Virtual Routing and Forwarding - VRF"
/interface/ipip/edit,https://help.mikrotik.com/docs/spaces/ROS/pages/328206/Virtual%2BRouting%2Band%2BForwarding%2B-%2BVRF,"Virtual Routing and Forwarding - VRF"
/interface/ipip/enable,https://help.mikrotik.com/docs/spaces/ROS/pages/328206/Virtual%2BRouting%2Band%2BForwarding%2B-%2BVRF,"Virtual Routing and Forwarding - VRF"
/interface/ipip/export,https://help.mikrotik.com/docs/spaces/ROS/pages/328206/Virtual%2BRouting%2Band%2BForwarding%2B-%2BVRF,"Virtual Routing and Forwarding - VRF"
/interface/ipip/find,https://help.mikrotik.com/docs/spaces/ROS/pages/328206/Virtual%2BRouting%2Band%2BForwarding%2B-%2BVRF,"Virtual Routing and Forwarding - VRF"
/interface/ipip/get,https://help.mikrotik.com/docs/spaces/ROS/pages/328206/Virtual%2BRouting%2Band%2BForwarding%2B-%2BVRF,"Virtual Routing and Forwarding - VRF"
/interface/ipip/print,https://help.mikrotik.com/docs/spaces/ROS/pages/328206/Virtual%2BRouting%2Band%2BForwarding%2B-%2BVRF,"Virtual Routing and Forwarding - VRF"
/interface/ipip/remove,https://help.mikrotik.com/docs/spaces/ROS/pages/328206/Virtual%2BRouting%2Band%2BForwarding%2B-%2BVRF,"Virtual Routing and Forwarding - VRF"
/interface/ipip/reset,https://help.mikrotik.com/docs/spaces/ROS/pages/328206/Virtual%2BRouting%2Band%2BForwarding%2B-%2BVRF,"Virtual Routing and Forwarding - VRF"
/interface/ipip/set,https://help.mikrotik.com/docs/spaces/ROS/pages/328206/Virtual%2BRouting%2Band%2BForwarding%2B-%2BVRF,"Virtual Routing and Forwarding - VRF"
/interface/ipip/unset,https://help.mikrotik.com/docs/spaces/ROS/pages/328206/Virtual%2BRouting%2Band%2BForwarding%2B-%2BVRF,"Virtual Routing and Forwarding - VRF"
/interface/ipipv6,https://help.mikrotik.com/docs/spaces/ROS/pages/328068/Bridging%2Band%2BSwitching,"Bridging and Switching"
/interface/l2tp-client,https://help.mikrotik.com/docs/spaces/ROS/pages/328206/Virtual%2BRouting%2Band%2BForwarding%2B-%2BVRF,"Virtual Routing and Forwarding - VRF"
/interface/l2tp-client/add,https://help.mikrotik.com/docs/spaces/ROS/pages/328206/Virtual%2BRouting%2Band%2BForwarding%2B-%2BVRF,"Virtual Routing and Forwarding - VRF"
/interface/l2tp-client/comment,https://help.mikrotik.com/docs/spaces/ROS/pages/328206/Virtual%2BRouting%2Band%2BForwarding%2B-%2BVRF,"Virtual Routing and Forwarding - VRF"
/interface/l2tp-client/disable,https://help.mikrotik.com/docs/spaces/ROS/pages/328206/Virtual%2BRouting%2Band%2BForwarding%2B-%2BVRF,"Virtual Routing and Forwarding - VRF"
/interface/l2tp-client/edit,https://help.mikrotik.com/docs/spaces/ROS/pages/328206/Virtual%2BRouting%2Band%2BForwarding%2B-%2BVRF,"Virtual Routing and Forwarding - VRF"
/interface/l2tp-client/enable,https://help.mikrotik.com/docs/spaces/ROS/pages/328206/Virtual%2BRouting%2Band%2BForwarding%2B-%2BVRF,"Virtual Routing and Forwarding - VRF"
/interface/l2tp-client/export,https://help.mikrotik.com/docs/spaces/ROS/pages/328206/Virtual%2BRouting%2Band%2BForwarding%2B-%2BVRF,"Virtual Routing and Forwarding - VRF"
/interface/l2tp-client/find,https://help.mikrotik.com/docs/spaces/ROS/pages/328206/Virtual%2BRouting%2Band%2BForwarding%2B-%2BVRF,"Virtual Routing and Forwarding - VRF"
/interface/l2tp-client/get,https://help.mikrotik.com/docs/spaces/ROS/pages/328206/Virtual%2BRouting%2Band%2BForwarding%2B-%2BVRF,"Virtual Routing and Forwarding - VRF"
/interface/l2tp-client/monitor,https://help.mikrotik.com/docs/spaces/ROS/pages/328206/Virtual%2BRouting%2Band%2BForwarding%2B-%2BVRF,"Virtual Routing and Forwarding - VRF"
/interface/l2tp-client/print,https://help.mikrotik.com/docs/spaces/ROS/pages/328206/Virtual%2BRouting%2Band%2BForwarding%2B-%2BVRF,"Virtual Routing and Forwarding - VRF"
/interface/l2tp-client/remove,https://help.mikrotik.com/docs/spaces/ROS/pages/328206/Virtual%2BRouting%2Band%2BForwarding%2B-%2BVRF,"Virtual Routing and Forwarding - VRF"
/interface/l2tp-client/reset,https://help.mikrotik.com/docs/spaces/ROS/pages/328206/Virtual%2BRouting%2Band%2BForwarding%2B-%2BVRF,"Virtual Routing and Forwarding - VRF"
/interface/l2tp-client/set,https://help.mikrotik.com/docs/spaces/ROS/pages/328206/Virtual%2BRouting%2Band%2BForwarding%2B-%2BVRF,"Virtual Routing and Forwarding - VRF"
/interface/l2tp-ether,https://help.mikrotik.com/docs/spaces/ROS/pages/328206/Virtual%2BRouting%2Band%2BForwarding%2B-%2BVRF,"Virtual Routing and Forwarding - VRF"
/interface/l2tp-ether/add,https://help.mikrotik.com/docs/spaces/ROS/pages/328206/Virtual%2BRouting%2Band%2BForwarding%2B-%2BVRF,"Virtual Routing and Forwarding - VRF"
/interface/l2tp-ether/comment,https://help.mikrotik.com/docs/spaces/ROS/pages/328206/Virtual%2BRouting%2Band%2BForwarding%2B-%2BVRF,"Virtual Routing and Forwarding - VRF"
/interface/l2tp-ether/disable,https://help.mikrotik.com/docs/spaces/ROS/pages/328206/Virtual%2BRouting%2Band%2BForwarding%2B-%2BVRF,"Virtual Routing and Forwarding - VRF"
/interface/l2tp-ether/edit,https://help.mikrotik.com/docs/spaces/ROS/pages/328206/Virtual%2BRouting%2Band%2BForwarding%2B-%2BVRF,"Virtual Routing and Forwarding - VRF"
/interface/l2tp-ether/enable,https://help.mikrotik.com/docs/spaces/ROS/pages/328206/Virtual%2BRouting%2Band%2BForwarding%2B-%2BVRF,"Virtual Routing and Forwarding - VRF"
/interface/l2tp-ether/export,https://help.mikrotik.com/docs/spaces/ROS/pages/328206/Virtual%2BRouting%2Band%2BForwarding%2B-%2BVRF,"Virtual Routing and Forwarding - VRF"
/interface/l2tp-ether/find,https://help.mikrotik.com/docs/spaces/ROS/pages/328206/Virtual%2BRouting%2Band%2BForwarding%2B-%2BVRF,"Virtual Routing and Forwarding - VRF"
/interface/l2tp-ether/get,https://help.mikrotik.com/docs/spaces/ROS/pages/328206/Virtual%2BRouting%2Band%2BForwarding%2B-%2BVRF,"Virtual Routing and Forwarding - VRF"
/interface/l2tp-ether/monitor,https://help.mikrotik.com/docs/spaces/ROS/pages/328206/Virtual%2BRouting%2Band%2BForwarding%2B-%2BVRF,"Virtual Routing and Forwarding - VRF"
/interface/l2tp-ether/print,https://help.mikrotik.com/docs/spaces/ROS/pages/328206/Virtual%2BRouting%2Band%2BForwarding%2B-%2BVRF,"Virtual Routing and Forwarding - VRF"
/interface/l2tp-ether/remove,https://help.mikrotik.com/docs/spaces/ROS/pages/328206/Virtual%2BRouting%2Band%2BForwarding%2B-%2BVRF,"Virtual Routing and Forwarding - VRF"
/interface/l2tp-ether/reset,https://help.mikrotik.com/docs/spaces/ROS/pages/328206/Virtual%2BRouting%2Band%2BForwarding%2B-%2BVRF,"Virtual Routing and Forwarding - VRF"
/interface/l2tp-ether/set,https://help.mikrotik.com/docs/spaces/ROS/pages/328206/Virtual%2BRouting%2Band%2BForwarding%2B-%2BVRF,"Virtual Routing and Forwarding - VRF"
/interface/l2tp-ether/unset,https://help.mikrotik.com/docs/spaces/ROS/pages/328206/Virtual%2BRouting%2Band%2BForwarding%2B-%2BVRF,"Virtual Routing and Forwarding - VRF"
/interface/l2tp-server,https://help.mikrotik.com/docs/spaces/ROS/pages/2555940/User%2BManager,"User Manager"
/interface/l2tp-server/add,https://help.mikrotik.com/docs/spaces/ROS/pages/2555940/User%2BManager,"User Manager"
/interface/l2tp-server/comment,https://help.mikrotik.com/docs/spaces/ROS/pages/2555940/User%2BManager,"User Manager"
/interface/l2tp-server/disable,https://help.mikrotik.com/docs/spaces/ROS/pages/2555940/User%2BManager,"User Manager"
/interface/l2tp-server/edit,https://help.mikrotik.com/docs/spaces/ROS/pages/2555940/User%2BManager,"User Manager"
/interface/l2tp-server/enable,https://help.mikrotik.com/docs/spaces/ROS/pages/2555940/User%2BManager,"User Manager"
/interface/l2tp-server/export,https://help.mikrotik.com/docs/spaces/ROS/pages/2555940/User%2BManager,"User Manager"
/interface/l2tp-server/find,https://help.mikrotik.com/docs/spaces/ROS/pages/2555940/User%2BManager,"User Manager"
/interface/l2tp-server/get,https://help.mikrotik.com/docs/spaces/ROS/pages/2555940/User%2BManager,"User Manager"
/interface/l2tp-server/monitor,https://help.mikrotik.com/docs/spaces/ROS/pages/2555940/User%2BManager,"User Manager"
/interface/l2tp-server/print,https://help.mikrotik.com/docs/spaces/ROS/pages/2555940/User%2BManager,"User Manager"
/interface/l2tp-server/remove,https://help.mikrotik.com/docs/spaces/ROS/pages/2555940/User%2BManager,"User Manager"
/interface/l2tp-server/reset,https://help.mikrotik.com/docs/spaces/ROS/pages/2555940/User%2BManager,"User Manager"
/interface/l2tp-server/server,https://help.mikrotik.com/docs/spaces/ROS/pages/2031631/L2TP,L2TP
/interface/l2tp-server/server/edit,https://help.mikrotik.com/docs/spaces/ROS/pages/2031631/L2TP,L2TP
/interface/l2tp-server/server/export,https://help.mikrotik.com/docs/spaces/ROS/pages/2031631/L2TP,L2TP
/interface/l2tp-server/server/get,https://help.mikrotik.com/docs/spaces/ROS/pages/2031631/L2TP,L2TP
/interface/l2tp-server/server/print,https://help.mikrotik.com/docs/spaces/ROS/pages/2031631/L2TP,L2TP
/interface/l2tp-server/server/reset,https://help.mikrotik.com/docs/spaces/ROS/pages/2031631/L2TP,L2TP
/interface/l2tp-server/server/set,https://help.mikrotik.com/docs/spaces/ROS/pages/2031631/L2TP,L2TP
/interface/l2tp-server/set,https://help.mikrotik.com/docs/spaces/ROS/pages/2555940/User%2BManager,"User Manager"
/interface/list,https://help.mikrotik.com/docs/spaces/ROS/pages/328068/Bridging%2Band%2BSwitching,"Bridging and Switching"
/interface/list/add,https://help.mikrotik.com/docs/spaces/ROS/pages/328068/Bridging%2Band%2BSwitching,"Bridging and Switching"
/interface/list/comment,https://help.mikrotik.com/docs/spaces/ROS/pages/328068/Bridging%2Band%2BSwitching,"Bridging and Switching"
/interface/list/edit,https://help.mikrotik.com/docs/spaces/ROS/pages/328068/Bridging%2Band%2BSwitching,"Bridging and Switching"
/interface/list/export,https://help.mikrotik.com/docs/spaces/ROS/pages/328068/Bridging%2Band%2BSwitching,"Bridging and Switching"
/interface/list/find,https://help.mikrotik.com/docs/spaces/ROS/pages/328068/Bridging%2Band%2BSwitching,"Bridging and Switching"
/interface/list/get,https://help.mikrotik.com/docs/spaces/ROS/pages/328068/Bridging%2Band%2BSwitching,"Bridging and Switching"
/interface/list/member,https://help.mikrotik.com/docs/spaces/ROS/pages/328068/Bridging%2Band%2BSwitching,"Bridging and Switching"
/interface/list/member/add,https://help.mikrotik.com/docs/spaces/ROS/pages/328068/Bridging%2Band%2BSwitching,"Bridging and Switching"
/interface/list/member/comment,https://help.mikrotik.com/docs/spaces/ROS/pages/328068/Bridging%2Band%2BSwitching,"Bridging and Switching"
/interface/list/member/disable,https://help.mikrotik.com/docs/spaces/ROS/pages/328068/Bridging%2Band%2BSwitching,"Bridging and Switching"
/interface/list/member/edit,https://help.mikrotik.com/docs/spaces/ROS/pages/328068/Bridging%2Band%2BSwitching,"Bridging and Switching"
/interface/list/member/enable,https://help.mikrotik.com/docs/spaces/ROS/pages/328068/Bridging%2Band%2BSwitching,"Bridging and Switching"
/interface/list/member/export,https://help.mikrotik.com/docs/spaces/ROS/pages/328068/Bridging%2Band%2BSwitching,"Bridging and Switching"
/interface/list/member/find,https://help.mikrotik.com/docs/spaces/ROS/pages/328068/Bridging%2Band%2BSwitching,"Bridging and Switching"
/interface/list/member/get,https://help.mikrotik.com/docs/spaces/ROS/pages/328068/Bridging%2Band%2BSwitching,"Bridging and Switching"
/interface/list/member/print,https://help.mikrotik.com/docs/spaces/ROS/pages/328068/Bridging%2Band%2BSwitching,"Bridging and Switching"
/interface/list/member/remove,https://help.mikrotik.com/docs/spaces/ROS/pages/328068/Bridging%2Band%2BSwitching,"Bridging and Switching"
/interface/list/member/reset,https://help.mikrotik.com/docs/spaces/ROS/pages/328068/Bridging%2Band%2BSwitching,"Bridging and Switching"
/interface/list/member/set,https://help.mikrotik.com/docs/spaces/ROS/pages/328068/Bridging%2Band%2BSwitching,"Bridging and Switching"
/interface/list/print,https://help.mikrotik.com/docs/spaces/ROS/pages/328068/Bridging%2Band%2BSwitching,"Bridging and Switching"
/interface/list/remove,https://help.mikrotik.com/docs/spaces/ROS/pages/328068/Bridging%2Band%2BSwitching,"Bridging and Switching"
/interface/list/reset,https://help.mikrotik.com/docs/spaces/ROS/pages/328068/Bridging%2Band%2BSwitching,"Bridging and Switching"
/interface/list/set,https://help.mikrotik.com/docs/spaces/ROS/pages/328068/Bridging%2Band%2BSwitching,"Bridging and Switching"
/interface/lte,https://help.mikrotik.com/docs/spaces/ROS/pages/30146563/LTE%2F5G,LTE/5G
/interface/lte/apn,https://help.mikrotik.com/docs/spaces/ROS/pages/30146563/LTE%2F5G,LTE/5G
/interface/lte/apn/add,https://help.mikrotik.com/docs/spaces/ROS/pages/30146563/LTE%2F5G,LTE/5G
/interface/lte/apn/comment,https://help.mikrotik.com/docs/spaces/ROS/pages/30146563/LTE%2F5G,LTE/5G
/interface/lte/apn/edit,https://help.mikrotik.com/docs/spaces/ROS/pages/30146563/LTE%2F5G,LTE/5G
/interface/lte/apn/export,https://help.mikrotik.com/docs/spaces/ROS/pages/30146563/LTE%2F5G,LTE/5G
/interface/lte/apn/find,https://help.mikrotik.com/docs/spaces/ROS/pages/30146563/LTE%2F5G,LTE/5G
/interface/lte/apn/get,https://help.mikrotik.com/docs/spaces/ROS/pages/30146563/LTE%2F5G,LTE/5G
/interface/lte/apn/print,https://help.mikrotik.com/docs/spaces/ROS/pages/30146563/LTE%2F5G,LTE/5G
/interface/lte/apn/remove,https://help.mikrotik.com/docs/spaces/ROS/pages/30146563/LTE%2F5G,LTE/5G
/interface/lte/apn/reset,https://help.mikrotik.com/docs/spaces/ROS/pages/30146563/LTE%2F5G,LTE/5G
/interface/lte/apn/set,https://help.mikrotik.com/docs/spaces/ROS/pages/30146563/LTE%2F5G,LTE/5G
/interface/lte/at-chat,https://help.mikrotik.com/docs/spaces/ROS/pages/30146563/LTE%2F5G,LTE/5G
/interface/lte/cell-monitor,https://help.mikrotik.com/docs/spaces/ROS/pages/30146563/LTE%2F5G,LTE/5G
/interface/lte/comment,https://help.mikrotik.com/docs/spaces/ROS/pages/30146563/LTE%2F5G,LTE/5G
/interface/lte/disable,https://help.mikrotik.com/docs/spaces/ROS/pages/30146563/LTE%2F5G,LTE/5G
/interface/lte/edit,https://help.mikrotik.com/docs/spaces/ROS/pages/30146563/LTE%2F5G,LTE/5G
/interface/lte/enable,https://help.mikrotik.com/docs/spaces/ROS/pages/30146563/LTE%2F5G,LTE/5G
/interface/lte/esim,https://help.mikrotik.com/docs/spaces/ROS/pages/30146563/LTE%2F5G,LTE/5G
/interface/lte/export,https://help.mikrotik.com/docs/spaces/ROS/pages/30146563/LTE%2F5G,LTE/5G
/interface/lte/find,https://help.mikrotik.com/docs/spaces/ROS/pages/30146563/LTE%2F5G,LTE/5G
/interface/lte/firmware-upgrade,https://help.mikrotik.com/docs/spaces/ROS/pages/30146563/LTE%2F5G,LTE/5G
/interface/lte/get,https://help.mikrotik.com/docs/spaces/ROS/pages/30146563/LTE%2F5G,LTE/5G
/interface/lte/monitor,https://help.mikrotik.com/docs/spaces/ROS/pages/30146563/LTE%2F5G,LTE/5G
/interface/lte/print,https://help.mikrotik.com/docs/spaces/ROS/pages/30146563/LTE%2F5G,LTE/5G
/interface/lte/remove,https://help.mikrotik.com/docs/spaces/ROS/pages/30146563/LTE%2F5G,LTE/5G
/interface/lte/reset,https://help.mikrotik.com/docs/spaces/ROS/pages/30146563/LTE%2F5G,LTE/5G
/interface/lte/scan,https://help.mikrotik.com/docs/spaces/ROS/pages/30146563/LTE%2F5G,LTE/5G
/interface/lte/set,https://help.mikrotik.com/docs/spaces/ROS/pages/30146563/LTE%2F5G,LTE/5G
/interface/lte/settings,https://help.mikrotik.com/docs/spaces/ROS/pages/30146563/LTE%2F5G,LTE/5G
/interface/lte/settings/edit,https://help.mikrotik.com/docs/spaces/ROS/pages/30146563/LTE%2F5G,LTE/5G
/interface/lte/settings/export,https://help.mikrotik.com/docs/spaces/ROS/pages/30146563/LTE%2F5G,LTE/5G
/interface/lte/settings/get,https://help.mikrotik.com/docs/spaces/ROS/pages/30146563/LTE%2F5G,LTE/5G
/interface/lte/settings/print,https://help.mikrotik.com/docs/spaces/ROS/pages/30146563/LTE%2F5G,LTE/5G
/interface/lte/settings/reset,https://help.mikrotik.com/docs/spaces/ROS/pages/30146563/LTE%2F5G,LTE/5G
/interface/lte/settings/set,https://help.mikrotik.com/docs/spaces/ROS/pages/30146563/LTE%2F5G,LTE/5G
/interface/lte/show-capabilities,https://help.mikrotik.com/docs/spaces/ROS/pages/30146563/LTE%2F5G,LTE/5G
/interface/lte/unset,https://help.mikrotik.com/docs/spaces/ROS/pages/30146563/LTE%2F5G,LTE/5G
/interface/macsec,https://help.mikrotik.com/docs/spaces/ROS/pages/201523202/MACsec,MACsec
/interface/macsec/add,https://help.mikrotik.com/docs/spaces/ROS/pages/201523202/MACsec,MACsec
/interface/macsec/comment,https://help.mikrotik.com/docs/spaces/ROS/pages/201523202/MACsec,MACsec
/interface/macsec/disable,https://help.mikrotik.com/docs/spaces/ROS/pages/201523202/MACsec,MACsec
/interface/macsec/edit,https://help.mikrotik.com/docs/spaces/ROS/pages/201523202/MACsec,MACsec
/interface/macsec/enable,https://help.mikrotik.com/docs/spaces/ROS/pages/201523202/MACsec,MACsec
/interface/macsec/export,https://help.mikrotik.com/docs/spaces/ROS/pages/201523202/MACsec,MACsec
/interface/macsec/find,https://help.mikrotik.com/docs/spaces/ROS/pages/201523202/MACsec,MACsec
/interface/macsec/get,https://help.mikrotik.com/docs/spaces/ROS/pages/201523202/MACsec,MACsec
/interface/macsec/print,https://help.mikrotik.com/docs/spaces/ROS/pages/201523202/MACsec,MACsec
/interface/macsec/profile,https://help.mikrotik.com/docs/spaces/ROS/pages/201523202/MACsec,MACsec
/interface/macsec/remove,https://help.mikrotik.com/docs/spaces/ROS/pages/201523202/MACsec,MACsec
/interface/macsec/reset,https://help.mikrotik.com/docs/spaces/ROS/pages/201523202/MACsec,MACsec
/interface/macsec/set,https://help.mikrotik.com/docs/spaces/ROS/pages/201523202/MACsec,MACsec
/interface/macvlan,https://help.mikrotik.com/docs/spaces/ROS/pages/217874440/MACVLAN,MACVLAN
/interface/macvlan/add,https://help.mikrotik.com/docs/spaces/ROS/pages/217874440/MACVLAN,MACVLAN
/interface/macvlan/comment,https://help.mikrotik.com/docs/spaces/ROS/pages/217874440/MACVLAN,MACVLAN
/interface/macvlan/disable,https://help.mikrotik.com/docs/spaces/ROS/pages/217874440/MACVLAN,MACVLAN
/interface/macvlan/edit,https://help.mikrotik.com/docs/spaces/ROS/pages/217874440/MACVLAN,MACVLAN
/interface/macvlan/enable,https://help.mikrotik.com/docs/spaces/ROS/pages/217874440/MACVLAN,MACVLAN
/interface/macvlan/export,https://help.mikrotik.com/docs/spaces/ROS/pages/217874440/MACVLAN,MACVLAN
/interface/macvlan/find,https://help.mikrotik.com/docs/spaces/ROS/pages/217874440/MACVLAN,MACVLAN
/interface/macvlan/get,https://help.mikrotik.com/docs/spaces/ROS/pages/217874440/MACVLAN,MACVLAN
/interface/macvlan/print,https://help.mikrotik.com/docs/spaces/ROS/pages/217874440/MACVLAN,MACVLAN
/interface/macvlan/remove,https://help.mikrotik.com/docs/spaces/ROS/pages/217874440/MACVLAN,MACVLAN
/interface/macvlan/reset,https://help.mikrotik.com/docs/spaces/ROS/pages/217874440/MACVLAN,MACVLAN
/interface/macvlan/set,https://help.mikrotik.com/docs/spaces/ROS/pages/217874440/MACVLAN,MACVLAN
/interface/mesh,https://help.mikrotik.com/docs/spaces/ROS/pages/8978441/HWMPplus%2Bmesh,"HWMPplus mesh"
/interface/mesh/add,https://help.mikrotik.com/docs/spaces/ROS/pages/8978441/HWMPplus%2Bmesh,"HWMPplus mesh"
/interface/mesh/comment,https://help.mikrotik.com/docs/spaces/ROS/pages/8978441/HWMPplus%2Bmesh,"HWMPplus mesh"
/interface/mesh/disable,https://help.mikrotik.com/docs/spaces/ROS/pages/8978441/HWMPplus%2Bmesh,"HWMPplus mesh"
/interface/mesh/edit,https://help.mikrotik.com/docs/spaces/ROS/pages/8978441/HWMPplus%2Bmesh,"HWMPplus mesh"
/interface/mesh/enable,https://help.mikrotik.com/docs/spaces/ROS/pages/8978441/HWMPplus%2Bmesh,"HWMPplus mesh"
/interface/mesh/export,https://help.mikrotik.com/docs/spaces/ROS/pages/8978441/HWMPplus%2Bmesh,"HWMPplus mesh"
/interface/mesh/fdb,https://help.mikrotik.com/docs/spaces/ROS/pages/8978441/HWMPplus%2Bmesh,"HWMPplus mesh"
/interface/mesh/fdb/find,https://help.mikrotik.com/docs/spaces/ROS/pages/8978441/HWMPplus%2Bmesh,"HWMPplus mesh"
/interface/mesh/fdb/get,https://help.mikrotik.com/docs/spaces/ROS/pages/8978441/HWMPplus%2Bmesh,"HWMPplus mesh"
/interface/mesh/fdb/print,https://help.mikrotik.com/docs/spaces/ROS/pages/8978441/HWMPplus%2Bmesh,"HWMPplus mesh"
/interface/mesh/find,https://help.mikrotik.com/docs/spaces/ROS/pages/8978441/HWMPplus%2Bmesh,"HWMPplus mesh"
/interface/mesh/get,https://help.mikrotik.com/docs/spaces/ROS/pages/8978441/HWMPplus%2Bmesh,"HWMPplus mesh"
/interface/mesh/port,https://help.mikrotik.com/docs/spaces/ROS/pages/8978441/HWMPplus%2Bmesh,"HWMPplus mesh"
/interface/mesh/port/add,https://help.mikrotik.com/docs/spaces/ROS/pages/8978441/HWMPplus%2Bmesh,"HWMPplus mesh"
/interface/mesh/port/comment,https://help.mikrotik.com/docs/spaces/ROS/pages/8978441/HWMPplus%2Bmesh,"HWMPplus mesh"
/interface/mesh/port/disable,https://help.mikrotik.com/docs/spaces/ROS/pages/8978441/HWMPplus%2Bmesh,"HWMPplus mesh"
/interface/mesh/port/edit,https://help.mikrotik.com/docs/spaces/ROS/pages/8978441/HWMPplus%2Bmesh,"HWMPplus mesh"
/interface/mesh/port/enable,https://help.mikrotik.com/docs/spaces/ROS/pages/8978441/HWMPplus%2Bmesh,"HWMPplus mesh"
/interface/mesh/port/export,https://help.mikrotik.com/docs/spaces/ROS/pages/8978441/HWMPplus%2Bmesh,"HWMPplus mesh"
/interface/mesh/port/find,https://help.mikrotik.com/docs/spaces/ROS/pages/8978441/HWMPplus%2Bmesh,"HWMPplus mesh"
/interface/mesh/port/get,https://help.mikrotik.com/docs/spaces/ROS/pages/8978441/HWMPplus%2Bmesh,"HWMPplus mesh"
/interface/mesh/port/print,https://help.mikrotik.com/docs/spaces/ROS/pages/8978441/HWMPplus%2Bmesh,"HWMPplus mesh"
/interface/mesh/port/remove,https://help.mikrotik.com/docs/spaces/ROS/pages/8978441/HWMPplus%2Bmesh,"HWMPplus mesh"
/interface/mesh/port/reset,https://help.mikrotik.com/docs/spaces/ROS/pages/8978441/HWMPplus%2Bmesh,"HWMPplus mesh"
/interface/mesh/port/set,https://help.mikrotik.com/docs/spaces/ROS/pages/8978441/HWMPplus%2Bmesh,"HWMPplus mesh"
/interface/mesh/print,https://help.mikrotik.com/docs/spaces/ROS/pages/8978441/HWMPplus%2Bmesh,"HWMPplus mesh"
/interface/mesh/remove,https://help.mikrotik.com/docs/spaces/ROS/pages/8978441/HWMPplus%2Bmesh,"HWMPplus mesh"
/interface/mesh/reset,https://help.mikrotik.com/docs/spaces/ROS/pages/8978441/HWMPplus%2Bmesh,"HWMPplus mesh"
/interface/mesh/set,https://help.mikrotik.com/docs/spaces/ROS/pages/8978441/HWMPplus%2Bmesh,"HWMPplus mesh"
/interface/mesh/traceroute,https://help.mikrotik.com/docs/spaces/ROS/pages/8978441/HWMPplus%2Bmesh,"HWMPplus mesh"
/interface/monitor-traffic,https://help.mikrotik.com/docs/spaces/ROS/pages/328068/Bridging%2Band%2BSwitching,"Bridging and Switching"
/interface/ovpn-client,https://help.mikrotik.com/docs/spaces/ROS/pages/328206/Virtual%2BRouting%2Band%2BForwarding%2B-%2BVRF,"Virtual Routing and Forwarding - VRF"
/interface/ovpn-client/add,https://help.mikrotik.com/docs/spaces/ROS/pages/328206/Virtual%2BRouting%2Band%2BForwarding%2B-%2BVRF,"Virtual Routing and Forwarding - VRF"
/interface/ovpn-client/comment,https://help.mikrotik.com/docs/spaces/ROS/pages/328206/Virtual%2BRouting%2Band%2BForwarding%2B-%2BVRF,"Virtual Routing and Forwarding - VRF"
/interface/ovpn-client/disable,https://help.mikrotik.com/docs/spaces/ROS/pages/328206/Virtual%2BRouting%2Band%2BForwarding%2B-%2BVRF,"Virtual Routing and Forwarding - VRF"
/interface/ovpn-client/edit,https://help.mikrotik.com/docs/spaces/ROS/pages/328206/Virtual%2BRouting%2Band%2BForwarding%2B-%2BVRF,"Virtual Routing and Forwarding - VRF"
/interface/ovpn-client/enable,https://help.mikrotik.com/docs/spaces/ROS/pages/328206/Virtual%2BRouting%2Band%2BForwarding%2B-%2BVRF,"Virtual Routing and Forwarding - VRF"
/interface/ovpn-client/export,https://help.mikrotik.com/docs/spaces/ROS/pages/328206/Virtual%2BRouting%2Band%2BForwarding%2B-%2BVRF,"Virtual Routing and Forwarding - VRF"
/interface/ovpn-client/find,https://help.mikrotik.com/docs/spaces/ROS/pages/328206/Virtual%2BRouting%2Band%2BForwarding%2B-%2BVRF,"Virtual Routing and Forwarding - VRF"
/interface/ovpn-client/get,https://help.mikrotik.com/docs/spaces/ROS/pages/328206/Virtual%2BRouting%2Band%2BForwarding%2B-%2BVRF,"Virtual Routing and Forwarding - VRF"
/interface/ovpn-client/import-ovpn-configuration,https://help.mikrotik.com/docs/spaces/ROS/pages/328206/Virtual%2BRouting%2Band%2BForwarding%2B-%2BVRF,"Virtual Routing and Forwarding - VRF"
/interface/ovpn-client/monitor,https://help.mikrotik.com/docs/spaces/ROS/pages/328206/Virtual%2BRouting%2Band%2BForwarding%2B-%2BVRF,"Virtual Routing and Forwarding - VRF"
/interface/ovpn-client/print,https://help.mikrotik.com/docs/spaces/ROS/pages/328206/Virtual%2BRouting%2Band%2BForwarding%2B-%2BVRF,"Virtual Routing and Forwarding - VRF"
/interface/ovpn-client/remove,https://help.mikrotik.com/docs/spaces/ROS/pages/328206/Virtual%2BRouting%2Band%2BForwarding%2B-%2BVRF,"Virtual Routing and Forwarding - VRF"
/interface/ovpn-client/reset,https://help.mikrotik.com/docs/spaces/ROS/pages/328206/Virtual%2BRouting%2Band%2BForwarding%2B-%2BVRF,"Virtual Routing and Forwarding - VRF"
/interface/ovpn-client/set,https://help.mikrotik.com/docs/spaces/ROS/pages/328206/Virtual%2BRouting%2Band%2BForwarding%2B-%2BVRF,"Virtual Routing and Forwarding - VRF"
/interface/ovpn-server,https://help.mikrotik.com/docs/spaces/ROS/pages/2031655/OpenVPN,OpenVPN
/interface/ovpn-server/add,https://help.mikrotik.com/docs/spaces/ROS/pages/2031655/OpenVPN,OpenVPN
/interface/ovpn-server/comment,https://help.mikrotik.com/docs/spaces/ROS/pages/2031655/OpenVPN,OpenVPN
/interface/ovpn-server/disable,https://help.mikrotik.com/docs/spaces/ROS/pages/2031655/OpenVPN,OpenVPN
/interface/ovpn-server/edit,https://help.mikrotik.com/docs/spaces/ROS/pages/2031655/OpenVPN,OpenVPN
/interface/ovpn-server/enable,https://help.mikrotik.com/docs/spaces/ROS/pages/2031655/OpenVPN,OpenVPN
/interface/ovpn-server/export,https://help.mikrotik.com/docs/spaces/ROS/pages/2031655/OpenVPN,OpenVPN
/interface/ovpn-server/find,https://help.mikrotik.com/docs/spaces/ROS/pages/2031655/OpenVPN,OpenVPN
/interface/ovpn-server/get,https://help.mikrotik.com/docs/spaces/ROS/pages/2031655/OpenVPN,OpenVPN
/interface/ovpn-server/monitor,https://help.mikrotik.com/docs/spaces/ROS/pages/2031655/OpenVPN,OpenVPN
/interface/ovpn-server/print,https://help.mikrotik.com/docs/spaces/ROS/pages/2031655/OpenVPN,OpenVPN
/interface/ovpn-server/remove,https://help.mikrotik.com/docs/spaces/ROS/pages/2031655/OpenVPN,OpenVPN
/interface/ovpn-server/reset,https://help.mikrotik.com/docs/spaces/ROS/pages/2031655/OpenVPN,OpenVPN
/interface/ovpn-server/server,https://help.mikrotik.com/docs/spaces/ROS/pages/2031655/OpenVPN,OpenVPN
/interface/ovpn-server/server/add,https://help.mikrotik.com/docs/spaces/ROS/pages/2031655/OpenVPN,OpenVPN
/interface/ovpn-server/server/comment,https://help.mikrotik.com/docs/spaces/ROS/pages/2031655/OpenVPN,OpenVPN
/interface/ovpn-server/server/disable,https://help.mikrotik.com/docs/spaces/ROS/pages/2031655/OpenVPN,OpenVPN
/interface/ovpn-server/server/edit,https://help.mikrotik.com/docs/spaces/ROS/pages/2031655/OpenVPN,OpenVPN
/interface/ovpn-server/server/enable,https://help.mikrotik.com/docs/spaces/ROS/pages/2031655/OpenVPN,OpenVPN
/interface/ovpn-server/server/export,https://help.mikrotik.com/docs/spaces/ROS/pages/2031655/OpenVPN,OpenVPN
/interface/ovpn-server/server/export-client-configuration,https://help.mikrotik.com/docs/spaces/ROS/pages/2031655/OpenVPN,OpenVPN
/interface/ovpn-server/server/find,https://help.mikrotik.com/docs/spaces/ROS/pages/2031655/OpenVPN,OpenVPN
/interface/ovpn-server/server/get,https://help.mikrotik.com/docs/spaces/ROS/pages/2031655/OpenVPN,OpenVPN
/interface/ovpn-server/server/print,https://help.mikrotik.com/docs/spaces/ROS/pages/2031655/OpenVPN,OpenVPN
/interface/ovpn-server/server/remove,https://help.mikrotik.com/docs/spaces/ROS/pages/2031655/OpenVPN,OpenVPN
/interface/ovpn-server/server/reset,https://help.mikrotik.com/docs/spaces/ROS/pages/2031655/OpenVPN,OpenVPN
/interface/ovpn-server/server/set,https://help.mikrotik.com/docs/spaces/ROS/pages/2031655/OpenVPN,OpenVPN
/interface/ovpn-server/set,https://help.mikrotik.com/docs/spaces/ROS/pages/2031655/OpenVPN,OpenVPN
/interface/ppp-client,https://help.mikrotik.com/docs/spaces/ROS/pages/328072/PPP,PPP
/interface/ppp-client/add,https://help.mikrotik.com/docs/spaces/ROS/pages/328072/PPP,PPP
/interface/ppp-client/at-chat,https://help.mikrotik.com/docs/spaces/ROS/pages/328072/PPP,PPP
/interface/ppp-client/comment,https://help.mikrotik.com/docs/spaces/ROS/pages/328072/PPP,PPP
/interface/ppp-client/disable,https://help.mikrotik.com/docs/spaces/ROS/pages/328072/PPP,PPP
/interface/ppp-client/edit,https://help.mikrotik.com/docs/spaces/ROS/pages/328072/PPP,PPP
/interface/ppp-client/enable,https://help.mikrotik.com/docs/spaces/ROS/pages/328072/PPP,PPP
/interface/ppp-client/export,https://help.mikrotik.com/docs/spaces/ROS/pages/328072/PPP,PPP
/interface/ppp-client/find,https://help.mikrotik.com/docs/spaces/ROS/pages/328072/PPP,PPP
/interface/ppp-client/firmware-upgrade,https://help.mikrotik.com/docs/spaces/ROS/pages/328072/PPP,PPP
/interface/ppp-client/get,https://help.mikrotik.com/docs/spaces/ROS/pages/328072/PPP,PPP
/interface/ppp-client/info,https://help.mikrotik.com/docs/spaces/ROS/pages/328072/PPP,PPP
/interface/ppp-client/monitor,https://help.mikrotik.com/docs/spaces/ROS/pages/328072/PPP,PPP
/interface/ppp-client/print,https://help.mikrotik.com/docs/spaces/ROS/pages/328072/PPP,PPP
/interface/ppp-client/remove,https://help.mikrotik.com/docs/spaces/ROS/pages/328072/PPP,PPP
/interface/ppp-client/reset,https://help.mikrotik.com/docs/spaces/ROS/pages/328072/PPP,PPP
/interface/ppp-client/scan,https://help.mikrotik.com/docs/spaces/ROS/pages/328072/PPP,PPP
/interface/ppp-client/set,https://help.mikrotik.com/docs/spaces/ROS/pages/328072/PPP,PPP
/interface/ppp-client/unset,https://help.mikrotik.com/docs/spaces/ROS/pages/328072/PPP,PPP
/interface/ppp-server,https://help.mikrotik.com/docs/spaces/ROS/pages/328072/PPP,PPP
/interface/ppp-server/add,https://help.mikrotik.com/docs/spaces/ROS/pages/328072/PPP,PPP
/interface/ppp-server/comment,https://help.mikrotik.com/docs/spaces/ROS/pages/328072/PPP,PPP
/interface/ppp-server/disable,https://help.mikrotik.com/docs/spaces/ROS/pages/328072/PPP,PPP
/interface/ppp-server/edit,https://help.mikrotik.com/docs/spaces/ROS/pages/328072/PPP,PPP
/interface/ppp-server/enable,https://help.mikrotik.com/docs/spaces/ROS/pages/328072/PPP,PPP
/interface/ppp-server/export,https://help.mikrotik.com/docs/spaces/ROS/pages/328072/PPP,PPP
/interface/ppp-server/find,https://help.mikrotik.com/docs/spaces/ROS/pages/328072/PPP,PPP
/interface/ppp-server/get,https://help.mikrotik.com/docs/spaces/ROS/pages/328072/PPP,PPP
/interface/ppp-server/monitor,https://help.mikrotik.com/docs/spaces/ROS/pages/328072/PPP,PPP
/interface/ppp-server/print,https://help.mikrotik.com/docs/spaces/ROS/pages/328072/PPP,PPP
/interface/ppp-server/remove,https://help.mikrotik.com/docs/spaces/ROS/pages/328072/PPP,PPP
/interface/ppp-server/reset,https://help.mikrotik.com/docs/spaces/ROS/pages/328072/PPP,PPP
/interface/ppp-server/set,https://help.mikrotik.com/docs/spaces/ROS/pages/328072/PPP,PPP
/interface/pppoe-client,https://help.mikrotik.com/docs/spaces/ROS/pages/328151/First%2BTime%2BConfiguration,"First Time Configuration"
/interface/pppoe-client/add,https://help.mikrotik.com/docs/spaces/ROS/pages/328151/First%2BTime%2BConfiguration,"First Time Configuration"
/interface/pppoe-client/comment,https://help.mikrotik.com/docs/spaces/ROS/pages/328151/First%2BTime%2BConfiguration,"First Time Configuration"
/interface/pppoe-client/disable,https://help.mikrotik.com/docs/spaces/ROS/pages/328151/First%2BTime%2BConfiguration,"First Time Configuration"
/interface/pppoe-client/edit,https://help.mikrotik.com/docs/spaces/ROS/pages/328151/First%2BTime%2BConfiguration,"First Time Configuration"
/interface/pppoe-client/enable,https://help.mikrotik.com/docs/spaces/ROS/pages/328151/First%2BTime%2BConfiguration,"First Time Configuration"
/interface/pppoe-client/export,https://help.mikrotik.com/docs/spaces/ROS/pages/328151/First%2BTime%2BConfiguration,"First Time Configuration"
/interface/pppoe-client/find,https://help.mikrotik.com/docs/spaces/ROS/pages/328151/First%2BTime%2BConfiguration,"First Time Configuration"
/interface/pppoe-client/get,https://help.mikrotik.com/docs/spaces/ROS/pages/328151/First%2BTime%2BConfiguration,"First Time Configuration"
/interface/pppoe-client/monitor,https://help.mikrotik.com/docs/spaces/ROS/pages/328151/First%2BTime%2BConfiguration,"First Time Configuration"
/interface/pppoe-client/print,https://help.mikrotik.com/docs/spaces/ROS/pages/328151/First%2BTime%2BConfiguration,"First Time Configuration"
/interface/pppoe-client/remove,https://help.mikrotik.com/docs/spaces/ROS/pages/328151/First%2BTime%2BConfiguration,"First Time Configuration"
/interface/pppoe-client/reset,https://help.mikrotik.com/docs/spaces/ROS/pages/328151/First%2BTime%2BConfiguration,"First Time Configuration"
/interface/pppoe-client/scan,https://help.mikrotik.com/docs/spaces/ROS/pages/328151/First%2BTime%2BConfiguration,"First Time Configuration"
/interface/pppoe-client/set,https://help.mikrotik.com/docs/spaces/ROS/pages/328151/First%2BTime%2BConfiguration,"First Time Configuration"
/interface/pppoe-client/unset,https://help.mikrotik.com/docs/spaces/ROS/pages/328151/First%2BTime%2BConfiguration,"First Time Configuration"
/interface/pppoe-server,https://help.mikrotik.com/docs/spaces/ROS/pages/2031625/PPPoE,PPPoE
/interface/pppoe-server/add,https://help.mikrotik.com/docs/spaces/ROS/pages/2031625/PPPoE,PPPoE
/interface/pppoe-server/comment,https://help.mikrotik.com/docs/spaces/ROS/pages/2031625/PPPoE,PPPoE
/interface/pppoe-server/disable,https://help.mikrotik.com/docs/spaces/ROS/pages/2031625/PPPoE,PPPoE
/interface/pppoe-server/edit,https://help.mikrotik.com/docs/spaces/ROS/pages/2031625/PPPoE,PPPoE
/interface/pppoe-server/enable,https://help.mikrotik.com/docs/spaces/ROS/pages/2031625/PPPoE,PPPoE
/interface/pppoe-server/export,https://help.mikrotik.com/docs/spaces/ROS/pages/2031625/PPPoE,PPPoE
/interface/pppoe-server/find,https://help.mikrotik.com/docs/spaces/ROS/pages/2031625/PPPoE,PPPoE
/interface/pppoe-server/get,https://help.mikrotik.com/docs/spaces/ROS/pages/2031625/PPPoE,PPPoE
/interface/pppoe-server/monitor,https://help.mikrotik.com/docs/spaces/ROS/pages/2031625/PPPoE,PPPoE
/interface/pppoe-server/print,https://help.mikrotik.com/docs/spaces/ROS/pages/2031625/PPPoE,PPPoE
/interface/pppoe-server/remove,https://help.mikrotik.com/docs/spaces/ROS/pages/2031625/PPPoE,PPPoE
/interface/pppoe-server/reset,https://help.mikrotik.com/docs/spaces/ROS/pages/2031625/PPPoE,PPPoE
/interface/pppoe-server/server,https://help.mikrotik.com/docs/spaces/ROS/pages/2031625/PPPoE,PPPoE
/interface/pppoe-server/server/add,https://help.mikrotik.com/docs/spaces/ROS/pages/2031625/PPPoE,PPPoE
/interface/pppoe-server/server/comment,https://help.mikrotik.com/docs/spaces/ROS/pages/2031625/PPPoE,PPPoE
/interface/pppoe-server/server/disable,https://help.mikrotik.com/docs/spaces/ROS/pages/2031625/PPPoE,PPPoE
/interface/pppoe-server/server/edit,https://help.mikrotik.com/docs/spaces/ROS/pages/2031625/PPPoE,PPPoE
/interface/pppoe-server/server/enable,https://help.mikrotik.com/docs/spaces/ROS/pages/2031625/PPPoE,PPPoE
/interface/pppoe-server/server/export,https://help.mikrotik.com/docs/spaces/ROS/pages/2031625/PPPoE,PPPoE
/interface/pppoe-server/server/find,https://help.mikrotik.com/docs/spaces/ROS/pages/2031625/PPPoE,PPPoE
/interface/pppoe-server/server/get,https://help.mikrotik.com/docs/spaces/ROS/pages/2031625/PPPoE,PPPoE
/interface/pppoe-server/server/print,https://help.mikrotik.com/docs/spaces/ROS/pages/2031625/PPPoE,PPPoE
/interface/pppoe-server/server/remove,https://help.mikrotik.com/docs/spaces/ROS/pages/2031625/PPPoE,PPPoE
/interface/pppoe-server/server/reset,https://help.mikrotik.com/docs/spaces/ROS/pages/2031625/PPPoE,PPPoE
/interface/pppoe-server/server/set,https://help.mikrotik.com/docs/spaces/ROS/pages/2031625/PPPoE,PPPoE
/interface/pppoe-server/set,https://help.mikrotik.com/docs/spaces/ROS/pages/2031625/PPPoE,PPPoE
/interface/pptp-client,https://help.mikrotik.com/docs/spaces/ROS/pages/328068/Bridging%2Band%2BSwitching,"Bridging and Switching"
/interface/pptp-server,https://help.mikrotik.com/docs/spaces/ROS/pages/2031638/PPTP,PPTP
/interface/pptp-server/add,https://help.mikrotik.com/docs/spaces/ROS/pages/2031638/PPTP,PPTP
/interface/pptp-server/comment,https://help.mikrotik.com/docs/spaces/ROS/pages/2031638/PPTP,PPTP
/interface/pptp-server/disable,https://help.mikrotik.com/docs/spaces/ROS/pages/2031638/PPTP,PPTP
/interface/pptp-server/edit,https://help.mikrotik.com/docs/spaces/ROS/pages/2031638/PPTP,PPTP
/interface/pptp-server/enable,https://help.mikrotik.com/docs/spaces/ROS/pages/2031638/PPTP,PPTP
/interface/pptp-server/export,https://help.mikrotik.com/docs/spaces/ROS/pages/2031638/PPTP,PPTP
/interface/pptp-server/find,https://help.mikrotik.com/docs/spaces/ROS/pages/2031638/PPTP,PPTP
/interface/pptp-server/get,https://help.mikrotik.com/docs/spaces/ROS/pages/2031638/PPTP,PPTP
/interface/pptp-server/monitor,https://help.mikrotik.com/docs/spaces/ROS/pages/2031638/PPTP,PPTP
/interface/pptp-server/print,https://help.mikrotik.com/docs/spaces/ROS/pages/2031638/PPTP,PPTP
/interface/pptp-server/remove,https://help.mikrotik.com/docs/spaces/ROS/pages/2031638/PPTP,PPTP
/interface/pptp-server/reset,https://help.mikrotik.com/docs/spaces/ROS/pages/2031638/PPTP,PPTP
/interface/pptp-server/server,https://help.mikrotik.com/docs/spaces/ROS/pages/2031638/PPTP,PPTP
/interface/pptp-server/set,https://help.mikrotik.com/docs/spaces/ROS/pages/2031638/PPTP,PPTP
/interface/print,https://help.mikrotik.com/docs/spaces/ROS/pages/328068/Bridging%2Band%2BSwitching,"Bridging and Switching"
/interface/recursive-print,https://help.mikrotik.com/docs/spaces/ROS/pages/328068/Bridging%2Band%2BSwitching,"Bridging and Switching"
/interface/reset,https://help.mikrotik.com/docs/spaces/ROS/pages/328068/Bridging%2Band%2BSwitching,"Bridging and Switching"
/interface/reset-counters,https://help.mikrotik.com/docs/spaces/ROS/pages/328068/Bridging%2Band%2BSwitching,"Bridging and Switching"
/interface/set,https://help.mikrotik.com/docs/spaces/ROS/pages/328068/Bridging%2Band%2BSwitching,"Bridging and Switching"
/interface/sstp-client,https://help.mikrotik.com/docs/spaces/ROS/pages/328206/Virtual%2BRouting%2Band%2BForwarding%2B-%2BVRF,"Virtual Routing and Forwarding - VRF"
/interface/sstp-client/add,https://help.mikrotik.com/docs/spaces/ROS/pages/328206/Virtual%2BRouting%2Band%2BForwarding%2B-%2BVRF,"Virtual Routing and Forwarding - VRF"
/interface/sstp-client/comment,https://help.mikrotik.com/docs/spaces/ROS/pages/328206/Virtual%2BRouting%2Band%2BForwarding%2B-%2BVRF,"Virtual Routing and Forwarding - VRF"
/interface/sstp-client/disable,https://help.mikrotik.com/docs/spaces/ROS/pages/328206/Virtual%2BRouting%2Band%2BForwarding%2B-%2BVRF,"Virtual Routing and Forwarding - VRF"
/interface/sstp-client/edit,https://help.mikrotik.com/docs/spaces/ROS/pages/328206/Virtual%2BRouting%2Band%2BForwarding%2B-%2BVRF,"Virtual Routing and Forwarding - VRF"
/interface/sstp-client/enable,https://help.mikrotik.com/docs/spaces/ROS/pages/328206/Virtual%2BRouting%2Band%2BForwarding%2B-%2BVRF,"Virtual Routing and Forwarding - VRF"
/interface/sstp-client/export,https://help.mikrotik.com/docs/spaces/ROS/pages/328206/Virtual%2BRouting%2Band%2BForwarding%2B-%2BVRF,"Virtual Routing and Forwarding - VRF"
/interface/sstp-client/find,https://help.mikrotik.com/docs/spaces/ROS/pages/328206/Virtual%2BRouting%2Band%2BForwarding%2B-%2BVRF,"Virtual Routing and Forwarding - VRF"
/interface/sstp-client/get,https://help.mikrotik.com/docs/spaces/ROS/pages/328206/Virtual%2BRouting%2Band%2BForwarding%2B-%2BVRF,"Virtual Routing and Forwarding - VRF"
/interface/sstp-client/monitor,https://help.mikrotik.com/docs/spaces/ROS/pages/328206/Virtual%2BRouting%2Band%2BForwarding%2B-%2BVRF,"Virtual Routing and Forwarding - VRF"
/interface/sstp-client/print,https://help.mikrotik.com/docs/spaces/ROS/pages/328206/Virtual%2BRouting%2Band%2BForwarding%2B-%2BVRF,"Virtual Routing and Forwarding - VRF"
/interface/sstp-client/remove,https://help.mikrotik.com/docs/spaces/ROS/pages/328206/Virtual%2BRouting%2Band%2BForwarding%2B-%2BVRF,"Virtual Routing and Forwarding - VRF"
/interface/sstp-client/reset,https://help.mikrotik.com/docs/spaces/ROS/pages/328206/Virtual%2BRouting%2Band%2BForwarding%2B-%2BVRF,"Virtual Routing and Forwarding - VRF"
/interface/sstp-client/set,https://help.mikrotik.com/docs/spaces/ROS/pages/328206/Virtual%2BRouting%2Band%2BForwarding%2B-%2BVRF,"Virtual Routing and Forwarding - VRF"
/interface/sstp-server,https://help.mikrotik.com/docs/spaces/ROS/pages/328068/Bridging%2Band%2BSwitching,"Bridging and Switching"
/interface/veth,https://help.mikrotik.com/docs/spaces/ROS/pages/84901929/Container,Container
/interface/veth/add,https://help.mikrotik.com/docs/spaces/ROS/pages/84901929/Container,Container
/interface/veth/comment,https://help.mikrotik.com/docs/spaces/ROS/pages/84901929/Container,Container
/interface/veth/disable,https://help.mikrotik.com/docs/spaces/ROS/pages/84901929/Container,Container
/interface/veth/edit,https://help.mikrotik.com/docs/spaces/ROS/pages/84901929/Container,Container
/interface/veth/enable,https://help.mikrotik.com/docs/spaces/ROS/pages/84901929/Container,Container
/interface/veth/export,https://help.mikrotik.com/docs/spaces/ROS/pages/84901929/Container,Container
/interface/veth/find,https://help.mikrotik.com/docs/spaces/ROS/pages/84901929/Container,Container
/interface/veth/get,https://help.mikrotik.com/docs/spaces/ROS/pages/84901929/Container,Container
/interface/veth/print,https://help.mikrotik.com/docs/spaces/ROS/pages/84901929/Container,Container
/interface/veth/remove,https://help.mikrotik.com/docs/spaces/ROS/pages/84901929/Container,Container
/interface/veth/reset,https://help.mikrotik.com/docs/spaces/ROS/pages/84901929/Container,Container
/interface/veth/set,https://help.mikrotik.com/docs/spaces/ROS/pages/84901929/Container,Container
/interface/vlan,https://help.mikrotik.com/docs/spaces/ROS/pages/328068/Bridging%2Band%2BSwitching,"Bridging and Switching"
/interface/vlan/add,https://help.mikrotik.com/docs/spaces/ROS/pages/328068/Bridging%2Band%2BSwitching,"Bridging and Switching"
/interface/vlan/comment,https://help.mikrotik.com/docs/spaces/ROS/pages/328068/Bridging%2Band%2BSwitching,"Bridging and Switching"
/interface/vlan/disable,https://help.mikrotik.com/docs/spaces/ROS/pages/328068/Bridging%2Band%2BSwitching,"Bridging and Switching"
/interface/vlan/edit,https://help.mikrotik.com/docs/spaces/ROS/pages/328068/Bridging%2Band%2BSwitching,"Bridging and Switching"
/interface/vlan/enable,https://help.mikrotik.com/docs/spaces/ROS/pages/328068/Bridging%2Band%2BSwitching,"Bridging and Switching"
/interface/vlan/export,https://help.mikrotik.com/docs/spaces/ROS/pages/328068/Bridging%2Band%2BSwitching,"Bridging and Switching"
/interface/vlan/find,https://help.mikrotik.com/docs/spaces/ROS/pages/328068/Bridging%2Band%2BSwitching,"Bridging and Switching"
/interface/vlan/get,https://help.mikrotik.com/docs/spaces/ROS/pages/328068/Bridging%2Band%2BSwitching,"Bridging and Switching"
/interface/vlan/print,https://help.mikrotik.com/docs/spaces/ROS/pages/328068/Bridging%2Band%2BSwitching,"Bridging and Switching"
/interface/vlan/remove,https://help.mikrotik.com/docs/spaces/ROS/pages/328068/Bridging%2Band%2BSwitching,"Bridging and Switching"
/interface/vlan/reset,https://help.mikrotik.com/docs/spaces/ROS/pages/328068/Bridging%2Band%2BSwitching,"Bridging and Switching"
/interface/vlan/set,https://help.mikrotik.com/docs/spaces/ROS/pages/328068/Bridging%2Band%2BSwitching,"Bridging and Switching"
/interface/vpls,https://help.mikrotik.com/docs/spaces/ROS/pages/40992798/VPLS,VPLS
/interface/vpls/add,https://help.mikrotik.com/docs/spaces/ROS/pages/40992798/VPLS,VPLS
/interface/vpls/comment,https://help.mikrotik.com/docs/spaces/ROS/pages/40992798/VPLS,VPLS
/interface/vpls/disable,https://help.mikrotik.com/docs/spaces/ROS/pages/40992798/VPLS,VPLS
/interface/vpls/edit,https://help.mikrotik.com/docs/spaces/ROS/pages/40992798/VPLS,VPLS
/interface/vpls/enable,https://help.mikrotik.com/docs/spaces/ROS/pages/40992798/VPLS,VPLS
/interface/vpls/export,https://help.mikrotik.com/docs/spaces/ROS/pages/40992798/VPLS,VPLS
/interface/vpls/find,https://help.mikrotik.com/docs/spaces/ROS/pages/40992798/VPLS,VPLS
/interface/vpls/get,https://help.mikrotik.com/docs/spaces/ROS/pages/40992798/VPLS,VPLS
/interface/vpls/monitor,https://help.mikrotik.com/docs/spaces/ROS/pages/40992798/VPLS,VPLS
/interface/vpls/print,https://help.mikrotik.com/docs/spaces/ROS/pages/40992798/VPLS,VPLS
/interface/vpls/remove,https://help.mikrotik.com/docs/spaces/ROS/pages/40992798/VPLS,VPLS
/interface/vpls/reset,https://help.mikrotik.com/docs/spaces/ROS/pages/40992798/VPLS,VPLS
/interface/vpls/set,https://help.mikrotik.com/docs/spaces/ROS/pages/40992798/VPLS,VPLS
/interface/vpls/unset,https://help.mikrotik.com/docs/spaces/ROS/pages/40992798/VPLS,VPLS
/interface/vrrp,https://help.mikrotik.com/docs/spaces/ROS/pages/81362945/VRRP,VRRP
/interface/vrrp/add,https://help.mikrotik.com/docs/spaces/ROS/pages/81362945/VRRP,VRRP
/interface/vrrp/comment,https://help.mikrotik.com/docs/spaces/ROS/pages/81362945/VRRP,VRRP
/interface/vrrp/disable,https://help.mikrotik.com/docs/spaces/ROS/pages/81362945/VRRP,VRRP
/interface/vrrp/edit,https://help.mikrotik.com/docs/spaces/ROS/pages/81362945/VRRP,VRRP
/interface/vrrp/enable,https://help.mikrotik.com/docs/spaces/ROS/pages/81362945/VRRP,VRRP
/interface/vrrp/export,https://help.mikrotik.com/docs/spaces/ROS/pages/81362945/VRRP,VRRP
/interface/vrrp/find,https://help.mikrotik.com/docs/spaces/ROS/pages/81362945/VRRP,VRRP
/interface/vrrp/get,https://help.mikrotik.com/docs/spaces/ROS/pages/81362945/VRRP,VRRP
/interface/vrrp/print,https://help.mikrotik.com/docs/spaces/ROS/pages/81362945/VRRP,VRRP
/interface/vrrp/remove,https://help.mikrotik.com/docs/spaces/ROS/pages/81362945/VRRP,VRRP
/interface/vrrp/reset,https://help.mikrotik.com/docs/spaces/ROS/pages/81362945/VRRP,VRRP
/interface/vrrp/set,https://help.mikrotik.com/docs/spaces/ROS/pages/81362945/VRRP,VRRP
/interface/vxlan,https://help.mikrotik.com/docs/spaces/ROS/pages/328206/Virtual%2BRouting%2Band%2BForwarding%2B-%2BVRF,"Virtual Routing and Forwarding - VRF"
/interface/vxlan/add,https://help.mikrotik.com/docs/spaces/ROS/pages/328206/Virtual%2BRouting%2Band%2BForwarding%2B-%2BVRF,"Virtual Routing and Forwarding - VRF"
/interface/vxlan/comment,https://help.mikrotik.com/docs/spaces/ROS/pages/328206/Virtual%2BRouting%2Band%2BForwarding%2B-%2BVRF,"Virtual Routing and Forwarding - VRF"
/interface/vxlan/disable,https://help.mikrotik.com/docs/spaces/ROS/pages/328206/Virtual%2BRouting%2Band%2BForwarding%2B-%2BVRF,"Virtual Routing and Forwarding - VRF"
/interface/vxlan/edit,https://help.mikrotik.com/docs/spaces/ROS/pages/328206/Virtual%2BRouting%2Band%2BForwarding%2B-%2BVRF,"Virtual Routing and Forwarding - VRF"
/interface/vxlan/enable,https://help.mikrotik.com/docs/spaces/ROS/pages/328206/Virtual%2BRouting%2Band%2BForwarding%2B-%2BVRF,"Virtual Routing and Forwarding - VRF"
/interface/vxlan/export,https://help.mikrotik.com/docs/spaces/ROS/pages/328206/Virtual%2BRouting%2Band%2BForwarding%2B-%2BVRF,"Virtual Routing and Forwarding - VRF"
/interface/vxlan/fdb,https://help.mikrotik.com/docs/spaces/ROS/pages/100007937/VXLAN,VXLAN
/interface/vxlan/fdb/find,https://help.mikrotik.com/docs/spaces/ROS/pages/100007937/VXLAN,VXLAN
/interface/vxlan/fdb/get,https://help.mikrotik.com/docs/spaces/ROS/pages/100007937/VXLAN,VXLAN
/interface/vxlan/fdb/print,https://help.mikrotik.com/docs/spaces/ROS/pages/100007937/VXLAN,VXLAN
/interface/vxlan/find,https://help.mikrotik.com/docs/spaces/ROS/pages/328206/Virtual%2BRouting%2Band%2BForwarding%2B-%2BVRF,"Virtual Routing and Forwarding - VRF"
/interface/vxlan/get,https://help.mikrotik.com/docs/spaces/ROS/pages/328206/Virtual%2BRouting%2Band%2BForwarding%2B-%2BVRF,"Virtual Routing and Forwarding - VRF"
/interface/vxlan/print,https://help.mikrotik.com/docs/spaces/ROS/pages/328206/Virtual%2BRouting%2Band%2BForwarding%2B-%2BVRF,"Virtual Routing and Forwarding - VRF"
/interface/vxlan/remove,https://help.mikrotik.com/docs/spaces/ROS/pages/328206/Virtual%2BRouting%2Band%2BForwarding%2B-%2BVRF,"Virtual Routing and Forwarding - VRF"
/interface/vxlan/reset,https://help.mikrotik.com/docs/spaces/ROS/pages/328206/Virtual%2BRouting%2Band%2BForwarding%2B-%2BVRF,"Virtual Routing and Forwarding - VRF"
/interface/vxlan/set,https://help.mikrotik.com/docs/spaces/ROS/pages/328206/Virtual%2BRouting%2Band%2BForwarding%2B-%2BVRF,"Virtual Routing and Forwarding - VRF"
/interface/vxlan/unset,https://help.mikrotik.com/docs/spaces/ROS/pages/328206/Virtual%2BRouting%2Band%2BForwarding%2B-%2BVRF,"Virtual Routing and Forwarding - VRF"
/interface/vxlan/vteps,https://help.mikrotik.com/docs/spaces/ROS/pages/100007937/VXLAN,VXLAN
/interface/vxlan/vteps/add,https://help.mikrotik.com/docs/spaces/ROS/pages/100007937/VXLAN,VXLAN
/interface/vxlan/vteps/comment,https://help.mikrotik.com/docs/spaces/ROS/pages/100007937/VXLAN,VXLAN
/interface/vxlan/vteps/disable,https://help.mikrotik.com/docs/spaces/ROS/pages/100007937/VXLAN,VXLAN
/interface/vxlan/vteps/edit,https://help.mikrotik.com/docs/spaces/ROS/pages/100007937/VXLAN,VXLAN
/interface/vxlan/vteps/enable,https://help.mikrotik.com/docs/spaces/ROS/pages/100007937/VXLAN,VXLAN
/interface/vxlan/vteps/export,https://help.mikrotik.com/docs/spaces/ROS/pages/100007937/VXLAN,VXLAN
/interface/vxlan/vteps/find,https://help.mikrotik.com/docs/spaces/ROS/pages/100007937/VXLAN,VXLAN
/interface/vxlan/vteps/get,https://help.mikrotik.com/docs/spaces/ROS/pages/100007937/VXLAN,VXLAN
/interface/vxlan/vteps/print,https://help.mikrotik.com/docs/spaces/ROS/pages/100007937/VXLAN,VXLAN
/interface/vxlan/vteps/remove,https://help.mikrotik.com/docs/spaces/ROS/pages/100007937/VXLAN,VXLAN
/interface/vxlan/vteps/reset,https://help.mikrotik.com/docs/spaces/ROS/pages/100007937/VXLAN,VXLAN
/interface/vxlan/vteps/set,https://help.mikrotik.com/docs/spaces/ROS/pages/100007937/VXLAN,VXLAN
/interface/wifi,https://help.mikrotik.com/docs/spaces/ROS/pages/40992878/RouterBOARD,RouterBOARD
/interface/wifi/aaa,https://help.mikrotik.com/docs/spaces/ROS/pages/40992878/RouterBOARD,RouterBOARD
/interface/wifi/access-list,https://help.mikrotik.com/docs/spaces/ROS/pages/224559120/WiFi,WiFi
/interface/wifi/access-list/add,https://help.mikrotik.com/docs/spaces/ROS/pages/224559120/WiFi,WiFi
/interface/wifi/access-list/comment,https://help.mikrotik.com/docs/spaces/ROS/pages/224559120/WiFi,WiFi
/interface/wifi/access-list/disable,https://help.mikrotik.com/docs/spaces/ROS/pages/224559120/WiFi,WiFi
/interface/wifi/access-list/edit,https://help.mikrotik.com/docs/spaces/ROS/pages/224559120/WiFi,WiFi
/interface/wifi/access-list/enable,https://help.mikrotik.com/docs/spaces/ROS/pages/224559120/WiFi,WiFi
/interface/wifi/access-list/export,https://help.mikrotik.com/docs/spaces/ROS/pages/224559120/WiFi,WiFi
/interface/wifi/access-list/find,https://help.mikrotik.com/docs/spaces/ROS/pages/224559120/WiFi,WiFi
/interface/wifi/access-list/get,https://help.mikrotik.com/docs/spaces/ROS/pages/224559120/WiFi,WiFi
/interface/wifi/access-list/move,https://help.mikrotik.com/docs/spaces/ROS/pages/224559120/WiFi,WiFi
/interface/wifi/access-list/print,https://help.mikrotik.com/docs/spaces/ROS/pages/224559120/WiFi,WiFi
/interface/wifi/access-list/remove,https://help.mikrotik.com/docs/spaces/ROS/pages/224559120/WiFi,WiFi
/interface/wifi/access-list/reset,https://help.mikrotik.com/docs/spaces/ROS/pages/224559120/WiFi,WiFi
/interface/wifi/access-list/set,https://help.mikrotik.com/docs/spaces/ROS/pages/224559120/WiFi,WiFi
/interface/wifi/access-list/unset,https://help.mikrotik.com/docs/spaces/ROS/pages/224559120/WiFi,WiFi
/interface/wifi/add,https://help.mikrotik.com/docs/spaces/ROS/pages/40992878/RouterBOARD,RouterBOARD
/interface/wifi/cap,https://help.mikrotik.com/docs/spaces/ROS/pages/224559120/WiFi,WiFi
/interface/wifi/cap/edit,https://help.mikrotik.com/docs/spaces/ROS/pages/224559120/WiFi,WiFi
/interface/wifi/cap/export,https://help.mikrotik.com/docs/spaces/ROS/pages/224559120/WiFi,WiFi
/interface/wifi/cap/get,https://help.mikrotik.com/docs/spaces/ROS/pages/224559120/WiFi,WiFi
/interface/wifi/cap/print,https://help.mikrotik.com/docs/spaces/ROS/pages/224559120/WiFi,WiFi
/interface/wifi/cap/reset,https://help.mikrotik.com/docs/spaces/ROS/pages/224559120/WiFi,WiFi
/interface/wifi/cap/set,https://help.mikrotik.com/docs/spaces/ROS/pages/224559120/WiFi,WiFi
/interface/wifi/capsman,https://help.mikrotik.com/docs/spaces/ROS/pages/224559120/WiFi,WiFi
/interface/wifi/capsman/edit,https://help.mikrotik.com/docs/spaces/ROS/pages/224559120/WiFi,WiFi
/interface/wifi/capsman/export,https://help.mikrotik.com/docs/spaces/ROS/pages/224559120/WiFi,WiFi
/interface/wifi/capsman/get,https://help.mikrotik.com/docs/spaces/ROS/pages/224559120/WiFi,WiFi
/interface/wifi/capsman/print,https://help.mikrotik.com/docs/spaces/ROS/pages/224559120/WiFi,WiFi
/interface/wifi/capsman/remote-cap,https://help.mikrotik.com/docs/spaces/ROS/pages/224559120/WiFi,WiFi
/interface/wifi/capsman/reset,https://help.mikrotik.com/docs/spaces/ROS/pages/224559120/WiFi,WiFi
/interface/wifi/capsman/set,https://help.mikrotik.com/docs/spaces/ROS/pages/224559120/WiFi,WiFi
/interface/wifi/channel,https://help.mikrotik.com/docs/spaces/ROS/pages/224559120/WiFi,WiFi
/interface/wifi/channel/add,https://help.mikrotik.com/docs/spaces/ROS/pages/224559120/WiFi,WiFi
/interface/wifi/channel/comment,https://help.mikrotik.com/docs/spaces/ROS/pages/224559120/WiFi,WiFi
/interface/wifi/channel/disable,https://help.mikrotik.com/docs/spaces/ROS/pages/224559120/WiFi,WiFi
/interface/wifi/channel/edit,https://help.mikrotik.com/docs/spaces/ROS/pages/224559120/WiFi,WiFi
/interface/wifi/channel/enable,https://help.mikrotik.com/docs/spaces/ROS/pages/224559120/WiFi,WiFi
/interface/wifi/channel/export,https://help.mikrotik.com/docs/spaces/ROS/pages/224559120/WiFi,WiFi
/interface/wifi/channel/find,https://help.mikrotik.com/docs/spaces/ROS/pages/224559120/WiFi,WiFi
/interface/wifi/channel/get,https://help.mikrotik.com/docs/spaces/ROS/pages/224559120/WiFi,WiFi
/interface/wifi/channel/print,https://help.mikrotik.com/docs/spaces/ROS/pages/224559120/WiFi,WiFi
/interface/wifi/channel/remove,https://help.mikrotik.com/docs/spaces/ROS/pages/224559120/WiFi,WiFi
/interface/wifi/channel/reset,https://help.mikrotik.com/docs/spaces/ROS/pages/224559120/WiFi,WiFi
/interface/wifi/channel/set,https://help.mikrotik.com/docs/spaces/ROS/pages/224559120/WiFi,WiFi
/interface/wifi/channel/unset,https://help.mikrotik.com/docs/spaces/ROS/pages/224559120/WiFi,WiFi
/interface/wifi/comment,https://help.mikrotik.com/docs/spaces/ROS/pages/40992878/RouterBOARD,RouterBOARD
/interface/wifi/configuration,https://help.mikrotik.com/docs/spaces/ROS/pages/224559120/WiFi,WiFi
/interface/wifi/configuration/add,https://help.mikrotik.com/docs/spaces/ROS/pages/224559120/WiFi,WiFi
/interface/wifi/configuration/comment,https://help.mikrotik.com/docs/spaces/ROS/pages/224559120/WiFi,WiFi
/interface/wifi/configuration/disable,https://help.mikrotik.com/docs/spaces/ROS/pages/224559120/WiFi,WiFi
/interface/wifi/configuration/edit,https://help.mikrotik.com/docs/spaces/ROS/pages/224559120/WiFi,WiFi
/interface/wifi/configuration/enable,https://help.mikrotik.com/docs/spaces/ROS/pages/224559120/WiFi,WiFi
/interface/wifi/configuration/export,https://help.mikrotik.com/docs/spaces/ROS/pages/224559120/WiFi,WiFi
/interface/wifi/configuration/find,https://help.mikrotik.com/docs/spaces/ROS/pages/224559120/WiFi,WiFi
/interface/wifi/configuration/get,https://help.mikrotik.com/docs/spaces/ROS/pages/224559120/WiFi,WiFi
/interface/wifi/configuration/print,https://help.mikrotik.com/docs/spaces/ROS/pages/224559120/WiFi,WiFi
/interface/wifi/configuration/remove,https://help.mikrotik.com/docs/spaces/ROS/pages/224559120/WiFi,WiFi
/interface/wifi/configuration/reset,https://help.mikrotik.com/docs/spaces/ROS/pages/224559120/WiFi,WiFi
/interface/wifi/configuration/set,https://help.mikrotik.com/docs/spaces/ROS/pages/224559120/WiFi,WiFi
/interface/wifi/configuration/unset,https://help.mikrotik.com/docs/spaces/ROS/pages/224559120/WiFi,WiFi
/interface/wifi/datapath,https://help.mikrotik.com/docs/spaces/ROS/pages/224559120/WiFi,WiFi
/interface/wifi/datapath/add,https://help.mikrotik.com/docs/spaces/ROS/pages/224559120/WiFi,WiFi
/interface/wifi/datapath/comment,https://help.mikrotik.com/docs/spaces/ROS/pages/224559120/WiFi,WiFi
/interface/wifi/datapath/disable,https://help.mikrotik.com/docs/spaces/ROS/pages/224559120/WiFi,WiFi
/interface/wifi/datapath/edit,https://help.mikrotik.com/docs/spaces/ROS/pages/224559120/WiFi,WiFi
/interface/wifi/datapath/enable,https://help.mikrotik.com/docs/spaces/ROS/pages/224559120/WiFi,WiFi
/interface/wifi/datapath/export,https://help.mikrotik.com/docs/spaces/ROS/pages/224559120/WiFi,WiFi
/interface/wifi/datapath/find,https://help.mikrotik.com/docs/spaces/ROS/pages/224559120/WiFi,WiFi
/interface/wifi/datapath/get,https://help.mikrotik.com/docs/spaces/ROS/pages/224559120/WiFi,WiFi
/interface/wifi/datapath/print,https://help.mikrotik.com/docs/spaces/ROS/pages/224559120/WiFi,WiFi
/interface/wifi/datapath/remove,https://help.mikrotik.com/docs/spaces/ROS/pages/224559120/WiFi,WiFi
/interface/wifi/datapath/reset,https://help.mikrotik.com/docs/spaces/ROS/pages/224559120/WiFi,WiFi
/interface/wifi/datapath/set,https://help.mikrotik.com/docs/spaces/ROS/pages/224559120/WiFi,WiFi
/interface/wifi/datapath/unset,https://help.mikrotik.com/docs/spaces/ROS/pages/224559120/WiFi,WiFi
/interface/wifi/devel,https://help.mikrotik.com/docs/spaces/ROS/pages/40992878/RouterBOARD,RouterBOARD
/interface/wifi/disable,https://help.mikrotik.com/docs/spaces/ROS/pages/40992878/RouterBOARD,RouterBOARD
/interface/wifi/edit,https://help.mikrotik.com/docs/spaces/ROS/pages/40992878/RouterBOARD,RouterBOARD
/interface/wifi/enable,https://help.mikrotik.com/docs/spaces/ROS/pages/40992878/RouterBOARD,RouterBOARD
/interface/wifi/export,https://help.mikrotik.com/docs/spaces/ROS/pages/40992878/RouterBOARD,RouterBOARD
/interface/wifi/find,https://help.mikrotik.com/docs/spaces/ROS/pages/40992878/RouterBOARD,RouterBOARD
/interface/wifi/flat-snoop,https://help.mikrotik.com/docs/spaces/ROS/pages/40992878/RouterBOARD,RouterBOARD
/interface/wifi/frequency-scan,https://help.mikrotik.com/docs/spaces/ROS/pages/40992878/RouterBOARD,RouterBOARD
/interface/wifi/get,https://help.mikrotik.com/docs/spaces/ROS/pages/40992878/RouterBOARD,RouterBOARD
/interface/wifi/interworking,https://help.mikrotik.com/docs/spaces/ROS/pages/334168086/Interworking%2Bfor%2BWiFi6,"Interworking for WiFi6"
/interface/wifi/interworking/add,https://help.mikrotik.com/docs/spaces/ROS/pages/334168086/Interworking%2Bfor%2BWiFi6,"Interworking for WiFi6"
/interface/wifi/interworking/comment,https://help.mikrotik.com/docs/spaces/ROS/pages/334168086/Interworking%2Bfor%2BWiFi6,"Interworking for WiFi6"
/interface/wifi/interworking/disable,https://help.mikrotik.com/docs/spaces/ROS/pages/334168086/Interworking%2Bfor%2BWiFi6,"Interworking for WiFi6"
/interface/wifi/interworking/edit,https://help.mikrotik.com/docs/spaces/ROS/pages/334168086/Interworking%2Bfor%2BWiFi6,"Interworking for WiFi6"
/interface/wifi/interworking/enable,https://help.mikrotik.com/docs/spaces/ROS/pages/334168086/Interworking%2Bfor%2BWiFi6,"Interworking for WiFi6"
/interface/wifi/interworking/export,https://help.mikrotik.com/docs/spaces/ROS/pages/334168086/Interworking%2Bfor%2BWiFi6,"Interworking for WiFi6"
/interface/wifi/interworking/find,https://help.mikrotik.com/docs/spaces/ROS/pages/334168086/Interworking%2Bfor%2BWiFi6,"Interworking for WiFi6"
/interface/wifi/interworking/get,https://help.mikrotik.com/docs/spaces/ROS/pages/334168086/Interworking%2Bfor%2BWiFi6,"Interworking for WiFi6"
/interface/wifi/interworking/print,https://help.mikrotik.com/docs/spaces/ROS/pages/334168086/Interworking%2Bfor%2BWiFi6,"Interworking for WiFi6"
/interface/wifi/interworking/remove,https://help.mikrotik.com/docs/spaces/ROS/pages/334168086/Interworking%2Bfor%2BWiFi6,"Interworking for WiFi6"
/interface/wifi/interworking/reset,https://help.mikrotik.com/docs/spaces/ROS/pages/334168086/Interworking%2Bfor%2BWiFi6,"Interworking for WiFi6"
/interface/wifi/interworking/set,https://help.mikrotik.com/docs/spaces/ROS/pages/334168086/Interworking%2Bfor%2BWiFi6,"Interworking for WiFi6"
/interface/wifi/interworking/unset,https://help.mikrotik.com/docs/spaces/ROS/pages/334168086/Interworking%2Bfor%2BWiFi6,"Interworking for WiFi6"
/interface/wifi/liberate,https://help.mikrotik.com/docs/spaces/ROS/pages/40992878/RouterBOARD,RouterBOARD
/interface/wifi/monitor,https://help.mikrotik.com/docs/spaces/ROS/pages/40992878/RouterBOARD,RouterBOARD
/interface/wifi/network,https://help.mikrotik.com/docs/spaces/ROS/pages/40992878/RouterBOARD,RouterBOARD
/interface/wifi/print,https://help.mikrotik.com/docs/spaces/ROS/pages/40992878/RouterBOARD,RouterBOARD
/interface/wifi/provisioning,https://help.mikrotik.com/docs/spaces/ROS/pages/224559120/WiFi,WiFi
/interface/wifi/provisioning/add,https://help.mikrotik.com/docs/spaces/ROS/pages/224559120/WiFi,WiFi
/interface/wifi/provisioning/comment,https://help.mikrotik.com/docs/spaces/ROS/pages/224559120/WiFi,WiFi
/interface/wifi/provisioning/disable,https://help.mikrotik.com/docs/spaces/ROS/pages/224559120/WiFi,WiFi
/interface/wifi/provisioning/edit,https://help.mikrotik.com/docs/spaces/ROS/pages/224559120/WiFi,WiFi
/interface/wifi/provisioning/enable,https://help.mikrotik.com/docs/spaces/ROS/pages/224559120/WiFi,WiFi
/interface/wifi/provisioning/export,https://help.mikrotik.com/docs/spaces/ROS/pages/224559120/WiFi,WiFi
/interface/wifi/provisioning/find,https://help.mikrotik.com/docs/spaces/ROS/pages/224559120/WiFi,WiFi
/interface/wifi/provisioning/get,https://help.mikrotik.com/docs/spaces/ROS/pages/224559120/WiFi,WiFi
/interface/wifi/provisioning/move,https://help.mikrotik.com/docs/spaces/ROS/pages/224559120/WiFi,WiFi
/interface/wifi/provisioning/print,https://help.mikrotik.com/docs/spaces/ROS/pages/224559120/WiFi,WiFi
/interface/wifi/provisioning/remove,https://help.mikrotik.com/docs/spaces/ROS/pages/224559120/WiFi,WiFi
/interface/wifi/provisioning/reset,https://help.mikrotik.com/docs/spaces/ROS/pages/224559120/WiFi,WiFi
/interface/wifi/provisioning/set,https://help.mikrotik.com/docs/spaces/ROS/pages/224559120/WiFi,WiFi
/interface/wifi/provisioning/unset,https://help.mikrotik.com/docs/spaces/ROS/pages/224559120/WiFi,WiFi
/interface/wifi/radio,https://help.mikrotik.com/docs/spaces/ROS/pages/313262119/Configuring%2Boutdoor%2BCPE%2Bto%2BAP%2Blinks,"Configuring outdoor CPE to AP links"
/interface/wifi/radio/export,https://help.mikrotik.com/docs/spaces/ROS/pages/313262119/Configuring%2Boutdoor%2BCPE%2Bto%2BAP%2Blinks,"Configuring outdoor CPE to AP links"
/interface/wifi/radio/find,https://help.mikrotik.com/docs/spaces/ROS/pages/313262119/Configuring%2Boutdoor%2BCPE%2Bto%2BAP%2Blinks,"Configuring outdoor CPE to AP links"
/interface/wifi/radio/get,https://help.mikrotik.com/docs/spaces/ROS/pages/313262119/Configuring%2Boutdoor%2BCPE%2Bto%2BAP%2Blinks,"Configuring outdoor CPE to AP links"
/interface/wifi/radio/print,https://help.mikrotik.com/docs/spaces/ROS/pages/313262119/Configuring%2Boutdoor%2BCPE%2Bto%2BAP%2Blinks,"Configuring outdoor CPE to AP links"
/interface/wifi/radio/provision,https://help.mikrotik.com/docs/spaces/ROS/pages/313262119/Configuring%2Boutdoor%2BCPE%2Bto%2BAP%2Blinks,"Configuring outdoor CPE to AP links"
/interface/wifi/radio/reg-info,https://help.mikrotik.com/docs/spaces/ROS/pages/313262119/Configuring%2Boutdoor%2BCPE%2Bto%2BAP%2Blinks,"Configuring outdoor CPE to AP links"
/interface/wifi/radio/settings,https://help.mikrotik.com/docs/spaces/ROS/pages/313262119/Configuring%2Boutdoor%2BCPE%2Bto%2BAP%2Blinks,"Configuring outdoor CPE to AP links"
/interface/wifi/radio/unset,https://help.mikrotik.com/docs/spaces/ROS/pages/313262119/Configuring%2Boutdoor%2BCPE%2Bto%2BAP%2Blinks,"Configuring outdoor CPE to AP links"
/interface/wifi/registration-table,https://help.mikrotik.com/docs/spaces/ROS/pages/224559120/WiFi,WiFi
/interface/wifi/registration-table/edit,https://help.mikrotik.com/docs/spaces/ROS/pages/224559120/WiFi,WiFi
/interface/wifi/registration-table/find,https://help.mikrotik.com/docs/spaces/ROS/pages/224559120/WiFi,WiFi
/interface/wifi/registration-table/get,https://help.mikrotik.com/docs/spaces/ROS/pages/224559120/WiFi,WiFi
/interface/wifi/registration-table/print,https://help.mikrotik.com/docs/spaces/ROS/pages/224559120/WiFi,WiFi
/interface/wifi/registration-table/remove,https://help.mikrotik.com/docs/spaces/ROS/pages/224559120/WiFi,WiFi
/interface/wifi/registration-table/reset,https://help.mikrotik.com/docs/spaces/ROS/pages/224559120/WiFi,WiFi
/interface/wifi/remove,https://help.mikrotik.com/docs/spaces/ROS/pages/40992878/RouterBOARD,RouterBOARD
/interface/wifi/reset,https://help.mikrotik.com/docs/spaces/ROS/pages/40992878/RouterBOARD,RouterBOARD
/interface/wifi/reset-mac-address,https://help.mikrotik.com/docs/spaces/ROS/pages/40992878/RouterBOARD,RouterBOARD
/interface/wifi/roam,https://help.mikrotik.com/docs/spaces/ROS/pages/40992878/RouterBOARD,RouterBOARD
/interface/wifi/scan,https://help.mikrotik.com/docs/spaces/ROS/pages/40992878/RouterBOARD,RouterBOARD
/interface/wifi/security,https://help.mikrotik.com/docs/spaces/ROS/pages/224559120/WiFi,WiFi
/interface/wifi/security/add,https://help.mikrotik.com/docs/spaces/ROS/pages/224559120/WiFi,WiFi
/interface/wifi/security/comment,https://help.mikrotik.com/docs/spaces/ROS/pages/224559120/WiFi,WiFi
/interface/wifi/security/disable,https://help.mikrotik.com/docs/spaces/ROS/pages/224559120/WiFi,WiFi
/interface/wifi/security/edit,https://help.mikrotik.com/docs/spaces/ROS/pages/224559120/WiFi,WiFi
/interface/wifi/security/enable,https://help.mikrotik.com/docs/spaces/ROS/pages/224559120/WiFi,WiFi
/interface/wifi/security/export,https://help.mikrotik.com/docs/spaces/ROS/pages/224559120/WiFi,WiFi
/interface/wifi/security/find,https://help.mikrotik.com/docs/spaces/ROS/pages/224559120/WiFi,WiFi
/interface/wifi/security/get,https://help.mikrotik.com/docs/spaces/ROS/pages/224559120/WiFi,WiFi
/interface/wifi/security/multi-passphrase,https://help.mikrotik.com/docs/spaces/ROS/pages/224559120/WiFi,WiFi
/interface/wifi/security/print,https://help.mikrotik.com/docs/spaces/ROS/pages/224559120/WiFi,WiFi
/interface/wifi/security/remove,https://help.mikrotik.com/docs/spaces/ROS/pages/224559120/WiFi,WiFi
/interface/wifi/security/reset,https://help.mikrotik.com/docs/spaces/ROS/pages/224559120/WiFi,WiFi
/interface/wifi/security/set,https://help.mikrotik.com/docs/spaces/ROS/pages/224559120/WiFi,WiFi
/interface/wifi/security/unset,https://help.mikrotik.com/docs/spaces/ROS/pages/224559120/WiFi,WiFi
/interface/wifi/set,https://help.mikrotik.com/docs/spaces/ROS/pages/40992878/RouterBOARD,RouterBOARD
/interface/wifi/sniffer,https://help.mikrotik.com/docs/spaces/ROS/pages/40992878/RouterBOARD,RouterBOARD
/interface/wifi/spectral-history,https://help.mikrotik.com/docs/spaces/ROS/pages/40992878/RouterBOARD,RouterBOARD
/interface/wifi/spectral-scan,https://help.mikrotik.com/docs/spaces/ROS/pages/40992878/RouterBOARD,RouterBOARD
/interface/wifi/steering,https://help.mikrotik.com/docs/spaces/ROS/pages/40992878/RouterBOARD,RouterBOARD
/interface/wifi/unset,https://help.mikrotik.com/docs/spaces/ROS/pages/40992878/RouterBOARD,RouterBOARD
/interface/wifi/wps-client,https://help.mikrotik.com/docs/spaces/ROS/pages/40992878/RouterBOARD,RouterBOARD
/interface/wifi/wps-push-button,https://help.mikrotik.com/docs/spaces/ROS/pages/40992878/RouterBOARD,RouterBOARD
/interface/wireguard,https://help.mikrotik.com/docs/spaces/ROS/pages/69664792/WireGuard,WireGuard
/interface/wireguard/add,https://help.mikrotik.com/docs/spaces/ROS/pages/69664792/WireGuard,WireGuard
/interface/wireguard/comment,https://help.mikrotik.com/docs/spaces/ROS/pages/69664792/WireGuard,WireGuard
/interface/wireguard/disable,https://help.mikrotik.com/docs/spaces/ROS/pages/69664792/WireGuard,WireGuard
/interface/wireguard/edit,https://help.mikrotik.com/docs/spaces/ROS/pages/69664792/WireGuard,WireGuard
/interface/wireguard/enable,https://help.mikrotik.com/docs/spaces/ROS/pages/69664792/WireGuard,WireGuard
/interface/wireguard/export,https://help.mikrotik.com/docs/spaces/ROS/pages/69664792/WireGuard,WireGuard
/interface/wireguard/find,https://help.mikrotik.com/docs/spaces/ROS/pages/69664792/WireGuard,WireGuard
/interface/wireguard/get,https://help.mikrotik.com/docs/spaces/ROS/pages/69664792/WireGuard,WireGuard
/interface/wireguard/peers,https://help.mikrotik.com/docs/spaces/ROS/pages/69664792/WireGuard,WireGuard
/interface/wireguard/peers/add,https://help.mikrotik.com/docs/spaces/ROS/pages/69664792/WireGuard,WireGuard
/interface/wireguard/peers/comment,https://help.mikrotik.com/docs/spaces/ROS/pages/69664792/WireGuard,WireGuard
/interface/wireguard/peers/disable,https://help.mikrotik.com/docs/spaces/ROS/pages/69664792/WireGuard,WireGuard
/interface/wireguard/peers/edit,https://help.mikrotik.com/docs/spaces/ROS/pages/69664792/WireGuard,WireGuard
/interface/wireguard/peers/enable,https://help.mikrotik.com/docs/spaces/ROS/pages/69664792/WireGuard,WireGuard
/interface/wireguard/peers/export,https://help.mikrotik.com/docs/spaces/ROS/pages/69664792/WireGuard,WireGuard
/interface/wireguard/peers/find,https://help.mikrotik.com/docs/spaces/ROS/pages/69664792/WireGuard,WireGuard
/interface/wireguard/peers/get,https://help.mikrotik.com/docs/spaces/ROS/pages/69664792/WireGuard,WireGuard
/interface/wireguard/peers/move,https://help.mikrotik.com/docs/spaces/ROS/pages/69664792/WireGuard,WireGuard
/interface/wireguard/peers/print,https://help.mikrotik.com/docs/spaces/ROS/pages/69664792/WireGuard,WireGuard
/interface/wireguard/peers/remove,https://help.mikrotik.com/docs/spaces/ROS/pages/69664792/WireGuard,WireGuard
/interface/wireguard/peers/reset,https://help.mikrotik.com/docs/spaces/ROS/pages/69664792/WireGuard,WireGuard
/interface/wireguard/peers/set,https://help.mikrotik.com/docs/spaces/ROS/pages/69664792/WireGuard,WireGuard
/interface/wireguard/peers/show-client-config,https://help.mikrotik.com/docs/spaces/ROS/pages/69664792/WireGuard,WireGuard
/interface/wireguard/print,https://help.mikrotik.com/docs/spaces/ROS/pages/69664792/WireGuard,WireGuard
/interface/wireguard/remove,https://help.mikrotik.com/docs/spaces/ROS/pages/69664792/WireGuard,WireGuard
/interface/wireguard/reset,https://help.mikrotik.com/docs/spaces/ROS/pages/69664792/WireGuard,WireGuard
/interface/wireguard/set,https://help.mikrotik.com/docs/spaces/ROS/pages/69664792/WireGuard,WireGuard
/interface/wireguard/wg-export,https://help.mikrotik.com/docs/spaces/ROS/pages/69664792/WireGuard,WireGuard
/interface/wireguard/wg-import,https://help.mikrotik.com/docs/spaces/ROS/pages/69664792/WireGuard,WireGuard
/interface/wireless,https://help.mikrotik.com/docs/spaces/ROS/pages/328151/First%2BTime%2BConfiguration,"First Time Configuration"
/interface/wireless/access-list,https://help.mikrotik.com/docs/spaces/ROS/pages/328151/First%2BTime%2BConfiguration,"First Time Configuration"
/interface/wireless/add,https://help.mikrotik.com/docs/spaces/ROS/pages/328151/First%2BTime%2BConfiguration,"First Time Configuration"
/interface/wireless/align,https://help.mikrotik.com/docs/spaces/ROS/pages/328151/First%2BTime%2BConfiguration,"First Time Configuration"
/interface/wireless/cap,https://help.mikrotik.com/docs/spaces/ROS/pages/328151/First%2BTime%2BConfiguration,"First Time Configuration"
/interface/wireless/channels,https://help.mikrotik.com/docs/spaces/ROS/pages/328151/First%2BTime%2BConfiguration,"First Time Configuration"
/interface/wireless/comment,https://help.mikrotik.com/docs/spaces/ROS/pages/328151/First%2BTime%2BConfiguration,"First Time Configuration"
/interface/wireless/connect-list,https://help.mikrotik.com/docs/spaces/ROS/pages/328151/First%2BTime%2BConfiguration,"First Time Configuration"
/interface/wireless/disable,https://help.mikrotik.com/docs/spaces/ROS/pages/328151/First%2BTime%2BConfiguration,"First Time Configuration"
/interface/wireless/edit,https://help.mikrotik.com/docs/spaces/ROS/pages/328151/First%2BTime%2BConfiguration,"First Time Configuration"
/interface/wireless/enable,https://help.mikrotik.com/docs/spaces/ROS/pages/328151/First%2BTime%2BConfiguration,"First Time Configuration"
/interface/wireless/export,https://help.mikrotik.com/docs/spaces/ROS/pages/328151/First%2BTime%2BConfiguration,"First Time Configuration"
/interface/wireless/find,https://help.mikrotik.com/docs/spaces/ROS/pages/328151/First%2BTime%2BConfiguration,"First Time Configuration"
/interface/wireless/frequency-monitor,https://help.mikrotik.com/docs/spaces/ROS/pages/328151/First%2BTime%2BConfiguration,"First Time Configuration"
/interface/wireless/get,https://help.mikrotik.com/docs/spaces/ROS/pages/328151/First%2BTime%2BConfiguration,"First Time Configuration"
/interface/wireless/info,https://help.mikrotik.com/docs/spaces/ROS/pages/328151/First%2BTime%2BConfiguration,"First Time Configuration"
/interface/wireless/interworking-profiles,https://help.mikrotik.com/docs/spaces/ROS/pages/328151/First%2BTime%2BConfiguration,"First Time Configuration"
/interface/wireless/manual-tx-power-table,https://help.mikrotik.com/docs/spaces/ROS/pages/328151/First%2BTime%2BConfiguration,"First Time Configuration"
/interface/wireless/monitor,https://help.mikrotik.com/docs/spaces/ROS/pages/328151/First%2BTime%2BConfiguration,"First Time Configuration"
/interface/wireless/nstreme,https://help.mikrotik.com/docs/spaces/ROS/pages/328151/First%2BTime%2BConfiguration,"First Time Configuration"
/interface/wireless/nstreme-dual,https://help.mikrotik.com/docs/spaces/ROS/pages/328151/First%2BTime%2BConfiguration,"First Time Configuration"
/interface/wireless/print,https://help.mikrotik.com/docs/spaces/ROS/pages/328151/First%2BTime%2BConfiguration,"First Time Configuration"
/interface/wireless/registration-table,https://help.mikrotik.com/docs/spaces/ROS/pages/328151/First%2BTime%2BConfiguration,"First Time Configuration"
/interface/wireless/remove,https://help.mikrotik.com/docs/spaces/ROS/pages/328151/First%2BTime%2BConfiguration,"First Time Configuration"
/interface/wireless/reset,https://help.mikrotik.com/docs/spaces/ROS/pages/328151/First%2BTime%2BConfiguration,"First Time Configuration"
/interface/wireless/reset-configuration,https://help.mikrotik.com/docs/spaces/ROS/pages/328151/First%2BTime%2BConfiguration,"First Time Configuration"
/interface/wireless/reset-mac-address,https://help.mikrotik.com/docs/spaces/ROS/pages/328151/First%2BTime%2BConfiguration,"First Time Configuration"
/interface/wireless/scan,https://help.mikrotik.com/docs/spaces/ROS/pages/328151/First%2BTime%2BConfiguration,"First Time Configuration"
/interface/wireless/security-profiles,https://help.mikrotik.com/docs/spaces/ROS/pages/328151/First%2BTime%2BConfiguration,"First Time Configuration"
/interface/wireless/security-profiles/add,https://help.mikrotik.com/docs/spaces/ROS/pages/328151/First%2BTime%2BConfiguration,"First Time Configuration"
/interface/wireless/security-profiles/comment,https://help.mikrotik.com/docs/spaces/ROS/pages/328151/First%2BTime%2BConfiguration,"First Time Configuration"
/interface/wireless/security-profiles/edit,https://help.mikrotik.com/docs/spaces/ROS/pages/328151/First%2BTime%2BConfiguration,"First Time Configuration"
/interface/wireless/security-profiles/export,https://help.mikrotik.com/docs/spaces/ROS/pages/328151/First%2BTime%2BConfiguration,"First Time Configuration"
/interface/wireless/security-profiles/find,https://help.mikrotik.com/docs/spaces/ROS/pages/328151/First%2BTime%2BConfiguration,"First Time Configuration"
/interface/wireless/security-profiles/get,https://help.mikrotik.com/docs/spaces/ROS/pages/328151/First%2BTime%2BConfiguration,"First Time Configuration"
/interface/wireless/security-profiles/print,https://help.mikrotik.com/docs/spaces/ROS/pages/328151/First%2BTime%2BConfiguration,"First Time Configuration"
/interface/wireless/security-profiles/remove,https://help.mikrotik.com/docs/spaces/ROS/pages/328151/First%2BTime%2BConfiguration,"First Time Configuration"
/interface/wireless/security-profiles/reset,https://help.mikrotik.com/docs/spaces/ROS/pages/328151/First%2BTime%2BConfiguration,"First Time Configuration"
/interface/wireless/security-profiles/set,https://help.mikrotik.com/docs/spaces/ROS/pages/328151/First%2BTime%2BConfiguration,"First Time Configuration"
/interface/wireless/set,https://help.mikrotik.com/docs/spaces/ROS/pages/328151/First%2BTime%2BConfiguration,"First Time Configuration"
/interface/wireless/setup-repeater,https://help.mikrotik.com/docs/spaces/ROS/pages/328151/First%2BTime%2BConfiguration,"First Time Configuration"
/interface/wireless/sniffer,https://help.mikrotik.com/docs/spaces/ROS/pages/328151/First%2BTime%2BConfiguration,"First Time Configuration"
/interface/wireless/snooper,https://help.mikrotik.com/docs/spaces/ROS/pages/328151/First%2BTime%2BConfiguration,"First Time Configuration"
/interface/wireless/spectral-history,https://help.mikrotik.com/docs/spaces/ROS/pages/328151/First%2BTime%2BConfiguration,"First Time Configuration"
/interface/wireless/spectral-scan,https://help.mikrotik.com/docs/spaces/ROS/pages/328151/First%2BTime%2BConfiguration,"First Time Configuration"
/interface/wireless/wds,https://help.mikrotik.com/docs/spaces/ROS/pages/8978441/HWMPplus%2Bmesh,"HWMPplus mesh"
/interface/wireless/wds/add,https://help.mikrotik.com/docs/spaces/ROS/pages/8978441/HWMPplus%2Bmesh,"HWMPplus mesh"
/interface/wireless/wds/comment,https://help.mikrotik.com/docs/spaces/ROS/pages/8978441/HWMPplus%2Bmesh,"HWMPplus mesh"
/interface/wireless/wds/disable,https://help.mikrotik.com/docs/spaces/ROS/pages/8978441/HWMPplus%2Bmesh,"HWMPplus mesh"
/interface/wireless/wds/edit,https://help.mikrotik.com/docs/spaces/ROS/pages/8978441/HWMPplus%2Bmesh,"HWMPplus mesh"
/interface/wireless/wds/enable,https://help.mikrotik.com/docs/spaces/ROS/pages/8978441/HWMPplus%2Bmesh,"HWMPplus mesh"
/interface/wireless/wds/export,https://help.mikrotik.com/docs/spaces/ROS/pages/8978441/HWMPplus%2Bmesh,"HWMPplus mesh"
/interface/wireless/wds/find,https://help.mikrotik.com/docs/spaces/ROS/pages/8978441/HWMPplus%2Bmesh,"HWMPplus mesh"
/interface/wireless/wds/get,https://help.mikrotik.com/docs/spaces/ROS/pages/8978441/HWMPplus%2Bmesh,"HWMPplus mesh"
/interface/wireless/wds/monitor,https://help.mikrotik.com/docs/spaces/ROS/pages/8978441/HWMPplus%2Bmesh,"HWMPplus mesh"
/interface/wireless/wds/print,https://help.mikrotik.com/docs/spaces/ROS/pages/8978441/HWMPplus%2Bmesh,"HWMPplus mesh"
/interface/wireless/wds/remove,https://help.mikrotik.com/docs/spaces/ROS/pages/8978441/HWMPplus%2Bmesh,"HWMPplus mesh"
/interface/wireless/wds/reset,https://help.mikrotik.com/docs/spaces/ROS/pages/8978441/HWMPplus%2Bmesh,"HWMPplus mesh"
/interface/wireless/wds/set,https://help.mikrotik.com/docs/spaces/ROS/pages/8978441/HWMPplus%2Bmesh,"HWMPplus mesh"
/interface/wireless/wps-client,https://help.mikrotik.com/docs/spaces/ROS/pages/328151/First%2BTime%2BConfiguration,"First Time Configuration"
/interface/wireless/wps-push-button,https://help.mikrotik.com/docs/spaces/ROS/pages/328151/First%2BTime%2BConfiguration,"First Time Configuration"
/iot,https://help.mikrotik.com/docs/spaces/ROS/pages/68944101/GPIO,GPIO
/iot/bluetooth,https://help.mikrotik.com/docs/spaces/ROS/pages/78086201/Bluetooth,Bluetooth
/iot/bluetooth/advertisers,https://help.mikrotik.com/docs/spaces/ROS/pages/78086201/Bluetooth,Bluetooth
/iot/bluetooth/advertisers/ad-structures,https://help.mikrotik.com/docs/spaces/ROS/pages/78086201/Bluetooth,Bluetooth
/iot/bluetooth/advertisers/ad-structures/add,https://help.mikrotik.com/docs/spaces/ROS/pages/78086201/Bluetooth,Bluetooth
/iot/bluetooth/advertisers/ad-structures/edit,https://help.mikrotik.com/docs/spaces/ROS/pages/78086201/Bluetooth,Bluetooth
/iot/bluetooth/advertisers/ad-structures/export,https://help.mikrotik.com/docs/spaces/ROS/pages/78086201/Bluetooth,Bluetooth
/iot/bluetooth/advertisers/ad-structures/find,https://help.mikrotik.com/docs/spaces/ROS/pages/78086201/Bluetooth,Bluetooth
/iot/bluetooth/advertisers/ad-structures/get,https://help.mikrotik.com/docs/spaces/ROS/pages/78086201/Bluetooth,Bluetooth
/iot/bluetooth/advertisers/ad-structures/print,https://help.mikrotik.com/docs/spaces/ROS/pages/78086201/Bluetooth,Bluetooth
/iot/bluetooth/advertisers/ad-structures/remove,https://help.mikrotik.com/docs/spaces/ROS/pages/78086201/Bluetooth,Bluetooth
/iot/bluetooth/advertisers/ad-structures/reset,https://help.mikrotik.com/docs/spaces/ROS/pages/78086201/Bluetooth,Bluetooth
/iot/bluetooth/advertisers/ad-structures/set,https://help.mikrotik.com/docs/spaces/ROS/pages/78086201/Bluetooth,Bluetooth
/iot/bluetooth/advertisers/disable,https://help.mikrotik.com/docs/spaces/ROS/pages/78086201/Bluetooth,Bluetooth
/iot/bluetooth/advertisers/edit,https://help.mikrotik.com/docs/spaces/ROS/pages/78086201/Bluetooth,Bluetooth
/iot/bluetooth/advertisers/enable,https://help.mikrotik.com/docs/spaces/ROS/pages/78086201/Bluetooth,Bluetooth
/iot/bluetooth/advertisers/export,https://help.mikrotik.com/docs/spaces/ROS/pages/78086201/Bluetooth,Bluetooth
/iot/bluetooth/advertisers/find,https://help.mikrotik.com/docs/spaces/ROS/pages/78086201/Bluetooth,Bluetooth
/iot/bluetooth/advertisers/get,https://help.mikrotik.com/docs/spaces/ROS/pages/78086201/Bluetooth,Bluetooth
/iot/bluetooth/advertisers/print,https://help.mikrotik.com/docs/spaces/ROS/pages/78086201/Bluetooth,Bluetooth
/iot/bluetooth/advertisers/reset,https://help.mikrotik.com/docs/spaces/ROS/pages/78086201/Bluetooth,Bluetooth
/iot/bluetooth/advertisers/set,https://help.mikrotik.com/docs/spaces/ROS/pages/78086201/Bluetooth,Bluetooth
/iot/bluetooth/connections,https://help.mikrotik.com/docs/spaces/ROS/pages/78086201/Bluetooth,Bluetooth
/iot/bluetooth/connections/async-data,https://help.mikrotik.com/docs/spaces/ROS/pages/78086201/Bluetooth,Bluetooth
/iot/bluetooth/connections/characteristics,https://help.mikrotik.com/docs/spaces/ROS/pages/78086201/Bluetooth,Bluetooth
/iot/bluetooth/connections/characteristics/find,https://help.mikrotik.com/docs/spaces/ROS/pages/78086201/Bluetooth,Bluetooth
/iot/bluetooth/connections/characteristics/get,https://help.mikrotik.com/docs/spaces/ROS/pages/78086201/Bluetooth,Bluetooth
/iot/bluetooth/connections/characteristics/print,https://help.mikrotik.com/docs/spaces/ROS/pages/78086201/Bluetooth,Bluetooth
/iot/bluetooth/connections/connect,https://help.mikrotik.com/docs/spaces/ROS/pages/78086201/Bluetooth,Bluetooth
/iot/bluetooth/connections/disconnect,https://help.mikrotik.com/docs/spaces/ROS/pages/78086201/Bluetooth,Bluetooth
/iot/bluetooth/connections/find,https://help.mikrotik.com/docs/spaces/ROS/pages/78086201/Bluetooth,Bluetooth
/iot/bluetooth/connections/get,https://help.mikrotik.com/docs/spaces/ROS/pages/78086201/Bluetooth,Bluetooth
/iot/bluetooth/connections/print,https://help.mikrotik.com/docs/spaces/ROS/pages/78086201/Bluetooth,Bluetooth
/iot/bluetooth/connections/read,https://help.mikrotik.com/docs/spaces/ROS/pages/78086201/Bluetooth,Bluetooth
/iot/bluetooth/connections/subscribe,https://help.mikrotik.com/docs/spaces/ROS/pages/78086201/Bluetooth,Bluetooth
/iot/bluetooth/connections/unsubscribe,https://help.mikrotik.com/docs/spaces/ROS/pages/78086201/Bluetooth,Bluetooth
/iot/bluetooth/connections/write,https://help.mikrotik.com/docs/spaces/ROS/pages/78086201/Bluetooth,Bluetooth
/iot/bluetooth/connections/write-no-resp,https://help.mikrotik.com/docs/spaces/ROS/pages/78086201/Bluetooth,Bluetooth
/iot/bluetooth/decode-ad,https://help.mikrotik.com/docs/spaces/ROS/pages/78086201/Bluetooth,Bluetooth
/iot/bluetooth/edit,https://help.mikrotik.com/docs/spaces/ROS/pages/78086201/Bluetooth,Bluetooth
/iot/bluetooth/export,https://help.mikrotik.com/docs/spaces/ROS/pages/78086201/Bluetooth,Bluetooth
/iot/bluetooth/find,https://help.mikrotik.com/docs/spaces/ROS/pages/78086201/Bluetooth,Bluetooth
/iot/bluetooth/get,https://help.mikrotik.com/docs/spaces/ROS/pages/78086201/Bluetooth,Bluetooth
/iot/bluetooth/peripheral-devices,https://help.mikrotik.com/docs/spaces/ROS/pages/78086201/Bluetooth,Bluetooth
/iot/bluetooth/peripheral-devices/edit,https://help.mikrotik.com/docs/spaces/ROS/pages/78086201/Bluetooth,Bluetooth
/iot/bluetooth/peripheral-devices/find,https://help.mikrotik.com/docs/spaces/ROS/pages/78086201/Bluetooth,Bluetooth
/iot/bluetooth/peripheral-devices/get,https://help.mikrotik.com/docs/spaces/ROS/pages/78086201/Bluetooth,Bluetooth
/iot/bluetooth/peripheral-devices/print,https://help.mikrotik.com/docs/spaces/ROS/pages/78086201/Bluetooth,Bluetooth
/iot/bluetooth/peripheral-devices/reset,https://help.mikrotik.com/docs/spaces/ROS/pages/78086201/Bluetooth,Bluetooth
/iot/bluetooth/peripheral-devices/set,https://help.mikrotik.com/docs/spaces/ROS/pages/78086201/Bluetooth,Bluetooth
/iot/bluetooth/print,https://help.mikrotik.com/docs/spaces/ROS/pages/78086201/Bluetooth,Bluetooth
/iot/bluetooth/reset,https://help.mikrotik.com/docs/spaces/ROS/pages/78086201/Bluetooth,Bluetooth
/iot/bluetooth/reset-counters,https://help.mikrotik.com/docs/spaces/ROS/pages/78086201/Bluetooth,Bluetooth
/iot/bluetooth/scanners,https://help.mikrotik.com/docs/spaces/ROS/pages/78086201/Bluetooth,Bluetooth
/iot/bluetooth/scanners/advertisements,https://help.mikrotik.com/docs/spaces/ROS/pages/78086201/Bluetooth,Bluetooth
/iot/bluetooth/scanners/advertisements/clear,https://help.mikrotik.com/docs/spaces/ROS/pages/78086201/Bluetooth,Bluetooth
/iot/bluetooth/scanners/advertisements/find,https://help.mikrotik.com/docs/spaces/ROS/pages/78086201/Bluetooth,Bluetooth
/iot/bluetooth/scanners/advertisements/get,https://help.mikrotik.com/docs/spaces/ROS/pages/78086201/Bluetooth,Bluetooth
/iot/bluetooth/scanners/advertisements/print,https://help.mikrotik.com/docs/spaces/ROS/pages/78086201/Bluetooth,Bluetooth
/iot/bluetooth/scanners/disable,https://help.mikrotik.com/docs/spaces/ROS/pages/78086201/Bluetooth,Bluetooth
/iot/bluetooth/scanners/edit,https://help.mikrotik.com/docs/spaces/ROS/pages/78086201/Bluetooth,Bluetooth
/iot/bluetooth/scanners/enable,https://help.mikrotik.com/docs/spaces/ROS/pages/78086201/Bluetooth,Bluetooth
/iot/bluetooth/scanners/export,https://help.mikrotik.com/docs/spaces/ROS/pages/78086201/Bluetooth,Bluetooth
/iot/bluetooth/scanners/find,https://help.mikrotik.com/docs/spaces/ROS/pages/78086201/Bluetooth,Bluetooth
/iot/bluetooth/scanners/get,https://help.mikrotik.com/docs/spaces/ROS/pages/78086201/Bluetooth,Bluetooth
/iot/bluetooth/scanners/print,https://help.mikrotik.com/docs/spaces/ROS/pages/78086201/Bluetooth,Bluetooth
/iot/bluetooth/scanners/reset,https://help.mikrotik.com/docs/spaces/ROS/pages/78086201/Bluetooth,Bluetooth
/iot/bluetooth/scanners/set,https://help.mikrotik.com/docs/spaces/ROS/pages/78086201/Bluetooth,Bluetooth
/iot/bluetooth/set,https://help.mikrotik.com/docs/spaces/ROS/pages/78086201/Bluetooth,Bluetooth
/iot/bluetooth/whitelist,https://help.mikrotik.com/docs/spaces/ROS/pages/78086201/Bluetooth,Bluetooth
/iot/bluetooth/whitelist/add,https://help.mikrotik.com/docs/spaces/ROS/pages/78086201/Bluetooth,Bluetooth
/iot/bluetooth/whitelist/comment,https://help.mikrotik.com/docs/spaces/ROS/pages/78086201/Bluetooth,Bluetooth
/iot/bluetooth/whitelist/disable,https://help.mikrotik.com/docs/spaces/ROS/pages/78086201/Bluetooth,Bluetooth
/iot/bluetooth/whitelist/edit,https://help.mikrotik.com/docs/spaces/ROS/pages/78086201/Bluetooth,Bluetooth
/iot/bluetooth/whitelist/enable,https://help.mikrotik.com/docs/spaces/ROS/pages/78086201/Bluetooth,Bluetooth
/iot/bluetooth/whitelist/export,https://help.mikrotik.com/docs/spaces/ROS/pages/78086201/Bluetooth,Bluetooth
/iot/bluetooth/whitelist/find,https://help.mikrotik.com/docs/spaces/ROS/pages/78086201/Bluetooth,Bluetooth
/iot/bluetooth/whitelist/get,https://help.mikrotik.com/docs/spaces/ROS/pages/78086201/Bluetooth,Bluetooth
/iot/bluetooth/whitelist/print,https://help.mikrotik.com/docs/spaces/ROS/pages/78086201/Bluetooth,Bluetooth
/iot/bluetooth/whitelist/remove,https://help.mikrotik.com/docs/spaces/ROS/pages/78086201/Bluetooth,Bluetooth
/iot/bluetooth/whitelist/reset,https://help.mikrotik.com/docs/spaces/ROS/pages/78086201/Bluetooth,Bluetooth
/iot/bluetooth/whitelist/set,https://help.mikrotik.com/docs/spaces/ROS/pages/78086201/Bluetooth,Bluetooth
/iot/export,https://help.mikrotik.com/docs/spaces/ROS/pages/68944101/GPIO,GPIO
/iot/lora,https://help.mikrotik.com/docs/spaces/ROS/pages/16351619/General%2BProperties,"General Properties"
/iot/lora/channels,https://help.mikrotik.com/docs/spaces/ROS/pages/16351619/General%2BProperties,"General Properties"
/iot/lora/channels/disable,https://help.mikrotik.com/docs/spaces/ROS/pages/16351619/General%2BProperties,"General Properties"
/iot/lora/channels/edit,https://help.mikrotik.com/docs/spaces/ROS/pages/16351619/General%2BProperties,"General Properties"
/iot/lora/channels/enable,https://help.mikrotik.com/docs/spaces/ROS/pages/16351619/General%2BProperties,"General Properties"
/iot/lora/channels/export,https://help.mikrotik.com/docs/spaces/ROS/pages/16351619/General%2BProperties,"General Properties"
/iot/lora/channels/find,https://help.mikrotik.com/docs/spaces/ROS/pages/16351619/General%2BProperties,"General Properties"
/iot/lora/channels/get,https://help.mikrotik.com/docs/spaces/ROS/pages/16351619/General%2BProperties,"General Properties"
/iot/lora/channels/print,https://help.mikrotik.com/docs/spaces/ROS/pages/16351619/General%2BProperties,"General Properties"
/iot/lora/channels/reset,https://help.mikrotik.com/docs/spaces/ROS/pages/16351619/General%2BProperties,"General Properties"
/iot/lora/channels/set,https://help.mikrotik.com/docs/spaces/ROS/pages/16351619/General%2BProperties,"General Properties"
/iot/lora/disable,https://help.mikrotik.com/docs/spaces/ROS/pages/16351619/General%2BProperties,"General Properties"
/iot/lora/edit,https://help.mikrotik.com/docs/spaces/ROS/pages/16351619/General%2BProperties,"General Properties"
/iot/lora/enable,https://help.mikrotik.com/docs/spaces/ROS/pages/16351619/General%2BProperties,"General Properties"
/iot/lora/export,https://help.mikrotik.com/docs/spaces/ROS/pages/16351619/General%2BProperties,"General Properties"
/iot/lora/find,https://help.mikrotik.com/docs/spaces/ROS/pages/16351619/General%2BProperties,"General Properties"
/iot/lora/get,https://help.mikrotik.com/docs/spaces/ROS/pages/16351619/General%2BProperties,"General Properties"
/iot/lora/joineui,https://help.mikrotik.com/docs/spaces/ROS/pages/16351619/General%2BProperties,"General Properties"
/iot/lora/joineui/add,https://help.mikrotik.com/docs/spaces/ROS/pages/16351619/General%2BProperties,"General Properties"
/iot/lora/joineui/edit,https://help.mikrotik.com/docs/spaces/ROS/pages/16351619/General%2BProperties,"General Properties"
/iot/lora/joineui/export,https://help.mikrotik.com/docs/spaces/ROS/pages/16351619/General%2BProperties,"General Properties"
/iot/lora/joineui/find,https://help.mikrotik.com/docs/spaces/ROS/pages/16351619/General%2BProperties,"General Properties"
/iot/lora/joineui/get,https://help.mikrotik.com/docs/spaces/ROS/pages/16351619/General%2BProperties,"General Properties"
/iot/lora/joineui/print,https://help.mikrotik.com/docs/spaces/ROS/pages/16351619/General%2BProperties,"General Properties"
/iot/lora/joineui/remove,https://help.mikrotik.com/docs/spaces/ROS/pages/16351619/General%2BProperties,"General Properties"
/iot/lora/joineui/reset,https://help.mikrotik.com/docs/spaces/ROS/pages/16351619/General%2BProperties,"General Properties"
/iot/lora/joineui/set,https://help.mikrotik.com/docs/spaces/ROS/pages/16351619/General%2BProperties,"General Properties"
/iot/lora/netid,https://help.mikrotik.com/docs/spaces/ROS/pages/16351619/General%2BProperties,"General Properties"
/iot/lora/netid/add,https://help.mikrotik.com/docs/spaces/ROS/pages/16351619/General%2BProperties,"General Properties"
/iot/lora/netid/edit,https://help.mikrotik.com/docs/spaces/ROS/pages/16351619/General%2BProperties,"General Properties"
/iot/lora/netid/export,https://help.mikrotik.com/docs/spaces/ROS/pages/16351619/General%2BProperties,"General Properties"
/iot/lora/netid/find,https://help.mikrotik.com/docs/spaces/ROS/pages/16351619/General%2BProperties,"General Properties"
/iot/lora/netid/get,https://help.mikrotik.com/docs/spaces/ROS/pages/16351619/General%2BProperties,"General Properties"
/iot/lora/netid/print,https://help.mikrotik.com/docs/spaces/ROS/pages/16351619/General%2BProperties,"General Properties"
/iot/lora/netid/remove,https://help.mikrotik.com/docs/spaces/ROS/pages/16351619/General%2BProperties,"General Properties"
/iot/lora/netid/reset,https://help.mikrotik.com/docs/spaces/ROS/pages/16351619/General%2BProperties,"General Properties"
/iot/lora/netid/set,https://help.mikrotik.com/docs/spaces/ROS/pages/16351619/General%2BProperties,"General Properties"
/iot/lora/print,https://help.mikrotik.com/docs/spaces/ROS/pages/16351619/General%2BProperties,"General Properties"
/iot/lora/radios,https://help.mikrotik.com/docs/spaces/ROS/pages/16351619/General%2BProperties,"General Properties"
/iot/lora/reset,https://help.mikrotik.com/docs/spaces/ROS/pages/16351619/General%2BProperties,"General Properties"
/iot/lora/reset-devices,https://help.mikrotik.com/docs/spaces/ROS/pages/16351619/General%2BProperties,"General Properties"
/iot/lora/send,https://help.mikrotik.com/docs/spaces/ROS/pages/16351619/General%2BProperties,"General Properties"
/iot/lora/servers,https://help.mikrotik.com/docs/spaces/ROS/pages/16351619/General%2BProperties,"General Properties"
/iot/lora/servers/add,https://help.mikrotik.com/docs/spaces/ROS/pages/16351619/General%2BProperties,"General Properties"
/iot/lora/servers/edit,https://help.mikrotik.com/docs/spaces/ROS/pages/16351619/General%2BProperties,"General Properties"
/iot/lora/servers/export,https://help.mikrotik.com/docs/spaces/ROS/pages/16351619/General%2BProperties,"General Properties"
/iot/lora/servers/find,https://help.mikrotik.com/docs/spaces/ROS/pages/16351619/General%2BProperties,"General Properties"
/iot/lora/servers/get,https://help.mikrotik.com/docs/spaces/ROS/pages/16351619/General%2BProperties,"General Properties"
/iot/lora/servers/print,https://help.mikrotik.com/docs/spaces/ROS/pages/16351619/General%2BProperties,"General Properties"
/iot/lora/servers/remove,https://help.mikrotik.com/docs/spaces/ROS/pages/16351619/General%2BProperties,"General Properties"
/iot/lora/servers/reset,https://help.mikrotik.com/docs/spaces/ROS/pages/16351619/General%2BProperties,"General Properties"
/iot/lora/servers/reset-servers,https://help.mikrotik.com/docs/spaces/ROS/pages/16351619/General%2BProperties,"General Properties"
/iot/lora/servers/set,https://help.mikrotik.com/docs/spaces/ROS/pages/16351619/General%2BProperties,"General Properties"
/iot/lora/set,https://help.mikrotik.com/docs/spaces/ROS/pages/16351619/General%2BProperties,"General Properties"
/iot/lora/traffic,https://help.mikrotik.com/docs/spaces/ROS/pages/16351619/General%2BProperties,"General Properties"
/iot/lora/traffic/clear,https://help.mikrotik.com/docs/spaces/ROS/pages/16351619/General%2BProperties,"General Properties"
/iot/lora/traffic/export,https://help.mikrotik.com/docs/spaces/ROS/pages/16351619/General%2BProperties,"General Properties"
/iot/lora/traffic/find,https://help.mikrotik.com/docs/spaces/ROS/pages/16351619/General%2BProperties,"General Properties"
/iot/lora/traffic/get,https://help.mikrotik.com/docs/spaces/ROS/pages/16351619/General%2BProperties,"General Properties"
/iot/lora/traffic/options,https://help.mikrotik.com/docs/spaces/ROS/pages/16351619/General%2BProperties,"General Properties"
/iot/lora/traffic/print,https://help.mikrotik.com/docs/spaces/ROS/pages/16351619/General%2BProperties,"General Properties"
/iot/modbus,https://help.mikrotik.com/docs/spaces/ROS/pages/68944101/GPIO,GPIO
/iot/mqtt,https://help.mikrotik.com/docs/spaces/ROS/pages/46759978/MQTT,MQTT
/iot/mqtt/brokers,https://help.mikrotik.com/docs/spaces/ROS/pages/46759978/MQTT,MQTT
/iot/mqtt/brokers/add,https://help.mikrotik.com/docs/spaces/ROS/pages/46759978/MQTT,MQTT
/iot/mqtt/brokers/edit,https://help.mikrotik.com/docs/spaces/ROS/pages/46759978/MQTT,MQTT
/iot/mqtt/brokers/export,https://help.mikrotik.com/docs/spaces/ROS/pages/46759978/MQTT,MQTT
/iot/mqtt/brokers/find,https://help.mikrotik.com/docs/spaces/ROS/pages/46759978/MQTT,MQTT
/iot/mqtt/brokers/get,https://help.mikrotik.com/docs/spaces/ROS/pages/46759978/MQTT,MQTT
/iot/mqtt/brokers/print,https://help.mikrotik.com/docs/spaces/ROS/pages/46759978/MQTT,MQTT
/iot/mqtt/brokers/remove,https://help.mikrotik.com/docs/spaces/ROS/pages/46759978/MQTT,MQTT
/iot/mqtt/brokers/reset,https://help.mikrotik.com/docs/spaces/ROS/pages/46759978/MQTT,MQTT
/iot/mqtt/brokers/set,https://help.mikrotik.com/docs/spaces/ROS/pages/46759978/MQTT,MQTT
/iot/mqtt/connect,https://help.mikrotik.com/docs/spaces/ROS/pages/46759978/MQTT,MQTT
/iot/mqtt/disconnect,https://help.mikrotik.com/docs/spaces/ROS/pages/46759978/MQTT,MQTT
/iot/mqtt/export,https://help.mikrotik.com/docs/spaces/ROS/pages/46759978/MQTT,MQTT
/iot/mqtt/get,https://help.mikrotik.com/docs/spaces/ROS/pages/46759978/MQTT,MQTT
/iot/mqtt/print,https://help.mikrotik.com/docs/spaces/ROS/pages/46759978/MQTT,MQTT
/iot/mqtt/publish,https://help.mikrotik.com/docs/spaces/ROS/pages/46759978/MQTT,MQTT
/iot/mqtt/subscribe,https://help.mikrotik.com/docs/spaces/ROS/pages/46759978/MQTT,MQTT
/iot/mqtt/subscriptions,https://help.mikrotik.com/docs/spaces/ROS/pages/46759978/MQTT,MQTT
/iot/mqtt/subscriptions/add,https://help.mikrotik.com/docs/spaces/ROS/pages/46759978/MQTT,MQTT
/iot/mqtt/subscriptions/edit,https://help.mikrotik.com/docs/spaces/ROS/pages/46759978/MQTT,MQTT
/iot/mqtt/subscriptions/export,https://help.mikrotik.com/docs/spaces/ROS/pages/46759978/MQTT,MQTT
/iot/mqtt/subscriptions/find,https://help.mikrotik.com/docs/spaces/ROS/pages/46759978/MQTT,MQTT
/iot/mqtt/subscriptions/get,https://help.mikrotik.com/docs/spaces/ROS/pages/46759978/MQTT,MQTT
/iot/mqtt/subscriptions/print,https://help.mikrotik.com/docs/spaces/ROS/pages/46759978/MQTT,MQTT
/iot/mqtt/subscriptions/recv,https://help.mikrotik.com/docs/spaces/ROS/pages/46759978/MQTT,MQTT
/iot/mqtt/subscriptions/recv/clear,https://help.mikrotik.com/docs/spaces/ROS/pages/46759978/MQTT,MQTT
/iot/mqtt/subscriptions/recv/find,https://help.mikrotik.com/docs/spaces/ROS/pages/46759978/MQTT,MQTT
/iot/mqtt/subscriptions/recv/get,https://help.mikrotik.com/docs/spaces/ROS/pages/46759978/MQTT,MQTT
/iot/mqtt/subscriptions/recv/print,https://help.mikrotik.com/docs/spaces/ROS/pages/46759978/MQTT,MQTT
/iot/mqtt/subscriptions/remove,https://help.mikrotik.com/docs/spaces/ROS/pages/46759978/MQTT,MQTT
/iot/mqtt/subscriptions/reset,https://help.mikrotik.com/docs/spaces/ROS/pages/46759978/MQTT,MQTT
/iot/mqtt/subscriptions/set,https://help.mikrotik.com/docs/spaces/ROS/pages/46759978/MQTT,MQTT
/iot/mqtt/unsubscribe,https://help.mikrotik.com/docs/spaces/ROS/pages/46759978/MQTT,MQTT
/ip,https://help.mikrotik.com/docs/spaces/ROS/pages/328068/Bridging%2Band%2BSwitching,"Bridging and Switching"
/ip/address,https://help.mikrotik.com/docs/spaces/ROS/pages/328068/Bridging%2Band%2BSwitching,"Bridging and Switching"
/ip/address/add,https://help.mikrotik.com/docs/spaces/ROS/pages/328068/Bridging%2Band%2BSwitching,"Bridging and Switching"
/ip/address/comment,https://help.mikrotik.com/docs/spaces/ROS/pages/328068/Bridging%2Band%2BSwitching,"Bridging and Switching"
/ip/address/disable,https://help.mikrotik.com/docs/spaces/ROS/pages/328068/Bridging%2Band%2BSwitching,"Bridging and Switching"
/ip/address/edit,https://help.mikrotik.com/docs/spaces/ROS/pages/328068/Bridging%2Band%2BSwitching,"Bridging and Switching"
/ip/address/enable,https://help.mikrotik.com/docs/spaces/ROS/pages/328068/Bridging%2Band%2BSwitching,"Bridging and Switching"
/ip/address/export,https://help.mikrotik.com/docs/spaces/ROS/pages/328068/Bridging%2Band%2BSwitching,"Bridging and Switching"
/ip/address/find,https://help.mikrotik.com/docs/spaces/ROS/pages/328068/Bridging%2Band%2BSwitching,"Bridging and Switching"
/ip/address/get,https://help.mikrotik.com/docs/spaces/ROS/pages/328068/Bridging%2Band%2BSwitching,"Bridging and Switching"
/ip/address/print,https://help.mikrotik.com/docs/spaces/ROS/pages/328068/Bridging%2Band%2BSwitching,"Bridging and Switching"
/ip/address/remove,https://help.mikrotik.com/docs/spaces/ROS/pages/328068/Bridging%2Band%2BSwitching,"Bridging and Switching"
/ip/address/reset,https://help.mikrotik.com/docs/spaces/ROS/pages/328068/Bridging%2Band%2BSwitching,"Bridging and Switching"
/ip/address/set,https://help.mikrotik.com/docs/spaces/ROS/pages/328068/Bridging%2Band%2BSwitching,"Bridging and Switching"
/ip/arp,https://help.mikrotik.com/docs/spaces/ROS/pages/119144661/IPv4%2Band%2BIPv6%2BFundamentals,"IPv4 and IPv6 Fundamentals"
/ip/arp/add,https://help.mikrotik.com/docs/spaces/ROS/pages/119144661/IPv4%2Band%2BIPv6%2BFundamentals,"IPv4 and IPv6 Fundamentals"
/ip/arp/comment,https://help.mikrotik.com/docs/spaces/ROS/pages/119144661/IPv4%2Band%2BIPv6%2BFundamentals,"IPv4 and IPv6 Fundamentals"
/ip/arp/disable,https://help.mikrotik.com/docs/spaces/ROS/pages/119144661/IPv4%2Band%2BIPv6%2BFundamentals,"IPv4 and IPv6 Fundamentals"
/ip/arp/edit,https://help.mikrotik.com/docs/spaces/ROS/pages/119144661/IPv4%2Band%2BIPv6%2BFundamentals,"IPv4 and IPv6 Fundamentals"
/ip/arp/enable,https://help.mikrotik.com/docs/spaces/ROS/pages/119144661/IPv4%2Band%2BIPv6%2BFundamentals,"IPv4 and IPv6 Fundamentals"
/ip/arp/export,https://help.mikrotik.com/docs/spaces/ROS/pages/119144661/IPv4%2Band%2BIPv6%2BFundamentals,"IPv4 and IPv6 Fundamentals"
/ip/arp/find,https://help.mikrotik.com/docs/spaces/ROS/pages/119144661/IPv4%2Band%2BIPv6%2BFundamentals,"IPv4 and IPv6 Fundamentals"
/ip/arp/get,https://help.mikrotik.com/docs/spaces/ROS/pages/119144661/IPv4%2Band%2BIPv6%2BFundamentals,"IPv4 and IPv6 Fundamentals"
/ip/arp/print,https://help.mikrotik.com/docs/spaces/ROS/pages/119144661/IPv4%2Band%2BIPv6%2BFundamentals,"IPv4 and IPv6 Fundamentals"
/ip/arp/remove,https://help.mikrotik.com/docs/spaces/ROS/pages/119144661/IPv4%2Band%2BIPv6%2BFundamentals,"IPv4 and IPv6 Fundamentals"
/ip/arp/reset,https://help.mikrotik.com/docs/spaces/ROS/pages/119144661/IPv4%2Band%2BIPv6%2BFundamentals,"IPv4 and IPv6 Fundamentals"
/ip/arp/set,https://help.mikrotik.com/docs/spaces/ROS/pages/119144661/IPv4%2Band%2BIPv6%2BFundamentals,"IPv4 and IPv6 Fundamentals"
/ip/cloud,https://help.mikrotik.com/docs/spaces/ROS/pages/328151/First%2BTime%2BConfiguration,"First Time Configuration"
/ip/cloud/advanced,https://help.mikrotik.com/docs/spaces/ROS/pages/328151/First%2BTime%2BConfiguration,"First Time Configuration"
/ip/cloud/back-to-home-file,https://help.mikrotik.com/docs/spaces/ROS/pages/295239888/File%2Bshare,"File share"
/ip/cloud/back-to-home-file/add,https://help.mikrotik.com/docs/spaces/ROS/pages/295239888/File%2Bshare,"File share"
/ip/cloud/back-to-home-file/comment,https://help.mikrotik.com/docs/spaces/ROS/pages/295239888/File%2Bshare,"File share"
/ip/cloud/back-to-home-file/disable,https://help.mikrotik.com/docs/spaces/ROS/pages/295239888/File%2Bshare,"File share"
/ip/cloud/back-to-home-file/edit,https://help.mikrotik.com/docs/spaces/ROS/pages/295239888/File%2Bshare,"File share"
/ip/cloud/back-to-home-file/enable,https://help.mikrotik.com/docs/spaces/ROS/pages/295239888/File%2Bshare,"File share"
/ip/cloud/back-to-home-file/export,https://help.mikrotik.com/docs/spaces/ROS/pages/295239888/File%2Bshare,"File share"
/ip/cloud/back-to-home-file/find,https://help.mikrotik.com/docs/spaces/ROS/pages/295239888/File%2Bshare,"File share"
/ip/cloud/back-to-home-file/get,https://help.mikrotik.com/docs/spaces/ROS/pages/295239888/File%2Bshare,"File share"
/ip/cloud/back-to-home-file/print,https://help.mikrotik.com/docs/spaces/ROS/pages/295239888/File%2Bshare,"File share"
/ip/cloud/back-to-home-file/remove,https://help.mikrotik.com/docs/spaces/ROS/pages/295239888/File%2Bshare,"File share"
/ip/cloud/back-to-home-file/reset,https://help.mikrotik.com/docs/spaces/ROS/pages/295239888/File%2Bshare,"File share"
/ip/cloud/back-to-home-file/set,https://help.mikrotik.com/docs/spaces/ROS/pages/295239888/File%2Bshare,"File share"
/ip/cloud/back-to-home-file/settings,https://help.mikrotik.com/docs/spaces/ROS/pages/295239888/File%2Bshare,"File share"
/ip/cloud/back-to-home-user,https://help.mikrotik.com/docs/spaces/ROS/pages/328151/First%2BTime%2BConfiguration,"First Time Configuration"
/ip/cloud/edit,https://help.mikrotik.com/docs/spaces/ROS/pages/328151/First%2BTime%2BConfiguration,"First Time Configuration"
/ip/cloud/export,https://help.mikrotik.com/docs/spaces/ROS/pages/328151/First%2BTime%2BConfiguration,"First Time Configuration"
/ip/cloud/force-update,https://help.mikrotik.com/docs/spaces/ROS/pages/328151/First%2BTime%2BConfiguration,"First Time Configuration"
/ip/cloud/get,https://help.mikrotik.com/docs/spaces/ROS/pages/328151/First%2BTime%2BConfiguration,"First Time Configuration"
/ip/cloud/print,https://help.mikrotik.com/docs/spaces/ROS/pages/328151/First%2BTime%2BConfiguration,"First Time Configuration"
/ip/cloud/reset,https://help.mikrotik.com/docs/spaces/ROS/pages/328151/First%2BTime%2BConfiguration,"First Time Configuration"
/ip/cloud/set,https://help.mikrotik.com/docs/spaces/ROS/pages/328151/First%2BTime%2BConfiguration,"First Time Configuration"
/ip/dhcp-client,https://help.mikrotik.com/docs/spaces/ROS/pages/328151/First%2BTime%2BConfiguration,"First Time Configuration"
/ip/dhcp-client/add,https://help.mikrotik.com/docs/spaces/ROS/pages/328151/First%2BTime%2BConfiguration,"First Time Configuration"
/ip/dhcp-client/comment,https://help.mikrotik.com/docs/spaces/ROS/pages/328151/First%2BTime%2BConfiguration,"First Time Configuration"
/ip/dhcp-client/disable,https://help.mikrotik.com/docs/spaces/ROS/pages/328151/First%2BTime%2BConfiguration,"First Time Configuration"
/ip/dhcp-client/edit,https://help.mikrotik.com/docs/spaces/ROS/pages/328151/First%2BTime%2BConfiguration,"First Time Configuration"
/ip/dhcp-client/enable,https://help.mikrotik.com/docs/spaces/ROS/pages/328151/First%2BTime%2BConfiguration,"First Time Configuration"
/ip/dhcp-client/export,https://help.mikrotik.com/docs/spaces/ROS/pages/328151/First%2BTime%2BConfiguration,"First Time Configuration"
/ip/dhcp-client/find,https://help.mikrotik.com/docs/spaces/ROS/pages/328151/First%2BTime%2BConfiguration,"First Time Configuration"
/ip/dhcp-client/get,https://help.mikrotik.com/docs/spaces/ROS/pages/328151/First%2BTime%2BConfiguration,"First Time Configuration"
/ip/dhcp-client/option,https://help.mikrotik.com/docs/spaces/ROS/pages/328151/First%2BTime%2BConfiguration,"First Time Configuration"
/ip/dhcp-client/print,https://help.mikrotik.com/docs/spaces/ROS/pages/328151/First%2BTime%2BConfiguration,"First Time Configuration"
/ip/dhcp-client/release,https://help.mikrotik.com/docs/spaces/ROS/pages/328151/First%2BTime%2BConfiguration,"First Time Configuration"
/ip/dhcp-client/remove,https://help.mikrotik.com/docs/spaces/ROS/pages/328151/First%2BTime%2BConfiguration,"First Time Configuration"
/ip/dhcp-client/renew,https://help.mikrotik.com/docs/spaces/ROS/pages/328151/First%2BTime%2BConfiguration,"First Time Configuration"
/ip/dhcp-client/reset,https://help.mikrotik.com/docs/spaces/ROS/pages/328151/First%2BTime%2BConfiguration,"First Time Configuration"
/ip/dhcp-client/set,https://help.mikrotik.com/docs/spaces/ROS/pages/328151/First%2BTime%2BConfiguration,"First Time Configuration"
/ip/dhcp-client/unset,https://help.mikrotik.com/docs/spaces/ROS/pages/328151/First%2BTime%2BConfiguration,"First Time Configuration"
/ip/dhcp-relay,https://help.mikrotik.com/docs/spaces/ROS/pages/328206/Virtual%2BRouting%2Band%2BForwarding%2B-%2BVRF,"Virtual Routing and Forwarding - VRF"
/ip/dhcp-relay/add,https://help.mikrotik.com/docs/spaces/ROS/pages/328206/Virtual%2BRouting%2Band%2BForwarding%2B-%2BVRF,"Virtual Routing and Forwarding - VRF"
/ip/dhcp-relay/disable,https://help.mikrotik.com/docs/spaces/ROS/pages/328206/Virtual%2BRouting%2Band%2BForwarding%2B-%2BVRF,"Virtual Routing and Forwarding - VRF"
/ip/dhcp-relay/edit,https://help.mikrotik.com/docs/spaces/ROS/pages/328206/Virtual%2BRouting%2Band%2BForwarding%2B-%2BVRF,"Virtual Routing and Forwarding - VRF"
/ip/dhcp-relay/enable,https://help.mikrotik.com/docs/spaces/ROS/pages/328206/Virtual%2BRouting%2Band%2BForwarding%2B-%2BVRF,"Virtual Routing and Forwarding - VRF"
/ip/dhcp-relay/export,https://help.mikrotik.com/docs/spaces/ROS/pages/328206/Virtual%2BRouting%2Band%2BForwarding%2B-%2BVRF,"Virtual Routing and Forwarding - VRF"
/ip/dhcp-relay/find,https://help.mikrotik.com/docs/spaces/ROS/pages/328206/Virtual%2BRouting%2Band%2BForwarding%2B-%2BVRF,"Virtual Routing and Forwarding - VRF"
/ip/dhcp-relay/get,https://help.mikrotik.com/docs/spaces/ROS/pages/328206/Virtual%2BRouting%2Band%2BForwarding%2B-%2BVRF,"Virtual Routing and Forwarding - VRF"
/ip/dhcp-relay/monitor,https://help.mikrotik.com/docs/spaces/ROS/pages/328206/Virtual%2BRouting%2Band%2BForwarding%2B-%2BVRF,"Virtual Routing and Forwarding - VRF"
/ip/dhcp-relay/print,https://help.mikrotik.com/docs/spaces/ROS/pages/328206/Virtual%2BRouting%2Band%2BForwarding%2B-%2BVRF,"Virtual Routing and Forwarding - VRF"
/ip/dhcp-relay/remove,https://help.mikrotik.com/docs/spaces/ROS/pages/328206/Virtual%2BRouting%2Band%2BForwarding%2B-%2BVRF,"Virtual Routing and Forwarding - VRF"
/ip/dhcp-relay/reset,https://help.mikrotik.com/docs/spaces/ROS/pages/328206/Virtual%2BRouting%2Band%2BForwarding%2B-%2BVRF,"Virtual Routing and Forwarding - VRF"
/ip/dhcp-relay/reset-counters,https://help.mikrotik.com/docs/spaces/ROS/pages/328206/Virtual%2BRouting%2Band%2BForwarding%2B-%2BVRF,"Virtual Routing and Forwarding - VRF"
/ip/dhcp-relay/set,https://help.mikrotik.com/docs/spaces/ROS/pages/328206/Virtual%2BRouting%2Band%2BForwarding%2B-%2BVRF,"Virtual Routing and Forwarding - VRF"
/ip/dhcp-relay/unset,https://help.mikrotik.com/docs/spaces/ROS/pages/328206/Virtual%2BRouting%2Band%2BForwarding%2B-%2BVRF,"Virtual Routing and Forwarding - VRF"
/ip/dhcp-server,https://help.mikrotik.com/docs/spaces/ROS/pages/15302988/Switch%2BChip%2BFeatures,"Switch Chip Features"
/ip/dhcp-server/add,https://help.mikrotik.com/docs/spaces/ROS/pages/15302988/Switch%2BChip%2BFeatures,"Switch Chip Features"
/ip/dhcp-server/alert,https://help.mikrotik.com/docs/spaces/ROS/pages/15302988/Switch%2BChip%2BFeatures,"Switch Chip Features"
/ip/dhcp-server/comment,https://help.mikrotik.com/docs/spaces/ROS/pages/15302988/Switch%2BChip%2BFeatures,"Switch Chip Features"
/ip/dhcp-server/config,https://help.mikrotik.com/docs/spaces/ROS/pages/15302988/Switch%2BChip%2BFeatures,"Switch Chip Features"
/ip/dhcp-server/disable,https://help.mikrotik.com/docs/spaces/ROS/pages/15302988/Switch%2BChip%2BFeatures,"Switch Chip Features"
/ip/dhcp-server/edit,https://help.mikrotik.com/docs/spaces/ROS/pages/15302988/Switch%2BChip%2BFeatures,"Switch Chip Features"
/ip/dhcp-server/enable,https://help.mikrotik.com/docs/spaces/ROS/pages/15302988/Switch%2BChip%2BFeatures,"Switch Chip Features"
/ip/dhcp-server/export,https://help.mikrotik.com/docs/spaces/ROS/pages/15302988/Switch%2BChip%2BFeatures,"Switch Chip Features"
/ip/dhcp-server/find,https://help.mikrotik.com/docs/spaces/ROS/pages/15302988/Switch%2BChip%2BFeatures,"Switch Chip Features"
/ip/dhcp-server/get,https://help.mikrotik.com/docs/spaces/ROS/pages/15302988/Switch%2BChip%2BFeatures,"Switch Chip Features"
/ip/dhcp-server/lease,https://help.mikrotik.com/docs/spaces/ROS/pages/24805500/DHCP,DHCP
/ip/dhcp-server/lease/add,https://help.mikrotik.com/docs/spaces/ROS/pages/24805500/DHCP,DHCP
/ip/dhcp-server/lease/check-status,https://help.mikrotik.com/docs/spaces/ROS/pages/24805500/DHCP,DHCP
/ip/dhcp-server/lease/comment,https://help.mikrotik.com/docs/spaces/ROS/pages/24805500/DHCP,DHCP
/ip/dhcp-server/lease/disable,https://help.mikrotik.com/docs/spaces/ROS/pages/24805500/DHCP,DHCP
/ip/dhcp-server/lease/edit,https://help.mikrotik.com/docs/spaces/ROS/pages/24805500/DHCP,DHCP
/ip/dhcp-server/lease/enable,https://help.mikrotik.com/docs/spaces/ROS/pages/24805500/DHCP,DHCP
/ip/dhcp-server/lease/export,https://help.mikrotik.com/docs/spaces/ROS/pages/24805500/DHCP,DHCP
/ip/dhcp-server/lease/find,https://help.mikrotik.com/docs/spaces/ROS/pages/24805500/DHCP,DHCP
/ip/dhcp-server/lease/get,https://help.mikrotik.com/docs/spaces/ROS/pages/24805500/DHCP,DHCP
/ip/dhcp-server/lease/make-static,https://help.mikrotik.com/docs/spaces/ROS/pages/24805500/DHCP,DHCP
/ip/dhcp-server/lease/print,https://help.mikrotik.com/docs/spaces/ROS/pages/24805500/DHCP,DHCP
/ip/dhcp-server/lease/remove,https://help.mikrotik.com/docs/spaces/ROS/pages/24805500/DHCP,DHCP
/ip/dhcp-server/lease/reset,https://help.mikrotik.com/docs/spaces/ROS/pages/24805500/DHCP,DHCP
/ip/dhcp-server/lease/send-reconfigure,https://help.mikrotik.com/docs/spaces/ROS/pages/24805500/DHCP,DHCP
/ip/dhcp-server/lease/set,https://help.mikrotik.com/docs/spaces/ROS/pages/24805500/DHCP,DHCP
/ip/dhcp-server/lease/unset,https://help.mikrotik.com/docs/spaces/ROS/pages/24805500/DHCP,DHCP
/ip/dhcp-server/matcher,https://help.mikrotik.com/docs/spaces/ROS/pages/24805500/DHCP,DHCP
/ip/dhcp-server/matcher/add,https://help.mikrotik.com/docs/spaces/ROS/pages/24805500/DHCP,DHCP
/ip/dhcp-server/matcher/comment,https://help.mikrotik.com/docs/spaces/ROS/pages/24805500/DHCP,DHCP
/ip/dhcp-server/matcher/disable,https://help.mikrotik.com/docs/spaces/ROS/pages/24805500/DHCP,DHCP
/ip/dhcp-server/matcher/edit,https://help.mikrotik.com/docs/spaces/ROS/pages/24805500/DHCP,DHCP
/ip/dhcp-server/matcher/enable,https://help.mikrotik.com/docs/spaces/ROS/pages/24805500/DHCP,DHCP
/ip/dhcp-server/matcher/export,https://help.mikrotik.com/docs/spaces/ROS/pages/24805500/DHCP,DHCP
/ip/dhcp-server/matcher/find,https://help.mikrotik.com/docs/spaces/ROS/pages/24805500/DHCP,DHCP
/ip/dhcp-server/matcher/get,https://help.mikrotik.com/docs/spaces/ROS/pages/24805500/DHCP,DHCP
/ip/dhcp-server/matcher/print,https://help.mikrotik.com/docs/spaces/ROS/pages/24805500/DHCP,DHCP
/ip/dhcp-server/matcher/remove,https://help.mikrotik.com/docs/spaces/ROS/pages/24805500/DHCP,DHCP
/ip/dhcp-server/matcher/reset,https://help.mikrotik.com/docs/spaces/ROS/pages/24805500/DHCP,DHCP
/ip/dhcp-server/matcher/set,https://help.mikrotik.com/docs/spaces/ROS/pages/24805500/DHCP,DHCP
/ip/dhcp-server/network,https://help.mikrotik.com/docs/spaces/ROS/pages/15302988/Switch%2BChip%2BFeatures,"Switch Chip Features"
/ip/dhcp-server/network/add,https://help.mikrotik.com/docs/spaces/ROS/pages/15302988/Switch%2BChip%2BFeatures,"Switch Chip Features"
/ip/dhcp-server/network/comment,https://help.mikrotik.com/docs/spaces/ROS/pages/15302988/Switch%2BChip%2BFeatures,"Switch Chip Features"
/ip/dhcp-server/network/edit,https://help.mikrotik.com/docs/spaces/ROS/pages/15302988/Switch%2BChip%2BFeatures,"Switch Chip Features"
/ip/dhcp-server/network/export,https://help.mikrotik.com/docs/spaces/ROS/pages/15302988/Switch%2BChip%2BFeatures,"Switch Chip Features"
/ip/dhcp-server/network/find,https://help.mikrotik.com/docs/spaces/ROS/pages/15302988/Switch%2BChip%2BFeatures,"Switch Chip Features"
/ip/dhcp-server/network/get,https://help.mikrotik.com/docs/spaces/ROS/pages/15302988/Switch%2BChip%2BFeatures,"Switch Chip Features"
/ip/dhcp-server/network/print,https://help.mikrotik.com/docs/spaces/ROS/pages/15302988/Switch%2BChip%2BFeatures,"Switch Chip Features"
/ip/dhcp-server/network/remove,https://help.mikrotik.com/docs/spaces/ROS/pages/15302988/Switch%2BChip%2BFeatures,"Switch Chip Features"
/ip/dhcp-server/network/reset,https://help.mikrotik.com/docs/spaces/ROS/pages/15302988/Switch%2BChip%2BFeatures,"Switch Chip Features"
/ip/dhcp-server/network/set,https://help.mikrotik.com/docs/spaces/ROS/pages/15302988/Switch%2BChip%2BFeatures,"Switch Chip Features"
/ip/dhcp-server/network/unset,https://help.mikrotik.com/docs/spaces/ROS/pages/15302988/Switch%2BChip%2BFeatures,"Switch Chip Features"
/ip/dhcp-server/option,https://help.mikrotik.com/docs/spaces/ROS/pages/24805500/DHCP,DHCP
/ip/dhcp-server/option/add,https://help.mikrotik.com/docs/spaces/ROS/pages/24805500/DHCP,DHCP
/ip/dhcp-server/option/comment,https://help.mikrotik.com/docs/spaces/ROS/pages/24805500/DHCP,DHCP
/ip/dhcp-server/option/edit,https://help.mikrotik.com/docs/spaces/ROS/pages/24805500/DHCP,DHCP
/ip/dhcp-server/option/export,https://help.mikrotik.com/docs/spaces/ROS/pages/24805500/DHCP,DHCP
/ip/dhcp-server/option/find,https://help.mikrotik.com/docs/spaces/ROS/pages/24805500/DHCP,DHCP
/ip/dhcp-server/option/get,https://help.mikrotik.com/docs/spaces/ROS/pages/24805500/DHCP,DHCP
/ip/dhcp-server/option/print,https://help.mikrotik.com/docs/spaces/ROS/pages/24805500/DHCP,DHCP
/ip/dhcp-server/option/remove,https://help.mikrotik.com/docs/spaces/ROS/pages/24805500/DHCP,DHCP
/ip/dhcp-server/option/reset,https://help.mikrotik.com/docs/spaces/ROS/pages/24805500/DHCP,DHCP
/ip/dhcp-server/option/set,https://help.mikrotik.com/docs/spaces/ROS/pages/24805500/DHCP,DHCP
/ip/dhcp-server/option/sets,https://help.mikrotik.com/docs/spaces/ROS/pages/24805500/DHCP,DHCP
/ip/dhcp-server/print,https://help.mikrotik.com/docs/spaces/ROS/pages/15302988/Switch%2BChip%2BFeatures,"Switch Chip Features"
/ip/dhcp-server/remove,https://help.mikrotik.com/docs/spaces/ROS/pages/15302988/Switch%2BChip%2BFeatures,"Switch Chip Features"
/ip/dhcp-server/reset,https://help.mikrotik.com/docs/spaces/ROS/pages/15302988/Switch%2BChip%2BFeatures,"Switch Chip Features"
/ip/dhcp-server/set,https://help.mikrotik.com/docs/spaces/ROS/pages/15302988/Switch%2BChip%2BFeatures,"Switch Chip Features"
/ip/dhcp-server/setup,https://help.mikrotik.com/docs/spaces/ROS/pages/15302988/Switch%2BChip%2BFeatures,"Switch Chip Features"
/ip/dns,https://help.mikrotik.com/docs/spaces/ROS/pages/328151/First%2BTime%2BConfiguration,"First Time Configuration"
/ip/dns/adlist,https://help.mikrotik.com/docs/spaces/ROS/pages/37748767/DNS,DNS
/ip/dns/adlist/add,https://help.mikrotik.com/docs/spaces/ROS/pages/37748767/DNS,DNS
/ip/dns/adlist/comment,https://help.mikrotik.com/docs/spaces/ROS/pages/37748767/DNS,DNS
/ip/dns/adlist/disable,https://help.mikrotik.com/docs/spaces/ROS/pages/37748767/DNS,DNS
/ip/dns/adlist/edit,https://help.mikrotik.com/docs/spaces/ROS/pages/37748767/DNS,DNS
/ip/dns/adlist/enable,https://help.mikrotik.com/docs/spaces/ROS/pages/37748767/DNS,DNS
/ip/dns/adlist/export,https://help.mikrotik.com/docs/spaces/ROS/pages/37748767/DNS,DNS
/ip/dns/adlist/find,https://help.mikrotik.com/docs/spaces/ROS/pages/37748767/DNS,DNS
/ip/dns/adlist/get,https://help.mikrotik.com/docs/spaces/ROS/pages/37748767/DNS,DNS
/ip/dns/adlist/pause,https://help.mikrotik.com/docs/spaces/ROS/pages/37748767/DNS,DNS
/ip/dns/adlist/print,https://help.mikrotik.com/docs/spaces/ROS/pages/37748767/DNS,DNS
/ip/dns/adlist/reload,https://help.mikrotik.com/docs/spaces/ROS/pages/37748767/DNS,DNS
/ip/dns/adlist/remove,https://help.mikrotik.com/docs/spaces/ROS/pages/37748767/DNS,DNS
/ip/dns/adlist/reset,https://help.mikrotik.com/docs/spaces/ROS/pages/37748767/DNS,DNS
/ip/dns/adlist/set,https://help.mikrotik.com/docs/spaces/ROS/pages/37748767/DNS,DNS
/ip/dns/cache,https://help.mikrotik.com/docs/spaces/ROS/pages/139067404/Scripting%2Bexamples,"Scripting examples"
/ip/dns/cache/all,https://help.mikrotik.com/docs/spaces/ROS/pages/139067404/Scripting%2Bexamples,"Scripting examples"
/ip/dns/cache/all/find,https://help.mikrotik.com/docs/spaces/ROS/pages/139067404/Scripting%2Bexamples,"Scripting examples"
/ip/dns/cache/all/get,https://help.mikrotik.com/docs/spaces/ROS/pages/139067404/Scripting%2Bexamples,"Scripting examples"
/ip/dns/cache/all/print,https://help.mikrotik.com/docs/spaces/ROS/pages/139067404/Scripting%2Bexamples,"Scripting examples"
/ip/dns/cache/find,https://help.mikrotik.com/docs/spaces/ROS/pages/139067404/Scripting%2Bexamples,"Scripting examples"
/ip/dns/cache/flush,https://help.mikrotik.com/docs/spaces/ROS/pages/139067404/Scripting%2Bexamples,"Scripting examples"
/ip/dns/cache/get,https://help.mikrotik.com/docs/spaces/ROS/pages/139067404/Scripting%2Bexamples,"Scripting examples"
/ip/dns/cache/print,https://help.mikrotik.com/docs/spaces/ROS/pages/139067404/Scripting%2Bexamples,"Scripting examples"
/ip/dns/edit,https://help.mikrotik.com/docs/spaces/ROS/pages/328151/First%2BTime%2BConfiguration,"First Time Configuration"
/ip/dns/export,https://help.mikrotik.com/docs/spaces/ROS/pages/328151/First%2BTime%2BConfiguration,"First Time Configuration"
/ip/dns/forwarders,https://help.mikrotik.com/docs/spaces/ROS/pages/37748767/DNS,DNS
/ip/dns/forwarders/add,https://help.mikrotik.com/docs/spaces/ROS/pages/37748767/DNS,DNS
/ip/dns/forwarders/comment,https://help.mikrotik.com/docs/spaces/ROS/pages/37748767/DNS,DNS
/ip/dns/forwarders/disable,https://help.mikrotik.com/docs/spaces/ROS/pages/37748767/DNS,DNS
/ip/dns/forwarders/edit,https://help.mikrotik.com/docs/spaces/ROS/pages/37748767/DNS,DNS
/ip/dns/forwarders/enable,https://help.mikrotik.com/docs/spaces/ROS/pages/37748767/DNS,DNS
/ip/dns/forwarders/export,https://help.mikrotik.com/docs/spaces/ROS/pages/37748767/DNS,DNS
/ip/dns/forwarders/find,https://help.mikrotik.com/docs/spaces/ROS/pages/37748767/DNS,DNS
/ip/dns/forwarders/get,https://help.mikrotik.com/docs/spaces/ROS/pages/37748767/DNS,DNS
/ip/dns/forwarders/print,https://help.mikrotik.com/docs/spaces/ROS/pages/37748767/DNS,DNS
/ip/dns/forwarders/remove,https://help.mikrotik.com/docs/spaces/ROS/pages/37748767/DNS,DNS
/ip/dns/forwarders/reset,https://help.mikrotik.com/docs/spaces/ROS/pages/37748767/DNS,DNS
/ip/dns/forwarders/set,https://help.mikrotik.com/docs/spaces/ROS/pages/37748767/DNS,DNS
/ip/dns/get,https://help.mikrotik.com/docs/spaces/ROS/pages/328151/First%2BTime%2BConfiguration,"First Time Configuration"
/ip/dns/print,https://help.mikrotik.com/docs/spaces/ROS/pages/328151/First%2BTime%2BConfiguration,"First Time Configuration"
/ip/dns/reset,https://help.mikrotik.com/docs/spaces/ROS/pages/328151/First%2BTime%2BConfiguration,"First Time Configuration"
/ip/dns/set,https://help.mikrotik.com/docs/spaces/ROS/pages/328151/First%2BTime%2BConfiguration,"First Time Configuration"
/ip/dns/static,https://help.mikrotik.com/docs/spaces/ROS/pages/37748767/DNS,DNS
/ip/dns/static/add,https://help.mikrotik.com/docs/spaces/ROS/pages/37748767/DNS,DNS
/ip/dns/static/comment,https://help.mikrotik.com/docs/spaces/ROS/pages/37748767/DNS,DNS
/ip/dns/static/disable,https://help.mikrotik.com/docs/spaces/ROS/pages/37748767/DNS,DNS
/ip/dns/static/edit,https://help.mikrotik.com/docs/spaces/ROS/pages/37748767/DNS,DNS
/ip/dns/static/enable,https://help.mikrotik.com/docs/spaces/ROS/pages/37748767/DNS,DNS
/ip/dns/static/export,https://help.mikrotik.com/docs/spaces/ROS/pages/37748767/DNS,DNS
/ip/dns/static/find,https://help.mikrotik.com/docs/spaces/ROS/pages/37748767/DNS,DNS
/ip/dns/static/get,https://help.mikrotik.com/docs/spaces/ROS/pages/37748767/DNS,DNS
/ip/dns/static/move,https://help.mikrotik.com/docs/spaces/ROS/pages/37748767/DNS,DNS
/ip/dns/static/print,https://help.mikrotik.com/docs/spaces/ROS/pages/37748767/DNS,DNS
/ip/dns/static/remove,https://help.mikrotik.com/docs/spaces/ROS/pages/37748767/DNS,DNS
/ip/dns/static/reset,https://help.mikrotik.com/docs/spaces/ROS/pages/37748767/DNS,DNS
/ip/dns/static/set,https://help.mikrotik.com/docs/spaces/ROS/pages/37748767/DNS,DNS
/ip/export,https://help.mikrotik.com/docs/spaces/ROS/pages/328068/Bridging%2Band%2BSwitching,"Bridging and Switching"
/ip/firewall,https://help.mikrotik.com/docs/spaces/ROS/pages/328088/Queues,Queues
/ip/firewall/address-list,https://help.mikrotik.com/docs/spaces/ROS/pages/328088/Queues,Queues
/ip/firewall/address-list/add,https://help.mikrotik.com/docs/spaces/ROS/pages/328088/Queues,Queues
/ip/firewall/address-list/comment,https://help.mikrotik.com/docs/spaces/ROS/pages/328088/Queues,Queues
/ip/firewall/address-list/disable,https://help.mikrotik.com/docs/spaces/ROS/pages/328088/Queues,Queues
/ip/firewall/address-list/edit,https://help.mikrotik.com/docs/spaces/ROS/pages/328088/Queues,Queues
/ip/firewall/address-list/enable,https://help.mikrotik.com/docs/spaces/ROS/pages/328088/Queues,Queues
/ip/firewall/address-list/export,https://help.mikrotik.com/docs/spaces/ROS/pages/328088/Queues,Queues
/ip/firewall/address-list/find,https://help.mikrotik.com/docs/spaces/ROS/pages/328088/Queues,Queues
/ip/firewall/address-list/get,https://help.mikrotik.com/docs/spaces/ROS/pages/328088/Queues,Queues
/ip/firewall/address-list/print,https://help.mikrotik.com/docs/spaces/ROS/pages/328088/Queues,Queues
/ip/firewall/address-list/remove,https://help.mikrotik.com/docs/spaces/ROS/pages/328088/Queues,Queues
/ip/firewall/address-list/reset,https://help.mikrotik.com/docs/spaces/ROS/pages/328088/Queues,Queues
/ip/firewall/address-list/set,https://help.mikrotik.com/docs/spaces/ROS/pages/328088/Queues,Queues
/ip/firewall/calea,https://help.mikrotik.com/docs/spaces/ROS/pages/328088/Queues,Queues
/ip/firewall/connection,https://help.mikrotik.com/docs/spaces/ROS/pages/130220087/Connection%2Btracking,"Connection tracking"
/ip/firewall/connection/export,https://help.mikrotik.com/docs/spaces/ROS/pages/130220087/Connection%2Btracking,"Connection tracking"
/ip/firewall/connection/find,https://help.mikrotik.com/docs/spaces/ROS/pages/130220087/Connection%2Btracking,"Connection tracking"
/ip/firewall/connection/get,https://help.mikrotik.com/docs/spaces/ROS/pages/130220087/Connection%2Btracking,"Connection tracking"
/ip/firewall/connection/print,https://help.mikrotik.com/docs/spaces/ROS/pages/130220087/Connection%2Btracking,"Connection tracking"
/ip/firewall/connection/remove,https://help.mikrotik.com/docs/spaces/ROS/pages/130220087/Connection%2Btracking,"Connection tracking"
/ip/firewall/connection/tracking,https://help.mikrotik.com/docs/spaces/ROS/pages/81362945/VRRP,VRRP
/ip/firewall/connection/tracking/edit,https://help.mikrotik.com/docs/spaces/ROS/pages/81362945/VRRP,VRRP
/ip/firewall/connection/tracking/export,https://help.mikrotik.com/docs/spaces/ROS/pages/81362945/VRRP,VRRP
/ip/firewall/connection/tracking/get,https://help.mikrotik.com/docs/spaces/ROS/pages/81362945/VRRP,VRRP
/ip/firewall/connection/tracking/print,https://help.mikrotik.com/docs/spaces/ROS/pages/81362945/VRRP,VRRP
/ip/firewall/connection/tracking/set,https://help.mikrotik.com/docs/spaces/ROS/pages/81362945/VRRP,VRRP
/ip/firewall/export,https://help.mikrotik.com/docs/spaces/ROS/pages/328088/Queues,Queues
/ip/firewall/filter,https://help.mikrotik.com/docs/spaces/ROS/pages/328151/First%2BTime%2BConfiguration,"First Time Configuration"
/ip/firewall/filter/add,https://help.mikrotik.com/docs/spaces/ROS/pages/328151/First%2BTime%2BConfiguration,"First Time Configuration"
/ip/firewall/filter/comment,https://help.mikrotik.com/docs/spaces/ROS/pages/328151/First%2BTime%2BConfiguration,"First Time Configuration"
/ip/firewall/filter/disable,https://help.mikrotik.com/docs/spaces/ROS/pages/328151/First%2BTime%2BConfiguration,"First Time Configuration"
/ip/firewall/filter/edit,https://help.mikrotik.com/docs/spaces/ROS/pages/328151/First%2BTime%2BConfiguration,"First Time Configuration"
/ip/firewall/filter/enable,https://help.mikrotik.com/docs/spaces/ROS/pages/328151/First%2BTime%2BConfiguration,"First Time Configuration"
/ip/firewall/filter/export,https://help.mikrotik.com/docs/spaces/ROS/pages/328151/First%2BTime%2BConfiguration,"First Time Configuration"
/ip/firewall/filter/find,https://help.mikrotik.com/docs/spaces/ROS/pages/328151/First%2BTime%2BConfiguration,"First Time Configuration"
/ip/firewall/filter/get,https://help.mikrotik.com/docs/spaces/ROS/pages/328151/First%2BTime%2BConfiguration,"First Time Configuration"
/ip/firewall/filter/move,https://help.mikrotik.com/docs/spaces/ROS/pages/328151/First%2BTime%2BConfiguration,"First Time Configuration"
/ip/firewall/filter/print,https://help.mikrotik.com/docs/spaces/ROS/pages/328151/First%2BTime%2BConfiguration,"First Time Configuration"
/ip/firewall/filter/remove,https://help.mikrotik.com/docs/spaces/ROS/pages/328151/First%2BTime%2BConfiguration,"First Time Configuration"
/ip/firewall/filter/reset,https://help.mikrotik.com/docs/spaces/ROS/pages/328151/First%2BTime%2BConfiguration,"First Time Configuration"
/ip/firewall/filter/reset-counters,https://help.mikrotik.com/docs/spaces/ROS/pages/328151/First%2BTime%2BConfiguration,"First Time Configuration"
/ip/firewall/filter/reset-counters-all,https://help.mikrotik.com/docs/spaces/ROS/pages/328151/First%2BTime%2BConfiguration,"First Time Configuration"
/ip/firewall/filter/set,https://help.mikrotik.com/docs/spaces/ROS/pages/328151/First%2BTime%2BConfiguration,"First Time Configuration"
/ip/firewall/filter/unset,https://help.mikrotik.com/docs/spaces/ROS/pages/328151/First%2BTime%2BConfiguration,"First Time Configuration"
/ip/firewall/layer7-protocol,https://help.mikrotik.com/docs/spaces/ROS/pages/130220161/Layer7,Layer7
/ip/firewall/layer7-protocol/add,https://help.mikrotik.com/docs/spaces/ROS/pages/130220161/Layer7,Layer7
/ip/firewall/layer7-protocol/comment,https://help.mikrotik.com/docs/spaces/ROS/pages/130220161/Layer7,Layer7
/ip/firewall/layer7-protocol/edit,https://help.mikrotik.com/docs/spaces/ROS/pages/130220161/Layer7,Layer7
/ip/firewall/layer7-protocol/export,https://help.mikrotik.com/docs/spaces/ROS/pages/130220161/Layer7,Layer7
/ip/firewall/layer7-protocol/find,https://help.mikrotik.com/docs/spaces/ROS/pages/130220161/Layer7,Layer7
/ip/firewall/layer7-protocol/get,https://help.mikrotik.com/docs/spaces/ROS/pages/130220161/Layer7,Layer7
/ip/firewall/layer7-protocol/print,https://help.mikrotik.com/docs/spaces/ROS/pages/130220161/Layer7,Layer7
/ip/firewall/layer7-protocol/remove,https://help.mikrotik.com/docs/spaces/ROS/pages/130220161/Layer7,Layer7
/ip/firewall/layer7-protocol/reset,https://help.mikrotik.com/docs/spaces/ROS/pages/130220161/Layer7,Layer7
/ip/firewall/layer7-protocol/set,https://help.mikrotik.com/docs/spaces/ROS/pages/130220161/Layer7,Layer7
/ip/firewall/mangle,https://help.mikrotik.com/docs/spaces/ROS/pages/328088/Queues,Queues
/ip/firewall/mangle/add,https://help.mikrotik.com/docs/spaces/ROS/pages/328088/Queues,Queues
/ip/firewall/mangle/comment,https://help.mikrotik.com/docs/spaces/ROS/pages/328088/Queues,Queues
/ip/firewall/mangle/disable,https://help.mikrotik.com/docs/spaces/ROS/pages/328088/Queues,Queues
/ip/firewall/mangle/edit,https://help.mikrotik.com/docs/spaces/ROS/pages/328088/Queues,Queues
/ip/firewall/mangle/enable,https://help.mikrotik.com/docs/spaces/ROS/pages/328088/Queues,Queues
/ip/firewall/mangle/export,https://help.mikrotik.com/docs/spaces/ROS/pages/328088/Queues,Queues
/ip/firewall/mangle/find,https://help.mikrotik.com/docs/spaces/ROS/pages/328088/Queues,Queues
/ip/firewall/mangle/get,https://help.mikrotik.com/docs/spaces/ROS/pages/328088/Queues,Queues
/ip/firewall/mangle/move,https://help.mikrotik.com/docs/spaces/ROS/pages/328088/Queues,Queues
/ip/firewall/mangle/print,https://help.mikrotik.com/docs/spaces/ROS/pages/328088/Queues,Queues
/ip/firewall/mangle/remove,https://help.mikrotik.com/docs/spaces/ROS/pages/328088/Queues,Queues
/ip/firewall/mangle/reset,https://help.mikrotik.com/docs/spaces/ROS/pages/328088/Queues,Queues
/ip/firewall/mangle/reset-counters,https://help.mikrotik.com/docs/spaces/ROS/pages/328088/Queues,Queues
/ip/firewall/mangle/reset-counters-all,https://help.mikrotik.com/docs/spaces/ROS/pages/328088/Queues,Queues
/ip/firewall/mangle/set,https://help.mikrotik.com/docs/spaces/ROS/pages/328088/Queues,Queues
/ip/firewall/mangle/unset,https://help.mikrotik.com/docs/spaces/ROS/pages/328088/Queues,Queues
/ip/firewall/nat,https://help.mikrotik.com/docs/spaces/ROS/pages/328134/Command%2BLine%2BInterface,"Command Line Interface"
/ip/firewall/nat/add,https://help.mikrotik.com/docs/spaces/ROS/pages/328134/Command%2BLine%2BInterface,"Command Line Interface"
/ip/firewall/nat/comment,https://help.mikrotik.com/docs/spaces/ROS/pages/328134/Command%2BLine%2BInterface,"Command Line Interface"
/ip/firewall/nat/disable,https://help.mikrotik.com/docs/spaces/ROS/pages/328134/Command%2BLine%2BInterface,"Command Line Interface"
/ip/firewall/nat/edit,https://help.mikrotik.com/docs/spaces/ROS/pages/328134/Command%2BLine%2BInterface,"Command Line Interface"
/ip/firewall/nat/enable,https://help.mikrotik.com/docs/spaces/ROS/pages/328134/Command%2BLine%2BInterface,"Command Line Interface"
/ip/firewall/nat/export,https://help.mikrotik.com/docs/spaces/ROS/pages/328134/Command%2BLine%2BInterface,"Command Line Interface"
/ip/firewall/nat/find,https://help.mikrotik.com/docs/spaces/ROS/pages/328134/Command%2BLine%2BInterface,"Command Line Interface"
/ip/firewall/nat/get,https://help.mikrotik.com/docs/spaces/ROS/pages/328134/Command%2BLine%2BInterface,"Command Line Interface"
/ip/firewall/nat/move,https://help.mikrotik.com/docs/spaces/ROS/pages/328134/Command%2BLine%2BInterface,"Command Line Interface"
/ip/firewall/nat/print,https://help.mikrotik.com/docs/spaces/ROS/pages/328134/Command%2BLine%2BInterface,"Command Line Interface"
/ip/firewall/nat/remove,https://help.mikrotik.com/docs/spaces/ROS/pages/328134/Command%2BLine%2BInterface,"Command Line Interface"
/ip/firewall/nat/reset,https://help.mikrotik.com/docs/spaces/ROS/pages/328134/Command%2BLine%2BInterface,"Command Line Interface"
/ip/firewall/nat/reset-counters,https://help.mikrotik.com/docs/spaces/ROS/pages/328134/Command%2BLine%2BInterface,"Command Line Interface"
/ip/firewall/nat/reset-counters-all,https://help.mikrotik.com/docs/spaces/ROS/pages/328134/Command%2BLine%2BInterface,"Command Line Interface"
/ip/firewall/nat/set,https://help.mikrotik.com/docs/spaces/ROS/pages/328134/Command%2BLine%2BInterface,"Command Line Interface"
/ip/firewall/nat/unset,https://help.mikrotik.com/docs/spaces/ROS/pages/328134/Command%2BLine%2BInterface,"Command Line Interface"
/ip/firewall/raw,https://help.mikrotik.com/docs/spaces/ROS/pages/328513/Building%2BAdvanced%2BFirewall,"Building Advanced Firewall"
/ip/firewall/raw/add,https://help.mikrotik.com/docs/spaces/ROS/pages/328513/Building%2BAdvanced%2BFirewall,"Building Advanced Firewall"
/ip/firewall/raw/comment,https://help.mikrotik.com/docs/spaces/ROS/pages/328513/Building%2BAdvanced%2BFirewall,"Building Advanced Firewall"
/ip/firewall/raw/disable,https://help.mikrotik.com/docs/spaces/ROS/pages/328513/Building%2BAdvanced%2BFirewall,"Building Advanced Firewall"
/ip/firewall/raw/edit,https://help.mikrotik.com/docs/spaces/ROS/pages/328513/Building%2BAdvanced%2BFirewall,"Building Advanced Firewall"
/ip/firewall/raw/enable,https://help.mikrotik.com/docs/spaces/ROS/pages/328513/Building%2BAdvanced%2BFirewall,"Building Advanced Firewall"
/ip/firewall/raw/export,https://help.mikrotik.com/docs/spaces/ROS/pages/328513/Building%2BAdvanced%2BFirewall,"Building Advanced Firewall"
/ip/firewall/raw/find,https://help.mikrotik.com/docs/spaces/ROS/pages/328513/Building%2BAdvanced%2BFirewall,"Building Advanced Firewall"
/ip/firewall/raw/get,https://help.mikrotik.com/docs/spaces/ROS/pages/328513/Building%2BAdvanced%2BFirewall,"Building Advanced Firewall"
/ip/firewall/raw/move,https://help.mikrotik.com/docs/spaces/ROS/pages/328513/Building%2BAdvanced%2BFirewall,"Building Advanced Firewall"
/ip/firewall/raw/print,https://help.mikrotik.com/docs/spaces/ROS/pages/328513/Building%2BAdvanced%2BFirewall,"Building Advanced Firewall"
/ip/firewall/raw/remove,https://help.mikrotik.com/docs/spaces/ROS/pages/328513/Building%2BAdvanced%2BFirewall,"Building Advanced Firewall"
/ip/firewall/raw/reset,https://help.mikrotik.com/docs/spaces/ROS/pages/328513/Building%2BAdvanced%2BFirewall,"Building Advanced Firewall"
/ip/firewall/raw/reset-counters,https://help.mikrotik.com/docs/spaces/ROS/pages/328513/Building%2BAdvanced%2BFirewall,"Building Advanced Firewall"
/ip/firewall/raw/reset-counters-all,https://help.mikrotik.com/docs/spaces/ROS/pages/328513/Building%2BAdvanced%2BFirewall,"Building Advanced Firewall"
/ip/firewall/raw/set,https://help.mikrotik.com/docs/spaces/ROS/pages/328513/Building%2BAdvanced%2BFirewall,"Building Advanced Firewall"
/ip/firewall/raw/unset,https://help.mikrotik.com/docs/spaces/ROS/pages/328513/Building%2BAdvanced%2BFirewall,"Building Advanced Firewall"
/ip/firewall/service-port,https://help.mikrotik.com/docs/spaces/ROS/pages/328088/Queues,Queues
/ip/hotspot,https://help.mikrotik.com/docs/spaces/ROS/pages/56459266/HotSpot%2B-%2BCaptive%2Bportal,"HotSpot - Captive portal"
/ip/hotspot/active,https://help.mikrotik.com/docs/spaces/ROS/pages/56459266/HotSpot%2B-%2BCaptive%2Bportal,"HotSpot - Captive portal"
/ip/hotspot/active/find,https://help.mikrotik.com/docs/spaces/ROS/pages/56459266/HotSpot%2B-%2BCaptive%2Bportal,"HotSpot - Captive portal"
/ip/hotspot/active/get,https://help.mikrotik.com/docs/spaces/ROS/pages/56459266/HotSpot%2B-%2BCaptive%2Bportal,"HotSpot - Captive portal"
/ip/hotspot/active/login,https://help.mikrotik.com/docs/spaces/ROS/pages/56459266/HotSpot%2B-%2BCaptive%2Bportal,"HotSpot - Captive portal"
/ip/hotspot/active/print,https://help.mikrotik.com/docs/spaces/ROS/pages/56459266/HotSpot%2B-%2BCaptive%2Bportal,"HotSpot - Captive portal"
/ip/hotspot/active/remove,https://help.mikrotik.com/docs/spaces/ROS/pages/56459266/HotSpot%2B-%2BCaptive%2Bportal,"HotSpot - Captive portal"
/ip/hotspot/add,https://help.mikrotik.com/docs/spaces/ROS/pages/56459266/HotSpot%2B-%2BCaptive%2Bportal,"HotSpot - Captive portal"
/ip/hotspot/cookie,https://help.mikrotik.com/docs/spaces/ROS/pages/56459266/HotSpot%2B-%2BCaptive%2Bportal,"HotSpot - Captive portal"
/ip/hotspot/cookie/find,https://help.mikrotik.com/docs/spaces/ROS/pages/56459266/HotSpot%2B-%2BCaptive%2Bportal,"HotSpot - Captive portal"
/ip/hotspot/cookie/get,https://help.mikrotik.com/docs/spaces/ROS/pages/56459266/HotSpot%2B-%2BCaptive%2Bportal,"HotSpot - Captive portal"
/ip/hotspot/cookie/print,https://help.mikrotik.com/docs/spaces/ROS/pages/56459266/HotSpot%2B-%2BCaptive%2Bportal,"HotSpot - Captive portal"
/ip/hotspot/cookie/remove,https://help.mikrotik.com/docs/spaces/ROS/pages/56459266/HotSpot%2B-%2BCaptive%2Bportal,"HotSpot - Captive portal"
/ip/hotspot/disable,https://help.mikrotik.com/docs/spaces/ROS/pages/56459266/HotSpot%2B-%2BCaptive%2Bportal,"HotSpot - Captive portal"
/ip/hotspot/edit,https://help.mikrotik.com/docs/spaces/ROS/pages/56459266/HotSpot%2B-%2BCaptive%2Bportal,"HotSpot - Captive portal"
/ip/hotspot/enable,https://help.mikrotik.com/docs/spaces/ROS/pages/56459266/HotSpot%2B-%2BCaptive%2Bportal,"HotSpot - Captive portal"
/ip/hotspot/export,https://help.mikrotik.com/docs/spaces/ROS/pages/56459266/HotSpot%2B-%2BCaptive%2Bportal,"HotSpot - Captive portal"
/ip/hotspot/find,https://help.mikrotik.com/docs/spaces/ROS/pages/56459266/HotSpot%2B-%2BCaptive%2Bportal,"HotSpot - Captive portal"
/ip/hotspot/get,https://help.mikrotik.com/docs/spaces/ROS/pages/56459266/HotSpot%2B-%2BCaptive%2Bportal,"HotSpot - Captive portal"
/ip/hotspot/host,https://help.mikrotik.com/docs/spaces/ROS/pages/56459266/HotSpot%2B-%2BCaptive%2Bportal,"HotSpot - Captive portal"
/ip/hotspot/host/find,https://help.mikrotik.com/docs/spaces/ROS/pages/56459266/HotSpot%2B-%2BCaptive%2Bportal,"HotSpot - Captive portal"
/ip/hotspot/host/get,https://help.mikrotik.com/docs/spaces/ROS/pages/56459266/HotSpot%2B-%2BCaptive%2Bportal,"HotSpot - Captive portal"
/ip/hotspot/host/make-binding,https://help.mikrotik.com/docs/spaces/ROS/pages/56459266/HotSpot%2B-%2BCaptive%2Bportal,"HotSpot - Captive portal"
/ip/hotspot/host/print,https://help.mikrotik.com/docs/spaces/ROS/pages/56459266/HotSpot%2B-%2BCaptive%2Bportal,"HotSpot - Captive portal"
/ip/hotspot/host/remove,https://help.mikrotik.com/docs/spaces/ROS/pages/56459266/HotSpot%2B-%2BCaptive%2Bportal,"HotSpot - Captive portal"
/ip/hotspot/host/reset,https://help.mikrotik.com/docs/spaces/ROS/pages/56459266/HotSpot%2B-%2BCaptive%2Bportal,"HotSpot - Captive portal"
/ip/hotspot/ip-binding,https://help.mikrotik.com/docs/spaces/ROS/pages/56459266/HotSpot%2B-%2BCaptive%2Bportal,"HotSpot - Captive portal"
/ip/hotspot/ip-binding/add,https://help.mikrotik.com/docs/spaces/ROS/pages/56459266/HotSpot%2B-%2BCaptive%2Bportal,"HotSpot - Captive portal"
/ip/hotspot/ip-binding/comment,https://help.mikrotik.com/docs/spaces/ROS/pages/56459266/HotSpot%2B-%2BCaptive%2Bportal,"HotSpot - Captive portal"
/ip/hotspot/ip-binding/disable,https://help.mikrotik.com/docs/spaces/ROS/pages/56459266/HotSpot%2B-%2BCaptive%2Bportal,"HotSpot - Captive portal"
/ip/hotspot/ip-binding/edit,https://help.mikrotik.com/docs/spaces/ROS/pages/56459266/HotSpot%2B-%2BCaptive%2Bportal,"HotSpot - Captive portal"
/ip/hotspot/ip-binding/enable,https://help.mikrotik.com/docs/spaces/ROS/pages/56459266/HotSpot%2B-%2BCaptive%2Bportal,"HotSpot - Captive portal"
/ip/hotspot/ip-binding/export,https://help.mikrotik.com/docs/spaces/ROS/pages/56459266/HotSpot%2B-%2BCaptive%2Bportal,"HotSpot - Captive portal"
/ip/hotspot/ip-binding/find,https://help.mikrotik.com/docs/spaces/ROS/pages/56459266/HotSpot%2B-%2BCaptive%2Bportal,"HotSpot - Captive portal"
/ip/hotspot/ip-binding/get,https://help.mikrotik.com/docs/spaces/ROS/pages/56459266/HotSpot%2B-%2BCaptive%2Bportal,"HotSpot - Captive portal"
/ip/hotspot/ip-binding/move,https://help.mikrotik.com/docs/spaces/ROS/pages/56459266/HotSpot%2B-%2BCaptive%2Bportal,"HotSpot - Captive portal"
/ip/hotspot/ip-binding/print,https://help.mikrotik.com/docs/spaces/ROS/pages/56459266/HotSpot%2B-%2BCaptive%2Bportal,"HotSpot - Captive portal"
/ip/hotspot/ip-binding/remove,https://help.mikrotik.com/docs/spaces/ROS/pages/56459266/HotSpot%2B-%2BCaptive%2Bportal,"HotSpot - Captive portal"
/ip/hotspot/ip-binding/reset,https://help.mikrotik.com/docs/spaces/ROS/pages/56459266/HotSpot%2B-%2BCaptive%2Bportal,"HotSpot - Captive portal"
/ip/hotspot/ip-binding/set,https://help.mikrotik.com/docs/spaces/ROS/pages/56459266/HotSpot%2B-%2BCaptive%2Bportal,"HotSpot - Captive portal"
/ip/hotspot/print,https://help.mikrotik.com/docs/spaces/ROS/pages/56459266/HotSpot%2B-%2BCaptive%2Bportal,"HotSpot - Captive portal"
/ip/hotspot/profile,https://help.mikrotik.com/docs/spaces/ROS/pages/328097/RADIUS,RADIUS
/ip/hotspot/profile/add,https://help.mikrotik.com/docs/spaces/ROS/pages/328097/RADIUS,RADIUS
/ip/hotspot/profile/edit,https://help.mikrotik.com/docs/spaces/ROS/pages/328097/RADIUS,RADIUS
/ip/hotspot/profile/export,https://help.mikrotik.com/docs/spaces/ROS/pages/328097/RADIUS,RADIUS
/ip/hotspot/profile/find,https://help.mikrotik.com/docs/spaces/ROS/pages/328097/RADIUS,RADIUS
/ip/hotspot/profile/get,https://help.mikrotik.com/docs/spaces/ROS/pages/328097/RADIUS,RADIUS
/ip/hotspot/profile/print,https://help.mikrotik.com/docs/spaces/ROS/pages/328097/RADIUS,RADIUS
/ip/hotspot/profile/remove,https://help.mikrotik.com/docs/spaces/ROS/pages/328097/RADIUS,RADIUS
/ip/hotspot/profile/reset,https://help.mikrotik.com/docs/spaces/ROS/pages/328097/RADIUS,RADIUS
/ip/hotspot/profile/set,https://help.mikrotik.com/docs/spaces/ROS/pages/328097/RADIUS,RADIUS
/ip/hotspot/remove,https://help.mikrotik.com/docs/spaces/ROS/pages/56459266/HotSpot%2B-%2BCaptive%2Bportal,"HotSpot - Captive portal"
/ip/hotspot/reset,https://help.mikrotik.com/docs/spaces/ROS/pages/56459266/HotSpot%2B-%2BCaptive%2Bportal,"HotSpot - Captive portal"
/ip/hotspot/reset-html,https://help.mikrotik.com/docs/spaces/ROS/pages/56459266/HotSpot%2B-%2BCaptive%2Bportal,"HotSpot - Captive portal"
/ip/hotspot/service-port,https://help.mikrotik.com/docs/spaces/ROS/pages/56459266/HotSpot%2B-%2BCaptive%2Bportal,"HotSpot - Captive portal"
/ip/hotspot/set,https://help.mikrotik.com/docs/spaces/ROS/pages/56459266/HotSpot%2B-%2BCaptive%2Bportal,"HotSpot - Captive portal"
/ip/hotspot/setup,https://help.mikrotik.com/docs/spaces/ROS/pages/56459266/HotSpot%2B-%2BCaptive%2Bportal,"HotSpot - Captive portal"
/ip/hotspot/user,https://help.mikrotik.com/docs/spaces/ROS/pages/56459266/HotSpot%2B-%2BCaptive%2Bportal,"HotSpot - Captive portal"
/ip/hotspot/user/add,https://help.mikrotik.com/docs/spaces/ROS/pages/56459266/HotSpot%2B-%2BCaptive%2Bportal,"HotSpot - Captive portal"
/ip/hotspot/user/comment,https://help.mikrotik.com/docs/spaces/ROS/pages/56459266/HotSpot%2B-%2BCaptive%2Bportal,"HotSpot - Captive portal"
/ip/hotspot/user/disable,https://help.mikrotik.com/docs/spaces/ROS/pages/56459266/HotSpot%2B-%2BCaptive%2Bportal,"HotSpot - Captive portal"
/ip/hotspot/user/edit,https://help.mikrotik.com/docs/spaces/ROS/pages/56459266/HotSpot%2B-%2BCaptive%2Bportal,"HotSpot - Captive portal"
/ip/hotspot/user/enable,https://help.mikrotik.com/docs/spaces/ROS/pages/56459266/HotSpot%2B-%2BCaptive%2Bportal,"HotSpot - Captive portal"
/ip/hotspot/user/export,https://help.mikrotik.com/docs/spaces/ROS/pages/56459266/HotSpot%2B-%2BCaptive%2Bportal,"HotSpot - Captive portal"
/ip/hotspot/user/find,https://help.mikrotik.com/docs/spaces/ROS/pages/56459266/HotSpot%2B-%2BCaptive%2Bportal,"HotSpot - Captive portal"
/ip/hotspot/user/get,https://help.mikrotik.com/docs/spaces/ROS/pages/56459266/HotSpot%2B-%2BCaptive%2Bportal,"HotSpot - Captive portal"
/ip/hotspot/user/print,https://help.mikrotik.com/docs/spaces/ROS/pages/56459266/HotSpot%2B-%2BCaptive%2Bportal,"HotSpot - Captive portal"
/ip/hotspot/user/profile,https://help.mikrotik.com/docs/spaces/ROS/pages/56459266/HotSpot%2B-%2BCaptive%2Bportal,"HotSpot - Captive portal"
/ip/hotspot/user/profile/add,https://help.mikrotik.com/docs/spaces/ROS/pages/56459266/HotSpot%2B-%2BCaptive%2Bportal,"HotSpot - Captive portal"
/ip/hotspot/user/profile/edit,https://help.mikrotik.com/docs/spaces/ROS/pages/56459266/HotSpot%2B-%2BCaptive%2Bportal,"HotSpot - Captive portal"
/ip/hotspot/user/profile/export,https://help.mikrotik.com/docs/spaces/ROS/pages/56459266/HotSpot%2B-%2BCaptive%2Bportal,"HotSpot - Captive portal"
/ip/hotspot/user/profile/find,https://help.mikrotik.com/docs/spaces/ROS/pages/56459266/HotSpot%2B-%2BCaptive%2Bportal,"HotSpot - Captive portal"
/ip/hotspot/user/profile/get,https://help.mikrotik.com/docs/spaces/ROS/pages/56459266/HotSpot%2B-%2BCaptive%2Bportal,"HotSpot - Captive portal"
/ip/hotspot/user/profile/print,https://help.mikrotik.com/docs/spaces/ROS/pages/56459266/HotSpot%2B-%2BCaptive%2Bportal,"HotSpot - Captive portal"
/ip/hotspot/user/profile/remove,https://help.mikrotik.com/docs/spaces/ROS/pages/56459266/HotSpot%2B-%2BCaptive%2Bportal,"HotSpot - Captive portal"
/ip/hotspot/user/profile/reset,https://help.mikrotik.com/docs/spaces/ROS/pages/56459266/HotSpot%2B-%2BCaptive%2Bportal,"HotSpot - Captive portal"
/ip/hotspot/user/profile/set,https://help.mikrotik.com/docs/spaces/ROS/pages/56459266/HotSpot%2B-%2BCaptive%2Bportal,"HotSpot - Captive portal"
/ip/hotspot/user/profile/unset,https://help.mikrotik.com/docs/spaces/ROS/pages/56459266/HotSpot%2B-%2BCaptive%2Bportal,"HotSpot - Captive portal"
/ip/hotspot/user/remove,https://help.mikrotik.com/docs/spaces/ROS/pages/56459266/HotSpot%2B-%2BCaptive%2Bportal,"HotSpot - Captive portal"
/ip/hotspot/user/reset,https://help.mikrotik.com/docs/spaces/ROS/pages/56459266/HotSpot%2B-%2BCaptive%2Bportal,"HotSpot - Captive portal"
/ip/hotspot/user/reset-counters,https://help.mikrotik.com/docs/spaces/ROS/pages/56459266/HotSpot%2B-%2BCaptive%2Bportal,"HotSpot - Captive portal"
/ip/hotspot/user/set,https://help.mikrotik.com/docs/spaces/ROS/pages/56459266/HotSpot%2B-%2BCaptive%2Bportal,"HotSpot - Captive portal"
/ip/hotspot/walled-garden,https://help.mikrotik.com/docs/spaces/ROS/pages/56459266/HotSpot%2B-%2BCaptive%2Bportal,"HotSpot - Captive portal"
/ip/ipsec,https://help.mikrotik.com/docs/spaces/ROS/pages/328155/Configuration%2BManagement,"Configuration Management"
/ip/ipsec/active-peers,https://help.mikrotik.com/docs/spaces/ROS/pages/328155/Configuration%2BManagement,"Configuration Management"
/ip/ipsec/export,https://help.mikrotik.com/docs/spaces/ROS/pages/328155/Configuration%2BManagement,"Configuration Management"
/ip/ipsec/identity,https://help.mikrotik.com/docs/spaces/ROS/pages/11993097/IPsec,IPsec
/ip/ipsec/identity/add,https://help.mikrotik.com/docs/spaces/ROS/pages/11993097/IPsec,IPsec
/ip/ipsec/identity/comment,https://help.mikrotik.com/docs/spaces/ROS/pages/11993097/IPsec,IPsec
/ip/ipsec/identity/disable,https://help.mikrotik.com/docs/spaces/ROS/pages/11993097/IPsec,IPsec
/ip/ipsec/identity/edit,https://help.mikrotik.com/docs/spaces/ROS/pages/11993097/IPsec,IPsec
/ip/ipsec/identity/enable,https://help.mikrotik.com/docs/spaces/ROS/pages/11993097/IPsec,IPsec
/ip/ipsec/identity/export,https://help.mikrotik.com/docs/spaces/ROS/pages/11993097/IPsec,IPsec
/ip/ipsec/identity/find,https://help.mikrotik.com/docs/spaces/ROS/pages/11993097/IPsec,IPsec
/ip/ipsec/identity/get,https://help.mikrotik.com/docs/spaces/ROS/pages/11993097/IPsec,IPsec
/ip/ipsec/identity/print,https://help.mikrotik.com/docs/spaces/ROS/pages/11993097/IPsec,IPsec
/ip/ipsec/identity/remove,https://help.mikrotik.com/docs/spaces/ROS/pages/11993097/IPsec,IPsec
/ip/ipsec/identity/reset,https://help.mikrotik.com/docs/spaces/ROS/pages/11993097/IPsec,IPsec
/ip/ipsec/identity/set,https://help.mikrotik.com/docs/spaces/ROS/pages/11993097/IPsec,IPsec
/ip/ipsec/installed-sa,https://help.mikrotik.com/docs/spaces/ROS/pages/328155/Configuration%2BManagement,"Configuration Management"
/ip/ipsec/key,https://help.mikrotik.com/docs/spaces/ROS/pages/328155/Configuration%2BManagement,"Configuration Management"
/ip/ipsec/mode-config,https://help.mikrotik.com/docs/spaces/ROS/pages/11993097/IPsec,IPsec
/ip/ipsec/mode-config/add,https://help.mikrotik.com/docs/spaces/ROS/pages/11993097/IPsec,IPsec
/ip/ipsec/mode-config/disable,https://help.mikrotik.com/docs/spaces/ROS/pages/11993097/IPsec,IPsec
/ip/ipsec/mode-config/edit,https://help.mikrotik.com/docs/spaces/ROS/pages/11993097/IPsec,IPsec
/ip/ipsec/mode-config/enable,https://help.mikrotik.com/docs/spaces/ROS/pages/11993097/IPsec,IPsec
/ip/ipsec/mode-config/export,https://help.mikrotik.com/docs/spaces/ROS/pages/11993097/IPsec,IPsec
/ip/ipsec/mode-config/find,https://help.mikrotik.com/docs/spaces/ROS/pages/11993097/IPsec,IPsec
/ip/ipsec/mode-config/get,https://help.mikrotik.com/docs/spaces/ROS/pages/11993097/IPsec,IPsec
/ip/ipsec/mode-config/print,https://help.mikrotik.com/docs/spaces/ROS/pages/11993097/IPsec,IPsec
/ip/ipsec/mode-config/remove,https://help.mikrotik.com/docs/spaces/ROS/pages/11993097/IPsec,IPsec
/ip/ipsec/mode-config/reset,https://help.mikrotik.com/docs/spaces/ROS/pages/11993097/IPsec,IPsec
/ip/ipsec/mode-config/set,https://help.mikrotik.com/docs/spaces/ROS/pages/11993097/IPsec,IPsec
/ip/ipsec/peer,https://help.mikrotik.com/docs/spaces/ROS/pages/11993097/IPsec,IPsec
/ip/ipsec/peer/add,https://help.mikrotik.com/docs/spaces/ROS/pages/11993097/IPsec,IPsec
/ip/ipsec/peer/comment,https://help.mikrotik.com/docs/spaces/ROS/pages/11993097/IPsec,IPsec
/ip/ipsec/peer/disable,https://help.mikrotik.com/docs/spaces/ROS/pages/11993097/IPsec,IPsec
/ip/ipsec/peer/edit,https://help.mikrotik.com/docs/spaces/ROS/pages/11993097/IPsec,IPsec
/ip/ipsec/peer/enable,https://help.mikrotik.com/docs/spaces/ROS/pages/11993097/IPsec,IPsec
/ip/ipsec/peer/export,https://help.mikrotik.com/docs/spaces/ROS/pages/11993097/IPsec,IPsec
/ip/ipsec/peer/find,https://help.mikrotik.com/docs/spaces/ROS/pages/11993097/IPsec,IPsec
/ip/ipsec/peer/get,https://help.mikrotik.com/docs/spaces/ROS/pages/11993097/IPsec,IPsec
/ip/ipsec/peer/print,https://help.mikrotik.com/docs/spaces/ROS/pages/11993097/IPsec,IPsec
/ip/ipsec/peer/remove,https://help.mikrotik.com/docs/spaces/ROS/pages/11993097/IPsec,IPsec
/ip/ipsec/peer/reset,https://help.mikrotik.com/docs/spaces/ROS/pages/11993097/IPsec,IPsec
/ip/ipsec/peer/set,https://help.mikrotik.com/docs/spaces/ROS/pages/11993097/IPsec,IPsec
/ip/ipsec/policy,https://help.mikrotik.com/docs/spaces/ROS/pages/328155/Configuration%2BManagement,"Configuration Management"
/ip/ipsec/policy/add,https://help.mikrotik.com/docs/spaces/ROS/pages/328155/Configuration%2BManagement,"Configuration Management"
/ip/ipsec/policy/comment,https://help.mikrotik.com/docs/spaces/ROS/pages/328155/Configuration%2BManagement,"Configuration Management"
/ip/ipsec/policy/disable,https://help.mikrotik.com/docs/spaces/ROS/pages/328155/Configuration%2BManagement,"Configuration Management"
/ip/ipsec/policy/edit,https://help.mikrotik.com/docs/spaces/ROS/pages/328155/Configuration%2BManagement,"Configuration Management"
/ip/ipsec/policy/enable,https://help.mikrotik.com/docs/spaces/ROS/pages/328155/Configuration%2BManagement,"Configuration Management"
/ip/ipsec/policy/export,https://help.mikrotik.com/docs/spaces/ROS/pages/328155/Configuration%2BManagement,"Configuration Management"
/ip/ipsec/policy/find,https://help.mikrotik.com/docs/spaces/ROS/pages/328155/Configuration%2BManagement,"Configuration Management"
/ip/ipsec/policy/get,https://help.mikrotik.com/docs/spaces/ROS/pages/328155/Configuration%2BManagement,"Configuration Management"
/ip/ipsec/policy/group,https://help.mikrotik.com/docs/spaces/ROS/pages/11993097/IPsec,IPsec
/ip/ipsec/policy/group/add,https://help.mikrotik.com/docs/spaces/ROS/pages/11993097/IPsec,IPsec
/ip/ipsec/policy/group/comment,https://help.mikrotik.com/docs/spaces/ROS/pages/11993097/IPsec,IPsec
/ip/ipsec/policy/group/edit,https://help.mikrotik.com/docs/spaces/ROS/pages/11993097/IPsec,IPsec
/ip/ipsec/policy/group/export,https://help.mikrotik.com/docs/spaces/ROS/pages/11993097/IPsec,IPsec
/ip/ipsec/policy/group/find,https://help.mikrotik.com/docs/spaces/ROS/pages/11993097/IPsec,IPsec
/ip/ipsec/policy/group/get,https://help.mikrotik.com/docs/spaces/ROS/pages/11993097/IPsec,IPsec
/ip/ipsec/policy/group/print,https://help.mikrotik.com/docs/spaces/ROS/pages/11993097/IPsec,IPsec
/ip/ipsec/policy/group/remove,https://help.mikrotik.com/docs/spaces/ROS/pages/11993097/IPsec,IPsec
/ip/ipsec/policy/group/reset,https://help.mikrotik.com/docs/spaces/ROS/pages/11993097/IPsec,IPsec
/ip/ipsec/policy/group/set,https://help.mikrotik.com/docs/spaces/ROS/pages/11993097/IPsec,IPsec
/ip/ipsec/policy/move,https://help.mikrotik.com/docs/spaces/ROS/pages/328155/Configuration%2BManagement,"Configuration Management"
/ip/ipsec/policy/print,https://help.mikrotik.com/docs/spaces/ROS/pages/328155/Configuration%2BManagement,"Configuration Management"
/ip/ipsec/policy/remove,https://help.mikrotik.com/docs/spaces/ROS/pages/328155/Configuration%2BManagement,"Configuration Management"
/ip/ipsec/policy/reset,https://help.mikrotik.com/docs/spaces/ROS/pages/328155/Configuration%2BManagement,"Configuration Management"
/ip/ipsec/policy/set,https://help.mikrotik.com/docs/spaces/ROS/pages/328155/Configuration%2BManagement,"Configuration Management"
/ip/ipsec/profile,https://help.mikrotik.com/docs/spaces/ROS/pages/11993097/IPsec,IPsec
/ip/ipsec/profile/add,https://help.mikrotik.com/docs/spaces/ROS/pages/11993097/IPsec,IPsec
/ip/ipsec/profile/edit,https://help.mikrotik.com/docs/spaces/ROS/pages/11993097/IPsec,IPsec
/ip/ipsec/profile/export,https://help.mikrotik.com/docs/spaces/ROS/pages/11993097/IPsec,IPsec
/ip/ipsec/profile/find,https://help.mikrotik.com/docs/spaces/ROS/pages/11993097/IPsec,IPsec
/ip/ipsec/profile/get,https://help.mikrotik.com/docs/spaces/ROS/pages/11993097/IPsec,IPsec
/ip/ipsec/profile/print,https://help.mikrotik.com/docs/spaces/ROS/pages/11993097/IPsec,IPsec
/ip/ipsec/profile/remove,https://help.mikrotik.com/docs/spaces/ROS/pages/11993097/IPsec,IPsec
/ip/ipsec/profile/reset,https://help.mikrotik.com/docs/spaces/ROS/pages/11993097/IPsec,IPsec
/ip/ipsec/profile/set,https://help.mikrotik.com/docs/spaces/ROS/pages/11993097/IPsec,IPsec
/ip/ipsec/proposal,https://help.mikrotik.com/docs/spaces/ROS/pages/11993097/IPsec,IPsec
/ip/ipsec/proposal/add,https://help.mikrotik.com/docs/spaces/ROS/pages/11993097/IPsec,IPsec
/ip/ipsec/proposal/comment,https://help.mikrotik.com/docs/spaces/ROS/pages/11993097/IPsec,IPsec
/ip/ipsec/proposal/disable,https://help.mikrotik.com/docs/spaces/ROS/pages/11993097/IPsec,IPsec
/ip/ipsec/proposal/edit,https://help.mikrotik.com/docs/spaces/ROS/pages/11993097/IPsec,IPsec
/ip/ipsec/proposal/enable,https://help.mikrotik.com/docs/spaces/ROS/pages/11993097/IPsec,IPsec
/ip/ipsec/proposal/export,https://help.mikrotik.com/docs/spaces/ROS/pages/11993097/IPsec,IPsec
/ip/ipsec/proposal/find,https://help.mikrotik.com/docs/spaces/ROS/pages/11993097/IPsec,IPsec
/ip/ipsec/proposal/get,https://help.mikrotik.com/docs/spaces/ROS/pages/11993097/IPsec,IPsec
/ip/ipsec/proposal/print,https://help.mikrotik.com/docs/spaces/ROS/pages/11993097/IPsec,IPsec
/ip/ipsec/proposal/remove,https://help.mikrotik.com/docs/spaces/ROS/pages/11993097/IPsec,IPsec
/ip/ipsec/proposal/reset,https://help.mikrotik.com/docs/spaces/ROS/pages/11993097/IPsec,IPsec
/ip/ipsec/proposal/set,https://help.mikrotik.com/docs/spaces/ROS/pages/11993097/IPsec,IPsec
/ip/ipsec/settings,https://help.mikrotik.com/docs/spaces/ROS/pages/11993097/IPsec,IPsec
/ip/ipsec/settings/edit,https://help.mikrotik.com/docs/spaces/ROS/pages/11993097/IPsec,IPsec
/ip/ipsec/settings/export,https://help.mikrotik.com/docs/spaces/ROS/pages/11993097/IPsec,IPsec
/ip/ipsec/settings/get,https://help.mikrotik.com/docs/spaces/ROS/pages/11993097/IPsec,IPsec
/ip/ipsec/settings/print,https://help.mikrotik.com/docs/spaces/ROS/pages/11993097/IPsec,IPsec
/ip/ipsec/settings/reset,https://help.mikrotik.com/docs/spaces/ROS/pages/11993097/IPsec,IPsec
/ip/ipsec/settings/set,https://help.mikrotik.com/docs/spaces/ROS/pages/11993097/IPsec,IPsec
/ip/ipsec/statistics,https://help.mikrotik.com/docs/spaces/ROS/pages/328155/Configuration%2BManagement,"Configuration Management"
/ip/kid-control,https://help.mikrotik.com/docs/spaces/ROS/pages/129531911/Kid%2BControl,"Kid Control"
/ip/kid-control/add,https://help.mikrotik.com/docs/spaces/ROS/pages/129531911/Kid%2BControl,"Kid Control"
/ip/kid-control/device,https://help.mikrotik.com/docs/spaces/ROS/pages/129531911/Kid%2BControl,"Kid Control"
/ip/kid-control/device/add,https://help.mikrotik.com/docs/spaces/ROS/pages/129531911/Kid%2BControl,"Kid Control"
/ip/kid-control/device/disable,https://help.mikrotik.com/docs/spaces/ROS/pages/129531911/Kid%2BControl,"Kid Control"
/ip/kid-control/device/edit,https://help.mikrotik.com/docs/spaces/ROS/pages/129531911/Kid%2BControl,"Kid Control"
/ip/kid-control/device/enable,https://help.mikrotik.com/docs/spaces/ROS/pages/129531911/Kid%2BControl,"Kid Control"
/ip/kid-control/device/export,https://help.mikrotik.com/docs/spaces/ROS/pages/129531911/Kid%2BControl,"Kid Control"
/ip/kid-control/device/find,https://help.mikrotik.com/docs/spaces/ROS/pages/129531911/Kid%2BControl,"Kid Control"
/ip/kid-control/device/get,https://help.mikrotik.com/docs/spaces/ROS/pages/129531911/Kid%2BControl,"Kid Control"
/ip/kid-control/device/print,https://help.mikrotik.com/docs/spaces/ROS/pages/129531911/Kid%2BControl,"Kid Control"
/ip/kid-control/device/remove,https://help.mikrotik.com/docs/spaces/ROS/pages/129531911/Kid%2BControl,"Kid Control"
/ip/kid-control/device/reset,https://help.mikrotik.com/docs/spaces/ROS/pages/129531911/Kid%2BControl,"Kid Control"
/ip/kid-control/device/reset-counters,https://help.mikrotik.com/docs/spaces/ROS/pages/129531911/Kid%2BControl,"Kid Control"
/ip/kid-control/device/set,https://help.mikrotik.com/docs/spaces/ROS/pages/129531911/Kid%2BControl,"Kid Control"
/ip/kid-control/device/unset,https://help.mikrotik.com/docs/spaces/ROS/pages/129531911/Kid%2BControl,"Kid Control"
/ip/kid-control/disable,https://help.mikrotik.com/docs/spaces/ROS/pages/129531911/Kid%2BControl,"Kid Control"
/ip/kid-control/edit,https://help.mikrotik.com/docs/spaces/ROS/pages/129531911/Kid%2BControl,"Kid Control"
/ip/kid-control/enable,https://help.mikrotik.com/docs/spaces/ROS/pages/129531911/Kid%2BControl,"Kid Control"
/ip/kid-control/export,https://help.mikrotik.com/docs/spaces/ROS/pages/129531911/Kid%2BControl,"Kid Control"
/ip/kid-control/find,https://help.mikrotik.com/docs/spaces/ROS/pages/129531911/Kid%2BControl,"Kid Control"
/ip/kid-control/get,https://help.mikrotik.com/docs/spaces/ROS/pages/129531911/Kid%2BControl,"Kid Control"
/ip/kid-control/pause,https://help.mikrotik.com/docs/spaces/ROS/pages/129531911/Kid%2BControl,"Kid Control"
/ip/kid-control/print,https://help.mikrotik.com/docs/spaces/ROS/pages/129531911/Kid%2BControl,"Kid Control"
/ip/kid-control/remove,https://help.mikrotik.com/docs/spaces/ROS/pages/129531911/Kid%2BControl,"Kid Control"
/ip/kid-control/reset,https://help.mikrotik.com/docs/spaces/ROS/pages/129531911/Kid%2BControl,"Kid Control"
/ip/kid-control/resume,https://help.mikrotik.com/docs/spaces/ROS/pages/129531911/Kid%2BControl,"Kid Control"
/ip/kid-control/set,https://help.mikrotik.com/docs/spaces/ROS/pages/129531911/Kid%2BControl,"Kid Control"
/ip/media,https://help.mikrotik.com/docs/spaces/ROS/pages/237699479/DLNA%2BMedia%2Bserver,"DLNA Media server"
/ip/media/add,https://help.mikrotik.com/docs/spaces/ROS/pages/237699479/DLNA%2BMedia%2Bserver,"DLNA Media server"
/ip/media/disable,https://help.mikrotik.com/docs/spaces/ROS/pages/237699479/DLNA%2BMedia%2Bserver,"DLNA Media server"
/ip/media/edit,https://help.mikrotik.com/docs/spaces/ROS/pages/237699479/DLNA%2BMedia%2Bserver,"DLNA Media server"
/ip/media/enable,https://help.mikrotik.com/docs/spaces/ROS/pages/237699479/DLNA%2BMedia%2Bserver,"DLNA Media server"
/ip/media/export,https://help.mikrotik.com/docs/spaces/ROS/pages/237699479/DLNA%2BMedia%2Bserver,"DLNA Media server"
/ip/media/find,https://help.mikrotik.com/docs/spaces/ROS/pages/237699479/DLNA%2BMedia%2Bserver,"DLNA Media server"
/ip/media/get,https://help.mikrotik.com/docs/spaces/ROS/pages/237699479/DLNA%2BMedia%2Bserver,"DLNA Media server"
/ip/media/print,https://help.mikrotik.com/docs/spaces/ROS/pages/237699479/DLNA%2BMedia%2Bserver,"DLNA Media server"
/ip/media/remove,https://help.mikrotik.com/docs/spaces/ROS/pages/237699479/DLNA%2BMedia%2Bserver,"DLNA Media server"
/ip/media/reset,https://help.mikrotik.com/docs/spaces/ROS/pages/237699479/DLNA%2BMedia%2Bserver,"DLNA Media server"
/ip/media/set,https://help.mikrotik.com/docs/spaces/ROS/pages/237699479/DLNA%2BMedia%2Bserver,"DLNA Media server"
/ip/media/settings,https://help.mikrotik.com/docs/spaces/ROS/pages/237699479/DLNA%2BMedia%2Bserver,"DLNA Media server"
/ip/nat-pmp,https://help.mikrotik.com/docs/spaces/ROS/pages/220233819/NAT-PMP,NAT-PMP
/ip/nat-pmp/edit,https://help.mikrotik.com/docs/spaces/ROS/pages/220233819/NAT-PMP,NAT-PMP
/ip/nat-pmp/export,https://help.mikrotik.com/docs/spaces/ROS/pages/220233819/NAT-PMP,NAT-PMP
/ip/nat-pmp/get,https://help.mikrotik.com/docs/spaces/ROS/pages/220233819/NAT-PMP,NAT-PMP
/ip/nat-pmp/interfaces,https://help.mikrotik.com/docs/spaces/ROS/pages/220233819/NAT-PMP,NAT-PMP
/ip/nat-pmp/interfaces/add,https://help.mikrotik.com/docs/spaces/ROS/pages/220233819/NAT-PMP,NAT-PMP
/ip/nat-pmp/interfaces/disable,https://help.mikrotik.com/docs/spaces/ROS/pages/220233819/NAT-PMP,NAT-PMP
/ip/nat-pmp/interfaces/edit,https://help.mikrotik.com/docs/spaces/ROS/pages/220233819/NAT-PMP,NAT-PMP
/ip/nat-pmp/interfaces/enable,https://help.mikrotik.com/docs/spaces/ROS/pages/220233819/NAT-PMP,NAT-PMP
/ip/nat-pmp/interfaces/export,https://help.mikrotik.com/docs/spaces/ROS/pages/220233819/NAT-PMP,NAT-PMP
/ip/nat-pmp/interfaces/find,https://help.mikrotik.com/docs/spaces/ROS/pages/220233819/NAT-PMP,NAT-PMP
/ip/nat-pmp/interfaces/get,https://help.mikrotik.com/docs/spaces/ROS/pages/220233819/NAT-PMP,NAT-PMP
/ip/nat-pmp/interfaces/print,https://help.mikrotik.com/docs/spaces/ROS/pages/220233819/NAT-PMP,NAT-PMP
/ip/nat-pmp/interfaces/remove,https://help.mikrotik.com/docs/spaces/ROS/pages/220233819/NAT-PMP,NAT-PMP
/ip/nat-pmp/interfaces/reset,https://help.mikrotik.com/docs/spaces/ROS/pages/220233819/NAT-PMP,NAT-PMP
/ip/nat-pmp/interfaces/set,https://help.mikrotik.com/docs/spaces/ROS/pages/220233819/NAT-PMP,NAT-PMP
/ip/nat-pmp/interfaces/unset,https://help.mikrotik.com/docs/spaces/ROS/pages/220233819/NAT-PMP,NAT-PMP
/ip/nat-pmp/print,https://help.mikrotik.com/docs/spaces/ROS/pages/220233819/NAT-PMP,NAT-PMP
/ip/nat-pmp/reset,https://help.mikrotik.com/docs/spaces/ROS/pages/220233819/NAT-PMP,NAT-PMP
/ip/nat-pmp/set,https://help.mikrotik.com/docs/spaces/ROS/pages/220233819/NAT-PMP,NAT-PMP
/ip/neighbor,https://help.mikrotik.com/docs/spaces/ROS/pages/24805517/Neighbor%2Bdiscovery,"Neighbor discovery"
/ip/neighbor/discovery-settings,https://help.mikrotik.com/docs/spaces/ROS/pages/328151/First%2BTime%2BConfiguration,"First Time Configuration"
/ip/neighbor/discovery-settings/edit,https://help.mikrotik.com/docs/spaces/ROS/pages/328151/First%2BTime%2BConfiguration,"First Time Configuration"
/ip/neighbor/discovery-settings/export,https://help.mikrotik.com/docs/spaces/ROS/pages/328151/First%2BTime%2BConfiguration,"First Time Configuration"
/ip/neighbor/discovery-settings/get,https://help.mikrotik.com/docs/spaces/ROS/pages/328151/First%2BTime%2BConfiguration,"First Time Configuration"
/ip/neighbor/discovery-settings/print,https://help.mikrotik.com/docs/spaces/ROS/pages/328151/First%2BTime%2BConfiguration,"First Time Configuration"
/ip/neighbor/discovery-settings/set,https://help.mikrotik.com/docs/spaces/ROS/pages/328151/First%2BTime%2BConfiguration,"First Time Configuration"
/ip/neighbor/export,https://help.mikrotik.com/docs/spaces/ROS/pages/24805517/Neighbor%2Bdiscovery,"Neighbor discovery"
/ip/neighbor/find,https://help.mikrotik.com/docs/spaces/ROS/pages/24805517/Neighbor%2Bdiscovery,"Neighbor discovery"
/ip/neighbor/get,https://help.mikrotik.com/docs/spaces/ROS/pages/24805517/Neighbor%2Bdiscovery,"Neighbor discovery"
/ip/neighbor/print,https://help.mikrotik.com/docs/spaces/ROS/pages/24805517/Neighbor%2Bdiscovery,"Neighbor discovery"
/ip/neighbor/unset,https://help.mikrotik.com/docs/spaces/ROS/pages/24805517/Neighbor%2Bdiscovery,"Neighbor discovery"
/ip/packing,https://help.mikrotik.com/docs/spaces/ROS/pages/139526171/IP%2Bpacking,"IP packing"
/ip/packing/add,https://help.mikrotik.com/docs/spaces/ROS/pages/139526171/IP%2Bpacking,"IP packing"
/ip/packing/disable,https://help.mikrotik.com/docs/spaces/ROS/pages/139526171/IP%2Bpacking,"IP packing"
/ip/packing/edit,https://help.mikrotik.com/docs/spaces/ROS/pages/139526171/IP%2Bpacking,"IP packing"
/ip/packing/enable,https://help.mikrotik.com/docs/spaces/ROS/pages/139526171/IP%2Bpacking,"IP packing"
/ip/packing/export,https://help.mikrotik.com/docs/spaces/ROS/pages/139526171/IP%2Bpacking,"IP packing"
/ip/packing/find,https://help.mikrotik.com/docs/spaces/ROS/pages/139526171/IP%2Bpacking,"IP packing"
/ip/packing/get,https://help.mikrotik.com/docs/spaces/ROS/pages/139526171/IP%2Bpacking,"IP packing"
/ip/packing/print,https://help.mikrotik.com/docs/spaces/ROS/pages/139526171/IP%2Bpacking,"IP packing"
/ip/packing/remove,https://help.mikrotik.com/docs/spaces/ROS/pages/139526171/IP%2Bpacking,"IP packing"
/ip/packing/reset,https://help.mikrotik.com/docs/spaces/ROS/pages/139526171/IP%2Bpacking,"IP packing"
/ip/packing/set,https://help.mikrotik.com/docs/spaces/ROS/pages/139526171/IP%2Bpacking,"IP packing"
/ip/pool,https://help.mikrotik.com/docs/spaces/ROS/pages/2031625/PPPoE,PPPoE
/ip/pool/add,https://help.mikrotik.com/docs/spaces/ROS/pages/2031625/PPPoE,PPPoE
/ip/pool/comment,https://help.mikrotik.com/docs/spaces/ROS/pages/2031625/PPPoE,PPPoE
/ip/pool/edit,https://help.mikrotik.com/docs/spaces/ROS/pages/2031625/PPPoE,PPPoE
/ip/pool/export,https://help.mikrotik.com/docs/spaces/ROS/pages/2031625/PPPoE,PPPoE
/ip/pool/find,https://help.mikrotik.com/docs/spaces/ROS/pages/2031625/PPPoE,PPPoE
/ip/pool/get,https://help.mikrotik.com/docs/spaces/ROS/pages/2031625/PPPoE,PPPoE
/ip/pool/print,https://help.mikrotik.com/docs/spaces/ROS/pages/2031625/PPPoE,PPPoE
/ip/pool/remove,https://help.mikrotik.com/docs/spaces/ROS/pages/2031625/PPPoE,PPPoE
/ip/pool/reset,https://help.mikrotik.com/docs/spaces/ROS/pages/2031625/PPPoE,PPPoE
/ip/pool/set,https://help.mikrotik.com/docs/spaces/ROS/pages/2031625/PPPoE,PPPoE
/ip/pool/used,https://help.mikrotik.com/docs/spaces/ROS/pages/2031625/PPPoE,PPPoE
/ip/proxy,https://help.mikrotik.com/docs/spaces/ROS/pages/328151/First%2BTime%2BConfiguration,"First Time Configuration"
/ip/proxy/access,https://help.mikrotik.com/docs/spaces/ROS/pages/328151/First%2BTime%2BConfiguration,"First Time Configuration"
/ip/proxy/access/add,https://help.mikrotik.com/docs/spaces/ROS/pages/328151/First%2BTime%2BConfiguration,"First Time Configuration"
/ip/proxy/access/comment,https://help.mikrotik.com/docs/spaces/ROS/pages/328151/First%2BTime%2BConfiguration,"First Time Configuration"
/ip/proxy/access/disable,https://help.mikrotik.com/docs/spaces/ROS/pages/328151/First%2BTime%2BConfiguration,"First Time Configuration"
/ip/proxy/access/edit,https://help.mikrotik.com/docs/spaces/ROS/pages/328151/First%2BTime%2BConfiguration,"First Time Configuration"
/ip/proxy/access/enable,https://help.mikrotik.com/docs/spaces/ROS/pages/328151/First%2BTime%2BConfiguration,"First Time Configuration"
/ip/proxy/access/export,https://help.mikrotik.com/docs/spaces/ROS/pages/328151/First%2BTime%2BConfiguration,"First Time Configuration"
/ip/proxy/access/find,https://help.mikrotik.com/docs/spaces/ROS/pages/328151/First%2BTime%2BConfiguration,"First Time Configuration"
/ip/proxy/access/get,https://help.mikrotik.com/docs/spaces/ROS/pages/328151/First%2BTime%2BConfiguration,"First Time Configuration"
/ip/proxy/access/move,https://help.mikrotik.com/docs/spaces/ROS/pages/328151/First%2BTime%2BConfiguration,"First Time Configuration"
/ip/proxy/access/print,https://help.mikrotik.com/docs/spaces/ROS/pages/328151/First%2BTime%2BConfiguration,"First Time Configuration"
/ip/proxy/access/remove,https://help.mikrotik.com/docs/spaces/ROS/pages/328151/First%2BTime%2BConfiguration,"First Time Configuration"
/ip/proxy/access/reset,https://help.mikrotik.com/docs/spaces/ROS/pages/328151/First%2BTime%2BConfiguration,"First Time Configuration"
/ip/proxy/access/reset-counters,https://help.mikrotik.com/docs/spaces/ROS/pages/328151/First%2BTime%2BConfiguration,"First Time Configuration"
/ip/proxy/access/reset-counters-all,https://help.mikrotik.com/docs/spaces/ROS/pages/328151/First%2BTime%2BConfiguration,"First Time Configuration"
/ip/proxy/access/set,https://help.mikrotik.com/docs/spaces/ROS/pages/328151/First%2BTime%2BConfiguration,"First Time Configuration"
/ip/proxy/access/unset,https://help.mikrotik.com/docs/spaces/ROS/pages/328151/First%2BTime%2BConfiguration,"First Time Configuration"
/ip/proxy/cache,https://help.mikrotik.com/docs/spaces/ROS/pages/132350000/Proxy,Proxy
/ip/proxy/cache-contents,https://help.mikrotik.com/docs/spaces/ROS/pages/132350000/Proxy,Proxy
/ip/proxy/cache-contents/add,https://help.mikrotik.com/docs/spaces/ROS/pages/132350000/Proxy,Proxy
/ip/proxy/cache-contents/find,https://help.mikrotik.com/docs/spaces/ROS/pages/132350000/Proxy,Proxy
/ip/proxy/cache-contents/get,https://help.mikrotik.com/docs/spaces/ROS/pages/132350000/Proxy,Proxy
/ip/proxy/cache-contents/print,https://help.mikrotik.com/docs/spaces/ROS/pages/132350000/Proxy,Proxy
/ip/proxy/cache-contents/remove,https://help.mikrotik.com/docs/spaces/ROS/pages/132350000/Proxy,Proxy
/ip/proxy/cache/add,https://help.mikrotik.com/docs/spaces/ROS/pages/132350000/Proxy,Proxy
/ip/proxy/cache/comment,https://help.mikrotik.com/docs/spaces/ROS/pages/132350000/Proxy,Proxy
/ip/proxy/cache/disable,https://help.mikrotik.com/docs/spaces/ROS/pages/132350000/Proxy,Proxy
/ip/proxy/cache/edit,https://help.mikrotik.com/docs/spaces/ROS/pages/132350000/Proxy,Proxy
/ip/proxy/cache/enable,https://help.mikrotik.com/docs/spaces/ROS/pages/132350000/Proxy,Proxy
/ip/proxy/cache/export,https://help.mikrotik.com/docs/spaces/ROS/pages/132350000/Proxy,Proxy
/ip/proxy/cache/find,https://help.mikrotik.com/docs/spaces/ROS/pages/132350000/Proxy,Proxy
/ip/proxy/cache/get,https://help.mikrotik.com/docs/spaces/ROS/pages/132350000/Proxy,Proxy
/ip/proxy/cache/move,https://help.mikrotik.com/docs/spaces/ROS/pages/132350000/Proxy,Proxy
/ip/proxy/cache/print,https://help.mikrotik.com/docs/spaces/ROS/pages/132350000/Proxy,Proxy
/ip/proxy/cache/remove,https://help.mikrotik.com/docs/spaces/ROS/pages/132350000/Proxy,Proxy
/ip/proxy/cache/reset,https://help.mikrotik.com/docs/spaces/ROS/pages/132350000/Proxy,Proxy
/ip/proxy/cache/reset-counters,https://help.mikrotik.com/docs/spaces/ROS/pages/132350000/Proxy,Proxy
/ip/proxy/cache/reset-counters-all,https://help.mikrotik.com/docs/spaces/ROS/pages/132350000/Proxy,Proxy
/ip/proxy/cache/set,https://help.mikrotik.com/docs/spaces/ROS/pages/132350000/Proxy,Proxy
/ip/proxy/cache/unset,https://help.mikrotik.com/docs/spaces/ROS/pages/132350000/Proxy,Proxy
/ip/proxy/clear-cache,https://help.mikrotik.com/docs/spaces/ROS/pages/328151/First%2BTime%2BConfiguration,"First Time Configuration"
/ip/proxy/connections,https://help.mikrotik.com/docs/spaces/ROS/pages/132350000/Proxy,Proxy
/ip/proxy/connections/comment,https://help.mikrotik.com/docs/spaces/ROS/pages/132350000/Proxy,Proxy
/ip/proxy/connections/edit,https://help.mikrotik.com/docs/spaces/ROS/pages/132350000/Proxy,Proxy
/ip/proxy/connections/find,https://help.mikrotik.com/docs/spaces/ROS/pages/132350000/Proxy,Proxy
/ip/proxy/connections/get,https://help.mikrotik.com/docs/spaces/ROS/pages/132350000/Proxy,Proxy
/ip/proxy/connections/print,https://help.mikrotik.com/docs/spaces/ROS/pages/132350000/Proxy,Proxy
/ip/proxy/connections/remove,https://help.mikrotik.com/docs/spaces/ROS/pages/132350000/Proxy,Proxy
/ip/proxy/connections/reset,https://help.mikrotik.com/docs/spaces/ROS/pages/132350000/Proxy,Proxy
/ip/proxy/connections/set,https://help.mikrotik.com/docs/spaces/ROS/pages/132350000/Proxy,Proxy
/ip/proxy/direct,https://help.mikrotik.com/docs/spaces/ROS/pages/132350000/Proxy,Proxy
/ip/proxy/direct/add,https://help.mikrotik.com/docs/spaces/ROS/pages/132350000/Proxy,Proxy
/ip/proxy/direct/comment,https://help.mikrotik.com/docs/spaces/ROS/pages/132350000/Proxy,Proxy
/ip/proxy/direct/disable,https://help.mikrotik.com/docs/spaces/ROS/pages/132350000/Proxy,Proxy
/ip/proxy/direct/edit,https://help.mikrotik.com/docs/spaces/ROS/pages/132350000/Proxy,Proxy
/ip/proxy/direct/enable,https://help.mikrotik.com/docs/spaces/ROS/pages/132350000/Proxy,Proxy
/ip/proxy/direct/export,https://help.mikrotik.com/docs/spaces/ROS/pages/132350000/Proxy,Proxy
/ip/proxy/direct/find,https://help.mikrotik.com/docs/spaces/ROS/pages/132350000/Proxy,Proxy
/ip/proxy/direct/get,https://help.mikrotik.com/docs/spaces/ROS/pages/132350000/Proxy,Proxy
/ip/proxy/direct/move,https://help.mikrotik.com/docs/spaces/ROS/pages/132350000/Proxy,Proxy
/ip/proxy/direct/print,https://help.mikrotik.com/docs/spaces/ROS/pages/132350000/Proxy,Proxy
/ip/proxy/direct/remove,https://help.mikrotik.com/docs/spaces/ROS/pages/132350000/Proxy,Proxy
/ip/proxy/direct/reset,https://help.mikrotik.com/docs/spaces/ROS/pages/132350000/Proxy,Proxy
/ip/proxy/direct/reset-counters,https://help.mikrotik.com/docs/spaces/ROS/pages/132350000/Proxy,Proxy
/ip/proxy/direct/reset-counters-all,https://help.mikrotik.com/docs/spaces/ROS/pages/132350000/Proxy,Proxy
/ip/proxy/direct/set,https://help.mikrotik.com/docs/spaces/ROS/pages/132350000/Proxy,Proxy
/ip/proxy/direct/unset,https://help.mikrotik.com/docs/spaces/ROS/pages/132350000/Proxy,Proxy
/ip/proxy/edit,https://help.mikrotik.com/docs/spaces/ROS/pages/328151/First%2BTime%2BConfiguration,"First Time Configuration"
/ip/proxy/export,https://help.mikrotik.com/docs/spaces/ROS/pages/328151/First%2BTime%2BConfiguration,"First Time Configuration"
/ip/proxy/get,https://help.mikrotik.com/docs/spaces/ROS/pages/328151/First%2BTime%2BConfiguration,"First Time Configuration"
/ip/proxy/inserts,https://help.mikrotik.com/docs/spaces/ROS/pages/132350000/Proxy,Proxy
/ip/proxy/inserts/export,https://help.mikrotik.com/docs/spaces/ROS/pages/132350000/Proxy,Proxy
/ip/proxy/inserts/get,https://help.mikrotik.com/docs/spaces/ROS/pages/132350000/Proxy,Proxy
/ip/proxy/inserts/print,https://help.mikrotik.com/docs/spaces/ROS/pages/132350000/Proxy,Proxy
/ip/proxy/lookups,https://help.mikrotik.com/docs/spaces/ROS/pages/328151/First%2BTime%2BConfiguration,"First Time Configuration"
/ip/proxy/monitor,https://help.mikrotik.com/docs/spaces/ROS/pages/328151/First%2BTime%2BConfiguration,"First Time Configuration"
/ip/proxy/print,https://help.mikrotik.com/docs/spaces/ROS/pages/328151/First%2BTime%2BConfiguration,"First Time Configuration"
/ip/proxy/refreshes,https://help.mikrotik.com/docs/spaces/ROS/pages/328151/First%2BTime%2BConfiguration,"First Time Configuration"
/ip/proxy/reset,https://help.mikrotik.com/docs/spaces/ROS/pages/328151/First%2BTime%2BConfiguration,"First Time Configuration"
/ip/proxy/reset-html,https://help.mikrotik.com/docs/spaces/ROS/pages/328151/First%2BTime%2BConfiguration,"First Time Configuration"
/ip/proxy/set,https://help.mikrotik.com/docs/spaces/ROS/pages/328151/First%2BTime%2BConfiguration,"First Time Configuration"
/ip/recursive-print,https://help.mikrotik.com/docs/spaces/ROS/pages/328068/Bridging%2Band%2BSwitching,"Bridging and Switching"
/ip/reverse-proxy,https://help.mikrotik.com/docs/spaces/ROS/pages/328068/Bridging%2Band%2BSwitching,"Bridging and Switching"
/ip/route,https://help.mikrotik.com/docs/spaces/ROS/pages/328084/IP%2BRouting,"IP Routing"
/ip/route/add,https://help.mikrotik.com/docs/spaces/ROS/pages/328084/IP%2BRouting,"IP Routing"
/ip/route/check,https://help.mikrotik.com/docs/spaces/ROS/pages/328084/IP%2BRouting,"IP Routing"
/ip/route/comment,https://help.mikrotik.com/docs/spaces/ROS/pages/328084/IP%2BRouting,"IP Routing"
/ip/route/disable,https://help.mikrotik.com/docs/spaces/ROS/pages/328084/IP%2BRouting,"IP Routing"
/ip/route/edit,https://help.mikrotik.com/docs/spaces/ROS/pages/328084/IP%2BRouting,"IP Routing"
/ip/route/enable,https://help.mikrotik.com/docs/spaces/ROS/pages/328084/IP%2BRouting,"IP Routing"
/ip/route/export,https://help.mikrotik.com/docs/spaces/ROS/pages/328084/IP%2BRouting,"IP Routing"
/ip/route/find,https://help.mikrotik.com/docs/spaces/ROS/pages/328084/IP%2BRouting,"IP Routing"
/ip/route/get,https://help.mikrotik.com/docs/spaces/ROS/pages/328084/IP%2BRouting,"IP Routing"
/ip/route/print,https://help.mikrotik.com/docs/spaces/ROS/pages/328084/IP%2BRouting,"IP Routing"
/ip/route/remove,https://help.mikrotik.com/docs/spaces/ROS/pages/328084/IP%2BRouting,"IP Routing"
/ip/route/reset,https://help.mikrotik.com/docs/spaces/ROS/pages/328084/IP%2BRouting,"IP Routing"
/ip/route/set,https://help.mikrotik.com/docs/spaces/ROS/pages/328084/IP%2BRouting,"IP Routing"
/ip/route/unset,https://help.mikrotik.com/docs/spaces/ROS/pages/328084/IP%2BRouting,"IP Routing"
/ip/service,https://help.mikrotik.com/docs/spaces/ROS/pages/328151/First%2BTime%2BConfiguration,"First Time Configuration"
/ip/service/disable,https://help.mikrotik.com/docs/spaces/ROS/pages/328151/First%2BTime%2BConfiguration,"First Time Configuration"
/ip/service/edit,https://help.mikrotik.com/docs/spaces/ROS/pages/328151/First%2BTime%2BConfiguration,"First Time Configuration"
/ip/service/enable,https://help.mikrotik.com/docs/spaces/ROS/pages/328151/First%2BTime%2BConfiguration,"First Time Configuration"
/ip/service/export,https://help.mikrotik.com/docs/spaces/ROS/pages/328151/First%2BTime%2BConfiguration,"First Time Configuration"
/ip/service/find,https://help.mikrotik.com/docs/spaces/ROS/pages/328151/First%2BTime%2BConfiguration,"First Time Configuration"
/ip/service/get,https://help.mikrotik.com/docs/spaces/ROS/pages/328151/First%2BTime%2BConfiguration,"First Time Configuration"
/ip/service/print,https://help.mikrotik.com/docs/spaces/ROS/pages/328151/First%2BTime%2BConfiguration,"First Time Configuration"
/ip/service/reset,https://help.mikrotik.com/docs/spaces/ROS/pages/328151/First%2BTime%2BConfiguration,"First Time Configuration"
/ip/service/set,https://help.mikrotik.com/docs/spaces/ROS/pages/328151/First%2BTime%2BConfiguration,"First Time Configuration"
/ip/service/webserver,https://help.mikrotik.com/docs/spaces/ROS/pages/328151/First%2BTime%2BConfiguration,"First Time Configuration"
/ip/settings,https://help.mikrotik.com/docs/spaces/ROS/pages/28606504/DDoS%2BProtection,"DDoS Protection"
/ip/settings/edit,https://help.mikrotik.com/docs/spaces/ROS/pages/28606504/DDoS%2BProtection,"DDoS Protection"
/ip/settings/export,https://help.mikrotik.com/docs/spaces/ROS/pages/28606504/DDoS%2BProtection,"DDoS Protection"
/ip/settings/get,https://help.mikrotik.com/docs/spaces/ROS/pages/28606504/DDoS%2BProtection,"DDoS Protection"
/ip/settings/print,https://help.mikrotik.com/docs/spaces/ROS/pages/28606504/DDoS%2BProtection,"DDoS Protection"
/ip/settings/set,https://help.mikrotik.com/docs/spaces/ROS/pages/28606504/DDoS%2BProtection,"DDoS Protection"
/ip/smb,https://help.mikrotik.com/docs/spaces/ROS/pages/117145608/SMB,SMB
/ip/smb/edit,https://help.mikrotik.com/docs/spaces/ROS/pages/117145608/SMB,SMB
/ip/smb/export,https://help.mikrotik.com/docs/spaces/ROS/pages/117145608/SMB,SMB
/ip/smb/get,https://help.mikrotik.com/docs/spaces/ROS/pages/117145608/SMB,SMB
/ip/smb/print,https://help.mikrotik.com/docs/spaces/ROS/pages/117145608/SMB,SMB
/ip/smb/reset,https://help.mikrotik.com/docs/spaces/ROS/pages/117145608/SMB,SMB
/ip/smb/set,https://help.mikrotik.com/docs/spaces/ROS/pages/117145608/SMB,SMB
/ip/smb/shares,https://help.mikrotik.com/docs/spaces/ROS/pages/117145608/SMB,SMB
/ip/smb/shares/add,https://help.mikrotik.com/docs/spaces/ROS/pages/117145608/SMB,SMB
/ip/smb/shares/comment,https://help.mikrotik.com/docs/spaces/ROS/pages/117145608/SMB,SMB
/ip/smb/shares/disable,https://help.mikrotik.com/docs/spaces/ROS/pages/117145608/SMB,SMB
/ip/smb/shares/edit,https://help.mikrotik.com/docs/spaces/ROS/pages/117145608/SMB,SMB
/ip/smb/shares/enable,https://help.mikrotik.com/docs/spaces/ROS/pages/117145608/SMB,SMB
/ip/smb/shares/export,https://help.mikrotik.com/docs/spaces/ROS/pages/117145608/SMB,SMB
/ip/smb/shares/find,https://help.mikrotik.com/docs/spaces/ROS/pages/117145608/SMB,SMB
/ip/smb/shares/get,https://help.mikrotik.com/docs/spaces/ROS/pages/117145608/SMB,SMB
/ip/smb/shares/print,https://help.mikrotik.com/docs/spaces/ROS/pages/117145608/SMB,SMB
/ip/smb/shares/remove,https://help.mikrotik.com/docs/spaces/ROS/pages/117145608/SMB,SMB
/ip/smb/shares/reset,https://help.mikrotik.com/docs/spaces/ROS/pages/117145608/SMB,SMB
/ip/smb/shares/set,https://help.mikrotik.com/docs/spaces/ROS/pages/117145608/SMB,SMB
/ip/smb/users,https://help.mikrotik.com/docs/spaces/ROS/pages/117145608/SMB,SMB
/ip/smb/users/add,https://help.mikrotik.com/docs/spaces/ROS/pages/117145608/SMB,SMB
/ip/smb/users/comment,https://help.mikrotik.com/docs/spaces/ROS/pages/117145608/SMB,SMB
/ip/smb/users/disable,https://help.mikrotik.com/docs/spaces/ROS/pages/117145608/SMB,SMB
/ip/smb/users/edit,https://help.mikrotik.com/docs/spaces/ROS/pages/117145608/SMB,SMB
/ip/smb/users/enable,https://help.mikrotik.com/docs/spaces/ROS/pages/117145608/SMB,SMB
/ip/smb/users/export,https://help.mikrotik.com/docs/spaces/ROS/pages/117145608/SMB,SMB
/ip/smb/users/find,https://help.mikrotik.com/docs/spaces/ROS/pages/117145608/SMB,SMB
/ip/smb/users/get,https://help.mikrotik.com/docs/spaces/ROS/pages/117145608/SMB,SMB
/ip/smb/users/print,https://help.mikrotik.com/docs/spaces/ROS/pages/117145608/SMB,SMB
/ip/smb/users/remove,https://help.mikrotik.com/docs/spaces/ROS/pages/117145608/SMB,SMB
/ip/smb/users/reset,https://help.mikrotik.com/docs/spaces/ROS/pages/117145608/SMB,SMB
/ip/smb/users/set,https://help.mikrotik.com/docs/spaces/ROS/pages/117145608/SMB,SMB
/ip/socks,https://help.mikrotik.com/docs/spaces/ROS/pages/328151/First%2BTime%2BConfiguration,"First Time Configuration"
/ip/socks/access,https://help.mikrotik.com/docs/spaces/ROS/pages/73826308/SOCKS,SOCKS
/ip/socks/access/add,https://help.mikrotik.com/docs/spaces/ROS/pages/73826308/SOCKS,SOCKS
/ip/socks/access/comment,https://help.mikrotik.com/docs/spaces/ROS/pages/73826308/SOCKS,SOCKS
/ip/socks/access/disable,https://help.mikrotik.com/docs/spaces/ROS/pages/73826308/SOCKS,SOCKS
/ip/socks/access/edit,https://help.mikrotik.com/docs/spaces/ROS/pages/73826308/SOCKS,SOCKS
/ip/socks/access/enable,https://help.mikrotik.com/docs/spaces/ROS/pages/73826308/SOCKS,SOCKS
/ip/socks/access/export,https://help.mikrotik.com/docs/spaces/ROS/pages/73826308/SOCKS,SOCKS
/ip/socks/access/find,https://help.mikrotik.com/docs/spaces/ROS/pages/73826308/SOCKS,SOCKS
/ip/socks/access/get,https://help.mikrotik.com/docs/spaces/ROS/pages/73826308/SOCKS,SOCKS
/ip/socks/access/move,https://help.mikrotik.com/docs/spaces/ROS/pages/73826308/SOCKS,SOCKS
/ip/socks/access/print,https://help.mikrotik.com/docs/spaces/ROS/pages/73826308/SOCKS,SOCKS
/ip/socks/access/remove,https://help.mikrotik.com/docs/spaces/ROS/pages/73826308/SOCKS,SOCKS
/ip/socks/access/reset,https://help.mikrotik.com/docs/spaces/ROS/pages/73826308/SOCKS,SOCKS
/ip/socks/access/set,https://help.mikrotik.com/docs/spaces/ROS/pages/73826308/SOCKS,SOCKS
/ip/socks/access/unset,https://help.mikrotik.com/docs/spaces/ROS/pages/73826308/SOCKS,SOCKS
/ip/socks/connections,https://help.mikrotik.com/docs/spaces/ROS/pages/73826308/SOCKS,SOCKS
/ip/socks/connections/edit,https://help.mikrotik.com/docs/spaces/ROS/pages/73826308/SOCKS,SOCKS
/ip/socks/connections/find,https://help.mikrotik.com/docs/spaces/ROS/pages/73826308/SOCKS,SOCKS
/ip/socks/connections/get,https://help.mikrotik.com/docs/spaces/ROS/pages/73826308/SOCKS,SOCKS
/ip/socks/connections/print,https://help.mikrotik.com/docs/spaces/ROS/pages/73826308/SOCKS,SOCKS
/ip/socks/connections/remove,https://help.mikrotik.com/docs/spaces/ROS/pages/73826308/SOCKS,SOCKS
/ip/socks/connections/reset,https://help.mikrotik.com/docs/spaces/ROS/pages/73826308/SOCKS,SOCKS
/ip/socks/connections/set,https://help.mikrotik.com/docs/spaces/ROS/pages/73826308/SOCKS,SOCKS
/ip/socks/edit,https://help.mikrotik.com/docs/spaces/ROS/pages/328151/First%2BTime%2BConfiguration,"First Time Configuration"
/ip/socks/export,https://help.mikrotik.com/docs/spaces/ROS/pages/328151/First%2BTime%2BConfiguration,"First Time Configuration"
/ip/socks/get,https://help.mikrotik.com/docs/spaces/ROS/pages/328151/First%2BTime%2BConfiguration,"First Time Configuration"
/ip/socks/print,https://help.mikrotik.com/docs/spaces/ROS/pages/328151/First%2BTime%2BConfiguration,"First Time Configuration"
/ip/socks/reset,https://help.mikrotik.com/docs/spaces/ROS/pages/328151/First%2BTime%2BConfiguration,"First Time Configuration"
/ip/socks/set,https://help.mikrotik.com/docs/spaces/ROS/pages/328151/First%2BTime%2BConfiguration,"First Time Configuration"
/ip/socks/users,https://help.mikrotik.com/docs/spaces/ROS/pages/328151/First%2BTime%2BConfiguration,"First Time Configuration"
/ip/socksify,https://help.mikrotik.com/docs/spaces/ROS/pages/343244851/Socksify,Socksify
/ip/socksify/add,https://help.mikrotik.com/docs/spaces/ROS/pages/343244851/Socksify,Socksify
/ip/socksify/comment,https://help.mikrotik.com/docs/spaces/ROS/pages/343244851/Socksify,Socksify
/ip/socksify/disable,https://help.mikrotik.com/docs/spaces/ROS/pages/343244851/Socksify,Socksify
/ip/socksify/edit,https://help.mikrotik.com/docs/spaces/ROS/pages/343244851/Socksify,Socksify
/ip/socksify/enable,https://help.mikrotik.com/docs/spaces/ROS/pages/343244851/Socksify,Socksify
/ip/socksify/export,https://help.mikrotik.com/docs/spaces/ROS/pages/343244851/Socksify,Socksify
/ip/socksify/find,https://help.mikrotik.com/docs/spaces/ROS/pages/343244851/Socksify,Socksify
/ip/socksify/get,https://help.mikrotik.com/docs/spaces/ROS/pages/343244851/Socksify,Socksify
/ip/socksify/print,https://help.mikrotik.com/docs/spaces/ROS/pages/343244851/Socksify,Socksify
/ip/socksify/remove,https://help.mikrotik.com/docs/spaces/ROS/pages/343244851/Socksify,Socksify
/ip/socksify/reset,https://help.mikrotik.com/docs/spaces/ROS/pages/343244851/Socksify,Socksify
/ip/socksify/set,https://help.mikrotik.com/docs/spaces/ROS/pages/343244851/Socksify,Socksify
/ip/ssh,https://help.mikrotik.com/docs/spaces/ROS/pages/328151/First%2BTime%2BConfiguration,"First Time Configuration"
/ip/ssh/edit,https://help.mikrotik.com/docs/spaces/ROS/pages/328151/First%2BTime%2BConfiguration,"First Time Configuration"
/ip/ssh/export,https://help.mikrotik.com/docs/spaces/ROS/pages/328151/First%2BTime%2BConfiguration,"First Time Configuration"
/ip/ssh/export-host-key,https://help.mikrotik.com/docs/spaces/ROS/pages/328151/First%2BTime%2BConfiguration,"First Time Configuration"
/ip/ssh/get,https://help.mikrotik.com/docs/spaces/ROS/pages/328151/First%2BTime%2BConfiguration,"First Time Configuration"
/ip/ssh/import-host-key,https://help.mikrotik.com/docs/spaces/ROS/pages/328151/First%2BTime%2BConfiguration,"First Time Configuration"
/ip/ssh/print,https://help.mikrotik.com/docs/spaces/ROS/pages/328151/First%2BTime%2BConfiguration,"First Time Configuration"
/ip/ssh/regenerate-host-key,https://help.mikrotik.com/docs/spaces/ROS/pages/328151/First%2BTime%2BConfiguration,"First Time Configuration"
/ip/ssh/reset,https://help.mikrotik.com/docs/spaces/ROS/pages/328151/First%2BTime%2BConfiguration,"First Time Configuration"
/ip/ssh/set,https://help.mikrotik.com/docs/spaces/ROS/pages/328151/First%2BTime%2BConfiguration,"First Time Configuration"
/ip/tftp,https://help.mikrotik.com/docs/spaces/ROS/pages/131366922/TFTP,TFTP
/ip/tftp/add,https://help.mikrotik.com/docs/spaces/ROS/pages/131366922/TFTP,TFTP
/ip/tftp/comment,https://help.mikrotik.com/docs/spaces/ROS/pages/131366922/TFTP,TFTP
/ip/tftp/disable,https://help.mikrotik.com/docs/spaces/ROS/pages/131366922/TFTP,TFTP
/ip/tftp/edit,https://help.mikrotik.com/docs/spaces/ROS/pages/131366922/TFTP,TFTP
/ip/tftp/enable,https://help.mikrotik.com/docs/spaces/ROS/pages/131366922/TFTP,TFTP
/ip/tftp/export,https://help.mikrotik.com/docs/spaces/ROS/pages/131366922/TFTP,TFTP
/ip/tftp/find,https://help.mikrotik.com/docs/spaces/ROS/pages/131366922/TFTP,TFTP
/ip/tftp/get,https://help.mikrotik.com/docs/spaces/ROS/pages/131366922/TFTP,TFTP
/ip/tftp/move,https://help.mikrotik.com/docs/spaces/ROS/pages/131366922/TFTP,TFTP
/ip/tftp/print,https://help.mikrotik.com/docs/spaces/ROS/pages/131366922/TFTP,TFTP
/ip/tftp/remove,https://help.mikrotik.com/docs/spaces/ROS/pages/131366922/TFTP,TFTP
/ip/tftp/reset,https://help.mikrotik.com/docs/spaces/ROS/pages/131366922/TFTP,TFTP
/ip/tftp/set,https://help.mikrotik.com/docs/spaces/ROS/pages/131366922/TFTP,TFTP
/ip/tftp/settings,https://help.mikrotik.com/docs/spaces/ROS/pages/131366922/TFTP,TFTP
/ip/tftp/settings/edit,https://help.mikrotik.com/docs/spaces/ROS/pages/131366922/TFTP,TFTP
/ip/tftp/settings/export,https://help.mikrotik.com/docs/spaces/ROS/pages/131366922/TFTP,TFTP
/ip/tftp/settings/get,https://help.mikrotik.com/docs/spaces/ROS/pages/131366922/TFTP,TFTP
/ip/tftp/settings/print,https://help.mikrotik.com/docs/spaces/ROS/pages/131366922/TFTP,TFTP
/ip/tftp/settings/reset,https://help.mikrotik.com/docs/spaces/ROS/pages/131366922/TFTP,TFTP
/ip/tftp/settings/set,https://help.mikrotik.com/docs/spaces/ROS/pages/131366922/TFTP,TFTP
/ip/traffic-flow,https://help.mikrotik.com/docs/spaces/ROS/pages/21102653/Traffic%2BFlow,"Traffic Flow"
/ip/traffic-flow/edit,https://help.mikrotik.com/docs/spaces/ROS/pages/21102653/Traffic%2BFlow,"Traffic Flow"
/ip/traffic-flow/export,https://help.mikrotik.com/docs/spaces/ROS/pages/21102653/Traffic%2BFlow,"Traffic Flow"
/ip/traffic-flow/get,https://help.mikrotik.com/docs/spaces/ROS/pages/21102653/Traffic%2BFlow,"Traffic Flow"
/ip/traffic-flow/ipfix,https://help.mikrotik.com/docs/spaces/ROS/pages/21102653/Traffic%2BFlow,"Traffic Flow"
/ip/traffic-flow/monitor,https://help.mikrotik.com/docs/spaces/ROS/pages/21102653/Traffic%2BFlow,"Traffic Flow"
/ip/traffic-flow/print,https://help.mikrotik.com/docs/spaces/ROS/pages/21102653/Traffic%2BFlow,"Traffic Flow"
/ip/traffic-flow/reset,https://help.mikrotik.com/docs/spaces/ROS/pages/21102653/Traffic%2BFlow,"Traffic Flow"
/ip/traffic-flow/set,https://help.mikrotik.com/docs/spaces/ROS/pages/21102653/Traffic%2BFlow,"Traffic Flow"
/ip/traffic-flow/target,https://help.mikrotik.com/docs/spaces/ROS/pages/282132674/NetFlow%2Banalysis%2Bwith%2BElasticsearch,"NetFlow analysis with Elasticsearch"
/ip/traffic-flow/target/add,https://help.mikrotik.com/docs/spaces/ROS/pages/282132674/NetFlow%2Banalysis%2Bwith%2BElasticsearch,"NetFlow analysis with Elasticsearch"
/ip/traffic-flow/target/disable,https://help.mikrotik.com/docs/spaces/ROS/pages/282132674/NetFlow%2Banalysis%2Bwith%2BElasticsearch,"NetFlow analysis with Elasticsearch"
/ip/traffic-flow/target/edit,https://help.mikrotik.com/docs/spaces/ROS/pages/282132674/NetFlow%2Banalysis%2Bwith%2BElasticsearch,"NetFlow analysis with Elasticsearch"
/ip/traffic-flow/target/enable,https://help.mikrotik.com/docs/spaces/ROS/pages/282132674/NetFlow%2Banalysis%2Bwith%2BElasticsearch,"NetFlow analysis with Elasticsearch"
/ip/traffic-flow/target/export,https://help.mikrotik.com/docs/spaces/ROS/pages/282132674/NetFlow%2Banalysis%2Bwith%2BElasticsearch,"NetFlow analysis with Elasticsearch"
/ip/traffic-flow/target/find,https://help.mikrotik.com/docs/spaces/ROS/pages/282132674/NetFlow%2Banalysis%2Bwith%2BElasticsearch,"NetFlow analysis with Elasticsearch"
/ip/traffic-flow/target/get,https://help.mikrotik.com/docs/spaces/ROS/pages/282132674/NetFlow%2Banalysis%2Bwith%2BElasticsearch,"NetFlow analysis with Elasticsearch"
/ip/traffic-flow/target/print,https://help.mikrotik.com/docs/spaces/ROS/pages/282132674/NetFlow%2Banalysis%2Bwith%2BElasticsearch,"NetFlow analysis with Elasticsearch"
/ip/traffic-flow/target/remove,https://help.mikrotik.com/docs/spaces/ROS/pages/282132674/NetFlow%2Banalysis%2Bwith%2BElasticsearch,"NetFlow analysis with Elasticsearch"
/ip/traffic-flow/target/reset,https://help.mikrotik.com/docs/spaces/ROS/pages/282132674/NetFlow%2Banalysis%2Bwith%2BElasticsearch,"NetFlow analysis with Elasticsearch"
/ip/traffic-flow/target/set,https://help.mikrotik.com/docs/spaces/ROS/pages/282132674/NetFlow%2Banalysis%2Bwith%2BElasticsearch,"NetFlow analysis with Elasticsearch"
/ip/upnp,https://help.mikrotik.com/docs/spaces/ROS/pages/328151/First%2BTime%2BConfiguration,"First Time Configuration"
/ip/upnp/edit,https://help.mikrotik.com/docs/spaces/ROS/pages/328151/First%2BTime%2BConfiguration,"First Time Configuration"
/ip/upnp/export,https://help.mikrotik.com/docs/spaces/ROS/pages/328151/First%2BTime%2BConfiguration,"First Time Configuration"
/ip/upnp/get,https://help.mikrotik.com/docs/spaces/ROS/pages/328151/First%2BTime%2BConfiguration,"First Time Configuration"
/ip/upnp/interfaces,https://help.mikrotik.com/docs/spaces/ROS/pages/24805490/UPnP,UPnP
/ip/upnp/interfaces/add,https://help.mikrotik.com/docs/spaces/ROS/pages/24805490/UPnP,UPnP
/ip/upnp/interfaces/disable,https://help.mikrotik.com/docs/spaces/ROS/pages/24805490/UPnP,UPnP
/ip/upnp/interfaces/edit,https://help.mikrotik.com/docs/spaces/ROS/pages/24805490/UPnP,UPnP
/ip/upnp/interfaces/enable,https://help.mikrotik.com/docs/spaces/ROS/pages/24805490/UPnP,UPnP
/ip/upnp/interfaces/export,https://help.mikrotik.com/docs/spaces/ROS/pages/24805490/UPnP,UPnP
/ip/upnp/interfaces/find,https://help.mikrotik.com/docs/spaces/ROS/pages/24805490/UPnP,UPnP
/ip/upnp/interfaces/get,https://help.mikrotik.com/docs/spaces/ROS/pages/24805490/UPnP,UPnP
/ip/upnp/interfaces/print,https://help.mikrotik.com/docs/spaces/ROS/pages/24805490/UPnP,UPnP
/ip/upnp/interfaces/remove,https://help.mikrotik.com/docs/spaces/ROS/pages/24805490/UPnP,UPnP
/ip/upnp/interfaces/reset,https://help.mikrotik.com/docs/spaces/ROS/pages/24805490/UPnP,UPnP
/ip/upnp/interfaces/set,https://help.mikrotik.com/docs/spaces/ROS/pages/24805490/UPnP,UPnP
/ip/upnp/interfaces/unset,https://help.mikrotik.com/docs/spaces/ROS/pages/24805490/UPnP,UPnP
/ip/upnp/print,https://help.mikrotik.com/docs/spaces/ROS/pages/328151/First%2BTime%2BConfiguration,"First Time Configuration"
/ip/upnp/reset,https://help.mikrotik.com/docs/spaces/ROS/pages/328151/First%2BTime%2BConfiguration,"First Time Configuration"
/ip/upnp/set,https://help.mikrotik.com/docs/spaces/ROS/pages/328151/First%2BTime%2BConfiguration,"First Time Configuration"
/ip/vrf,https://help.mikrotik.com/docs/spaces/ROS/pages/328206/Virtual%2BRouting%2Band%2BForwarding%2B-%2BVRF,"Virtual Routing and Forwarding - VRF"
/ip/vrf/add,https://help.mikrotik.com/docs/spaces/ROS/pages/328206/Virtual%2BRouting%2Band%2BForwarding%2B-%2BVRF,"Virtual Routing and Forwarding - VRF"
/ip/vrf/comment,https://help.mikrotik.com/docs/spaces/ROS/pages/328206/Virtual%2BRouting%2Band%2BForwarding%2B-%2BVRF,"Virtual Routing and Forwarding - VRF"
/ip/vrf/disable,https://help.mikrotik.com/docs/spaces/ROS/pages/328206/Virtual%2BRouting%2Band%2BForwarding%2B-%2BVRF,"Virtual Routing and Forwarding - VRF"
/ip/vrf/edit,https://help.mikrotik.com/docs/spaces/ROS/pages/328206/Virtual%2BRouting%2Band%2BForwarding%2B-%2BVRF,"Virtual Routing and Forwarding - VRF"
/ip/vrf/enable,https://help.mikrotik.com/docs/spaces/ROS/pages/328206/Virtual%2BRouting%2Band%2BForwarding%2B-%2BVRF,"Virtual Routing and Forwarding - VRF"
/ip/vrf/export,https://help.mikrotik.com/docs/spaces/ROS/pages/328206/Virtual%2BRouting%2Band%2BForwarding%2B-%2BVRF,"Virtual Routing and Forwarding - VRF"
/ip/vrf/find,https://help.mikrotik.com/docs/spaces/ROS/pages/328206/Virtual%2BRouting%2Band%2BForwarding%2B-%2BVRF,"Virtual Routing and Forwarding - VRF"
/ip/vrf/get,https://help.mikrotik.com/docs/spaces/ROS/pages/328206/Virtual%2BRouting%2Band%2BForwarding%2B-%2BVRF,"Virtual Routing and Forwarding - VRF"
/ip/vrf/move,https://help.mikrotik.com/docs/spaces/ROS/pages/328206/Virtual%2BRouting%2Band%2BForwarding%2B-%2BVRF,"Virtual Routing and Forwarding - VRF"
/ip/vrf/print,https://help.mikrotik.com/docs/spaces/ROS/pages/328206/Virtual%2BRouting%2Band%2BForwarding%2B-%2BVRF,"Virtual Routing and Forwarding - VRF"
/ip/vrf/remove,https://help.mikrotik.com/docs/spaces/ROS/pages/328206/Virtual%2BRouting%2Band%2BForwarding%2B-%2BVRF,"Virtual Routing and Forwarding - VRF"
/ip/vrf/reset,https://help.mikrotik.com/docs/spaces/ROS/pages/328206/Virtual%2BRouting%2Band%2BForwarding%2B-%2BVRF,"Virtual Routing and Forwarding - VRF"
/ip/vrf/set,https://help.mikrotik.com/docs/spaces/ROS/pages/328206/Virtual%2BRouting%2Band%2BForwarding%2B-%2BVRF,"Virtual Routing and Forwarding - VRF"
/ipv6,https://help.mikrotik.com/docs/spaces/ROS/pages/328206/Virtual%2BRouting%2Band%2BForwarding%2B-%2BVRF,"Virtual Routing and Forwarding - VRF"
/ipv6/address,https://help.mikrotik.com/docs/spaces/ROS/pages/328206/Virtual%2BRouting%2Band%2BForwarding%2B-%2BVRF,"Virtual Routing and Forwarding - VRF"
/ipv6/address/add,https://help.mikrotik.com/docs/spaces/ROS/pages/328206/Virtual%2BRouting%2Band%2BForwarding%2B-%2BVRF,"Virtual Routing and Forwarding - VRF"
/ipv6/address/comment,https://help.mikrotik.com/docs/spaces/ROS/pages/328206/Virtual%2BRouting%2Band%2BForwarding%2B-%2BVRF,"Virtual Routing and Forwarding - VRF"
/ipv6/address/disable,https://help.mikrotik.com/docs/spaces/ROS/pages/328206/Virtual%2BRouting%2Band%2BForwarding%2B-%2BVRF,"Virtual Routing and Forwarding - VRF"
/ipv6/address/edit,https://help.mikrotik.com/docs/spaces/ROS/pages/328206/Virtual%2BRouting%2Band%2BForwarding%2B-%2BVRF,"Virtual Routing and Forwarding - VRF"
/ipv6/address/enable,https://help.mikrotik.com/docs/spaces/ROS/pages/328206/Virtual%2BRouting%2Band%2BForwarding%2B-%2BVRF,"Virtual Routing and Forwarding - VRF"
/ipv6/address/export,https://help.mikrotik.com/docs/spaces/ROS/pages/328206/Virtual%2BRouting%2Band%2BForwarding%2B-%2BVRF,"Virtual Routing and Forwarding - VRF"
/ipv6/address/find,https://help.mikrotik.com/docs/spaces/ROS/pages/328206/Virtual%2BRouting%2Band%2BForwarding%2B-%2BVRF,"Virtual Routing and Forwarding - VRF"
/ipv6/address/get,https://help.mikrotik.com/docs/spaces/ROS/pages/328206/Virtual%2BRouting%2Band%2BForwarding%2B-%2BVRF,"Virtual Routing and Forwarding - VRF"
/ipv6/address/print,https://help.mikrotik.com/docs/spaces/ROS/pages/328206/Virtual%2BRouting%2Band%2BForwarding%2B-%2BVRF,"Virtual Routing and Forwarding - VRF"
/ipv6/address/remove,https://help.mikrotik.com/docs/spaces/ROS/pages/328206/Virtual%2BRouting%2Band%2BForwarding%2B-%2BVRF,"Virtual Routing and Forwarding - VRF"
/ipv6/address/reset,https://help.mikrotik.com/docs/spaces/ROS/pages/328206/Virtual%2BRouting%2Band%2BForwarding%2B-%2BVRF,"Virtual Routing and Forwarding - VRF"
/ipv6/address/set,https://help.mikrotik.com/docs/spaces/ROS/pages/328206/Virtual%2BRouting%2Band%2BForwarding%2B-%2BVRF,"Virtual Routing and Forwarding - VRF"
/ipv6/dhcp-client,https://help.mikrotik.com/docs/spaces/ROS/pages/24805500/DHCP,DHCP
/ipv6/dhcp-client/add,https://help.mikrotik.com/docs/spaces/ROS/pages/24805500/DHCP,DHCP
/ipv6/dhcp-client/comment,https://help.mikrotik.com/docs/spaces/ROS/pages/24805500/DHCP,DHCP
/ipv6/dhcp-client/disable,https://help.mikrotik.com/docs/spaces/ROS/pages/24805500/DHCP,DHCP
/ipv6/dhcp-client/edit,https://help.mikrotik.com/docs/spaces/ROS/pages/24805500/DHCP,DHCP
/ipv6/dhcp-client/enable,https://help.mikrotik.com/docs/spaces/ROS/pages/24805500/DHCP,DHCP
/ipv6/dhcp-client/export,https://help.mikrotik.com/docs/spaces/ROS/pages/24805500/DHCP,DHCP
/ipv6/dhcp-client/find,https://help.mikrotik.com/docs/spaces/ROS/pages/24805500/DHCP,DHCP
/ipv6/dhcp-client/get,https://help.mikrotik.com/docs/spaces/ROS/pages/24805500/DHCP,DHCP
/ipv6/dhcp-client/option,https://help.mikrotik.com/docs/spaces/ROS/pages/24805500/DHCP,DHCP
/ipv6/dhcp-client/print,https://help.mikrotik.com/docs/spaces/ROS/pages/24805500/DHCP,DHCP
/ipv6/dhcp-client/release,https://help.mikrotik.com/docs/spaces/ROS/pages/24805500/DHCP,DHCP
/ipv6/dhcp-client/remove,https://help.mikrotik.com/docs/spaces/ROS/pages/24805500/DHCP,DHCP
/ipv6/dhcp-client/renew,https://help.mikrotik.com/docs/spaces/ROS/pages/24805500/DHCP,DHCP
/ipv6/dhcp-client/reset,https://help.mikrotik.com/docs/spaces/ROS/pages/24805500/DHCP,DHCP
/ipv6/dhcp-client/set,https://help.mikrotik.com/docs/spaces/ROS/pages/24805500/DHCP,DHCP
/ipv6/dhcp-client/unset,https://help.mikrotik.com/docs/spaces/ROS/pages/24805500/DHCP,DHCP
/ipv6/dhcp-relay,https://help.mikrotik.com/docs/spaces/ROS/pages/328206/Virtual%2BRouting%2Band%2BForwarding%2B-%2BVRF,"Virtual Routing and Forwarding - VRF"
/ipv6/dhcp-server,https://help.mikrotik.com/docs/spaces/ROS/pages/24805500/DHCP,DHCP
/ipv6/dhcp-server/add,https://help.mikrotik.com/docs/spaces/ROS/pages/24805500/DHCP,DHCP
/ipv6/dhcp-server/binding,https://help.mikrotik.com/docs/spaces/ROS/pages/24805500/DHCP,DHCP
/ipv6/dhcp-server/binding/add,https://help.mikrotik.com/docs/spaces/ROS/pages/24805500/DHCP,DHCP
/ipv6/dhcp-server/binding/comment,https://help.mikrotik.com/docs/spaces/ROS/pages/24805500/DHCP,DHCP
/ipv6/dhcp-server/binding/disable,https://help.mikrotik.com/docs/spaces/ROS/pages/24805500/DHCP,DHCP
/ipv6/dhcp-server/binding/edit,https://help.mikrotik.com/docs/spaces/ROS/pages/24805500/DHCP,DHCP
/ipv6/dhcp-server/binding/enable,https://help.mikrotik.com/docs/spaces/ROS/pages/24805500/DHCP,DHCP
/ipv6/dhcp-server/binding/export,https://help.mikrotik.com/docs/spaces/ROS/pages/24805500/DHCP,DHCP
/ipv6/dhcp-server/binding/find,https://help.mikrotik.com/docs/spaces/ROS/pages/24805500/DHCP,DHCP
/ipv6/dhcp-server/binding/get,https://help.mikrotik.com/docs/spaces/ROS/pages/24805500/DHCP,DHCP
/ipv6/dhcp-server/binding/make-static,https://help.mikrotik.com/docs/spaces/ROS/pages/24805500/DHCP,DHCP
/ipv6/dhcp-server/binding/print,https://help.mikrotik.com/docs/spaces/ROS/pages/24805500/DHCP,DHCP
/ipv6/dhcp-server/binding/remove,https://help.mikrotik.com/docs/spaces/ROS/pages/24805500/DHCP,DHCP
/ipv6/dhcp-server/binding/reset,https://help.mikrotik.com/docs/spaces/ROS/pages/24805500/DHCP,DHCP
/ipv6/dhcp-server/binding/send-reconfigure,https://help.mikrotik.com/docs/spaces/ROS/pages/24805500/DHCP,DHCP
/ipv6/dhcp-server/binding/set,https://help.mikrotik.com/docs/spaces/ROS/pages/24805500/DHCP,DHCP
/ipv6/dhcp-server/binding/unset,https://help.mikrotik.com/docs/spaces/ROS/pages/24805500/DHCP,DHCP
/ipv6/dhcp-server/comment,https://help.mikrotik.com/docs/spaces/ROS/pages/24805500/DHCP,DHCP
/ipv6/dhcp-server/disable,https://help.mikrotik.com/docs/spaces/ROS/pages/24805500/DHCP,DHCP
/ipv6/dhcp-server/edit,https://help.mikrotik.com/docs/spaces/ROS/pages/24805500/DHCP,DHCP
/ipv6/dhcp-server/enable,https://help.mikrotik.com/docs/spaces/ROS/pages/24805500/DHCP,DHCP
/ipv6/dhcp-server/export,https://help.mikrotik.com/docs/spaces/ROS/pages/24805500/DHCP,DHCP
/ipv6/dhcp-server/find,https://help.mikrotik.com/docs/spaces/ROS/pages/24805500/DHCP,DHCP
/ipv6/dhcp-server/get,https://help.mikrotik.com/docs/spaces/ROS/pages/24805500/DHCP,DHCP
/ipv6/dhcp-server/option,https://help.mikrotik.com/docs/spaces/ROS/pages/24805500/DHCP,DHCP
/ipv6/dhcp-server/print,https://help.mikrotik.com/docs/spaces/ROS/pages/24805500/DHCP,DHCP
/ipv6/dhcp-server/remove,https://help.mikrotik.com/docs/spaces/ROS/pages/24805500/DHCP,DHCP
/ipv6/dhcp-server/reset,https://help.mikrotik.com/docs/spaces/ROS/pages/24805500/DHCP,DHCP
/ipv6/dhcp-server/set,https://help.mikrotik.com/docs/spaces/ROS/pages/24805500/DHCP,DHCP
/ipv6/export,https://help.mikrotik.com/docs/spaces/ROS/pages/328206/Virtual%2BRouting%2Band%2BForwarding%2B-%2BVRF,"Virtual Routing and Forwarding - VRF"
/ipv6/firewall,https://help.mikrotik.com/docs/spaces/ROS/pages/328513/Building%2BAdvanced%2BFirewall,"Building Advanced Firewall"
/ipv6/firewall/address-list,https://help.mikrotik.com/docs/spaces/ROS/pages/328513/Building%2BAdvanced%2BFirewall,"Building Advanced Firewall"
/ipv6/firewall/address-list/add,https://help.mikrotik.com/docs/spaces/ROS/pages/328513/Building%2BAdvanced%2BFirewall,"Building Advanced Firewall"
/ipv6/firewall/address-list/comment,https://help.mikrotik.com/docs/spaces/ROS/pages/328513/Building%2BAdvanced%2BFirewall,"Building Advanced Firewall"
/ipv6/firewall/address-list/disable,https://help.mikrotik.com/docs/spaces/ROS/pages/328513/Building%2BAdvanced%2BFirewall,"Building Advanced Firewall"
/ipv6/firewall/address-list/edit,https://help.mikrotik.com/docs/spaces/ROS/pages/328513/Building%2BAdvanced%2BFirewall,"Building Advanced Firewall"
/ipv6/firewall/address-list/enable,https://help.mikrotik.com/docs/spaces/ROS/pages/328513/Building%2BAdvanced%2BFirewall,"Building Advanced Firewall"
/ipv6/firewall/address-list/export,https://help.mikrotik.com/docs/spaces/ROS/pages/328513/Building%2BAdvanced%2BFirewall,"Building Advanced Firewall"
/ipv6/firewall/address-list/find,https://help.mikrotik.com/docs/spaces/ROS/pages/328513/Building%2BAdvanced%2BFirewall,"Building Advanced Firewall"
/ipv6/firewall/address-list/get,https://help.mikrotik.com/docs/spaces/ROS/pages/328513/Building%2BAdvanced%2BFirewall,"Building Advanced Firewall"
/ipv6/firewall/address-list/print,https://help.mikrotik.com/docs/spaces/ROS/pages/328513/Building%2BAdvanced%2BFirewall,"Building Advanced Firewall"
/ipv6/firewall/address-list/remove,https://help.mikrotik.com/docs/spaces/ROS/pages/328513/Building%2BAdvanced%2BFirewall,"Building Advanced Firewall"
/ipv6/firewall/address-list/reset,https://help.mikrotik.com/docs/spaces/ROS/pages/328513/Building%2BAdvanced%2BFirewall,"Building Advanced Firewall"
/ipv6/firewall/address-list/set,https://help.mikrotik.com/docs/spaces/ROS/pages/328513/Building%2BAdvanced%2BFirewall,"Building Advanced Firewall"
/ipv6/firewall/connection,https://help.mikrotik.com/docs/spaces/ROS/pages/130220087/Connection%2Btracking,"Connection tracking"
/ipv6/firewall/connection/find,https://help.mikrotik.com/docs/spaces/ROS/pages/130220087/Connection%2Btracking,"Connection tracking"
/ipv6/firewall/connection/get,https://help.mikrotik.com/docs/spaces/ROS/pages/130220087/Connection%2Btracking,"Connection tracking"
/ipv6/firewall/connection/print,https://help.mikrotik.com/docs/spaces/ROS/pages/130220087/Connection%2Btracking,"Connection tracking"
/ipv6/firewall/connection/remove,https://help.mikrotik.com/docs/spaces/ROS/pages/130220087/Connection%2Btracking,"Connection tracking"
/ipv6/firewall/export,https://help.mikrotik.com/docs/spaces/ROS/pages/328513/Building%2BAdvanced%2BFirewall,"Building Advanced Firewall"
/ipv6/firewall/filter,https://help.mikrotik.com/docs/spaces/ROS/pages/328513/Building%2BAdvanced%2BFirewall,"Building Advanced Firewall"
/ipv6/firewall/filter/add,https://help.mikrotik.com/docs/spaces/ROS/pages/328513/Building%2BAdvanced%2BFirewall,"Building Advanced Firewall"
/ipv6/firewall/filter/comment,https://help.mikrotik.com/docs/spaces/ROS/pages/328513/Building%2BAdvanced%2BFirewall,"Building Advanced Firewall"
/ipv6/firewall/filter/disable,https://help.mikrotik.com/docs/spaces/ROS/pages/328513/Building%2BAdvanced%2BFirewall,"Building Advanced Firewall"
/ipv6/firewall/filter/edit,https://help.mikrotik.com/docs/spaces/ROS/pages/328513/Building%2BAdvanced%2BFirewall,"Building Advanced Firewall"
/ipv6/firewall/filter/enable,https://help.mikrotik.com/docs/spaces/ROS/pages/328513/Building%2BAdvanced%2BFirewall,"Building Advanced Firewall"
/ipv6/firewall/filter/export,https://help.mikrotik.com/docs/spaces/ROS/pages/328513/Building%2BAdvanced%2BFirewall,"Building Advanced Firewall"
/ipv6/firewall/filter/find,https://help.mikrotik.com/docs/spaces/ROS/pages/328513/Building%2BAdvanced%2BFirewall,"Building Advanced Firewall"
/ipv6/firewall/filter/get,https://help.mikrotik.com/docs/spaces/ROS/pages/328513/Building%2BAdvanced%2BFirewall,"Building Advanced Firewall"
/ipv6/firewall/filter/move,https://help.mikrotik.com/docs/spaces/ROS/pages/328513/Building%2BAdvanced%2BFirewall,"Building Advanced Firewall"
/ipv6/firewall/filter/print,https://help.mikrotik.com/docs/spaces/ROS/pages/328513/Building%2BAdvanced%2BFirewall,"Building Advanced Firewall"
/ipv6/firewall/filter/remove,https://help.mikrotik.com/docs/spaces/ROS/pages/328513/Building%2BAdvanced%2BFirewall,"Building Advanced Firewall"
/ipv6/firewall/filter/reset,https://help.mikrotik.com/docs/spaces/ROS/pages/328513/Building%2BAdvanced%2BFirewall,"Building Advanced Firewall"
/ipv6/firewall/filter/reset-counters,https://help.mikrotik.com/docs/spaces/ROS/pages/328513/Building%2BAdvanced%2BFirewall,"Building Advanced Firewall"
/ipv6/firewall/filter/reset-counters-all,https://help.mikrotik.com/docs/spaces/ROS/pages/328513/Building%2BAdvanced%2BFirewall,"Building Advanced Firewall"
/ipv6/firewall/filter/set,https://help.mikrotik.com/docs/spaces/ROS/pages/328513/Building%2BAdvanced%2BFirewall,"Building Advanced Firewall"
/ipv6/firewall/filter/unset,https://help.mikrotik.com/docs/spaces/ROS/pages/328513/Building%2BAdvanced%2BFirewall,"Building Advanced Firewall"
/ipv6/firewall/mangle,https://help.mikrotik.com/docs/spaces/ROS/pages/30146563/LTE%2F5G,LTE/5G
/ipv6/firewall/mangle/add,https://help.mikrotik.com/docs/spaces/ROS/pages/30146563/LTE%2F5G,LTE/5G
/ipv6/firewall/mangle/comment,https://help.mikrotik.com/docs/spaces/ROS/pages/30146563/LTE%2F5G,LTE/5G
/ipv6/firewall/mangle/disable,https://help.mikrotik.com/docs/spaces/ROS/pages/30146563/LTE%2F5G,LTE/5G
/ipv6/firewall/mangle/edit,https://help.mikrotik.com/docs/spaces/ROS/pages/30146563/LTE%2F5G,LTE/5G
/ipv6/firewall/mangle/enable,https://help.mikrotik.com/docs/spaces/ROS/pages/30146563/LTE%2F5G,LTE/5G
/ipv6/firewall/mangle/export,https://help.mikrotik.com/docs/spaces/ROS/pages/30146563/LTE%2F5G,LTE/5G
/ipv6/firewall/mangle/find,https://help.mikrotik.com/docs/spaces/ROS/pages/30146563/LTE%2F5G,LTE/5G
/ipv6/firewall/mangle/get,https://help.mikrotik.com/docs/spaces/ROS/pages/30146563/LTE%2F5G,LTE/5G
/ipv6/firewall/mangle/move,https://help.mikrotik.com/docs/spaces/ROS/pages/30146563/LTE%2F5G,LTE/5G
/ipv6/firewall/mangle/print,https://help.mikrotik.com/docs/spaces/ROS/pages/30146563/LTE%2F5G,LTE/5G
/ipv6/firewall/mangle/remove,https://help.mikrotik.com/docs/spaces/ROS/pages/30146563/LTE%2F5G,LTE/5G
/ipv6/firewall/mangle/reset,https://help.mikrotik.com/docs/spaces/ROS/pages/30146563/LTE%2F5G,LTE/5G
/ipv6/firewall/mangle/reset-counters,https://help.mikrotik.com/docs/spaces/ROS/pages/30146563/LTE%2F5G,LTE/5G
/ipv6/firewall/mangle/reset-counters-all,https://help.mikrotik.com/docs/spaces/ROS/pages/30146563/LTE%2F5G,LTE/5G
/ipv6/firewall/mangle/set,https://help.mikrotik.com/docs/spaces/ROS/pages/30146563/LTE%2F5G,LTE/5G
/ipv6/firewall/mangle/unset,https://help.mikrotik.com/docs/spaces/ROS/pages/30146563/LTE%2F5G,LTE/5G
/ipv6/firewall/nat,https://help.mikrotik.com/docs/spaces/ROS/pages/84901929/Container,Container
/ipv6/firewall/nat/add,https://help.mikrotik.com/docs/spaces/ROS/pages/84901929/Container,Container
/ipv6/firewall/nat/comment,https://help.mikrotik.com/docs/spaces/ROS/pages/84901929/Container,Container
/ipv6/firewall/nat/disable,https://help.mikrotik.com/docs/spaces/ROS/pages/84901929/Container,Container
/ipv6/firewall/nat/edit,https://help.mikrotik.com/docs/spaces/ROS/pages/84901929/Container,Container
/ipv6/firewall/nat/enable,https://help.mikrotik.com/docs/spaces/ROS/pages/84901929/Container,Container
/ipv6/firewall/nat/export,https://help.mikrotik.com/docs/spaces/ROS/pages/84901929/Container,Container
/ipv6/firewall/nat/find,https://help.mikrotik.com/docs/spaces/ROS/pages/84901929/Container,Container
/ipv6/firewall/nat/get,https://help.mikrotik.com/docs/spaces/ROS/pages/84901929/Container,Container
/ipv6/firewall/nat/move,https://help.mikrotik.com/docs/spaces/ROS/pages/84901929/Container,Container
/ipv6/firewall/nat/print,https://help.mikrotik.com/docs/spaces/ROS/pages/84901929/Container,Container
/ipv6/firewall/nat/remove,https://help.mikrotik.com/docs/spaces/ROS/pages/84901929/Container,Container
/ipv6/firewall/nat/reset,https://help.mikrotik.com/docs/spaces/ROS/pages/84901929/Container,Container
/ipv6/firewall/nat/reset-counters,https://help.mikrotik.com/docs/spaces/ROS/pages/84901929/Container,Container
/ipv6/firewall/nat/reset-counters-all,https://help.mikrotik.com/docs/spaces/ROS/pages/84901929/Container,Container
/ipv6/firewall/nat/set,https://help.mikrotik.com/docs/spaces/ROS/pages/84901929/Container,Container
/ipv6/firewall/nat/unset,https://help.mikrotik.com/docs/spaces/ROS/pages/84901929/Container,Container
/ipv6/firewall/raw,https://help.mikrotik.com/docs/spaces/ROS/pages/328513/Building%2BAdvanced%2BFirewall,"Building Advanced Firewall"
/ipv6/firewall/raw/add,https://help.mikrotik.com/docs/spaces/ROS/pages/328513/Building%2BAdvanced%2BFirewall,"Building Advanced Firewall"
/ipv6/firewall/raw/comment,https://help.mikrotik.com/docs/spaces/ROS/pages/328513/Building%2BAdvanced%2BFirewall,"Building Advanced Firewall"
/ipv6/firewall/raw/disable,https://help.mikrotik.com/docs/spaces/ROS/pages/328513/Building%2BAdvanced%2BFirewall,"Building Advanced Firewall"
/ipv6/firewall/raw/edit,https://help.mikrotik.com/docs/spaces/ROS/pages/328513/Building%2BAdvanced%2BFirewall,"Building Advanced Firewall"
/ipv6/firewall/raw/enable,https://help.mikrotik.com/docs/spaces/ROS/pages/328513/Building%2BAdvanced%2BFirewall,"Building Advanced Firewall"
/ipv6/firewall/raw/export,https://help.mikrotik.com/docs/spaces/ROS/pages/328513/Building%2BAdvanced%2BFirewall,"Building Advanced Firewall"
/ipv6/firewall/raw/find,https://help.mikrotik.com/docs/spaces/ROS/pages/328513/Building%2BAdvanced%2BFirewall,"Building Advanced Firewall"
/ipv6/firewall/raw/get,https://help.mikrotik.com/docs/spaces/ROS/pages/328513/Building%2BAdvanced%2BFirewall,"Building Advanced Firewall"
/ipv6/firewall/raw/move,https://help.mikrotik.com/docs/spaces/ROS/pages/328513/Building%2BAdvanced%2BFirewall,"Building Advanced Firewall"
/ipv6/firewall/raw/print,https://help.mikrotik.com/docs/spaces/ROS/pages/328513/Building%2BAdvanced%2BFirewall,"Building Advanced Firewall"
/ipv6/firewall/raw/remove,https://help.mikrotik.com/docs/spaces/ROS/pages/328513/Building%2BAdvanced%2BFirewall,"Building Advanced Firewall"
/ipv6/firewall/raw/reset,https://help.mikrotik.com/docs/spaces/ROS/pages/328513/Building%2BAdvanced%2BFirewall,"Building Advanced Firewall"
/ipv6/firewall/raw/reset-counters,https://help.mikrotik.com/docs/spaces/ROS/pages/328513/Building%2BAdvanced%2BFirewall,"Building Advanced Firewall"
/ipv6/firewall/raw/reset-counters-all,https://help.mikrotik.com/docs/spaces/ROS/pages/328513/Building%2BAdvanced%2BFirewall,"Building Advanced Firewall"
/ipv6/firewall/raw/set,https://help.mikrotik.com/docs/spaces/ROS/pages/328513/Building%2BAdvanced%2BFirewall,"Building Advanced Firewall"
/ipv6/firewall/raw/unset,https://help.mikrotik.com/docs/spaces/ROS/pages/328513/Building%2BAdvanced%2BFirewall,"Building Advanced Firewall"
/ipv6/nd,https://help.mikrotik.com/docs/spaces/ROS/pages/24805500/DHCP,DHCP
/ipv6/nd/add,https://help.mikrotik.com/docs/spaces/ROS/pages/24805500/DHCP,DHCP
/ipv6/nd/comment,https://help.mikrotik.com/docs/spaces/ROS/pages/24805500/DHCP,DHCP
/ipv6/nd/disable,https://help.mikrotik.com/docs/spaces/ROS/pages/24805500/DHCP,DHCP
/ipv6/nd/edit,https://help.mikrotik.com/docs/spaces/ROS/pages/24805500/DHCP,DHCP
/ipv6/nd/enable,https://help.mikrotik.com/docs/spaces/ROS/pages/24805500/DHCP,DHCP
/ipv6/nd/export,https://help.mikrotik.com/docs/spaces/ROS/pages/24805500/DHCP,DHCP
/ipv6/nd/find,https://help.mikrotik.com/docs/spaces/ROS/pages/24805500/DHCP,DHCP
/ipv6/nd/get,https://help.mikrotik.com/docs/spaces/ROS/pages/24805500/DHCP,DHCP
/ipv6/nd/prefix,https://help.mikrotik.com/docs/spaces/ROS/pages/24805500/DHCP,DHCP
/ipv6/nd/prefix/add,https://help.mikrotik.com/docs/spaces/ROS/pages/24805500/DHCP,DHCP
/ipv6/nd/prefix/comment,https://help.mikrotik.com/docs/spaces/ROS/pages/24805500/DHCP,DHCP
/ipv6/nd/prefix/default,https://help.mikrotik.com/docs/spaces/ROS/pages/24805500/DHCP,DHCP
/ipv6/nd/prefix/disable,https://help.mikrotik.com/docs/spaces/ROS/pages/24805500/DHCP,DHCP
/ipv6/nd/prefix/edit,https://help.mikrotik.com/docs/spaces/ROS/pages/24805500/DHCP,DHCP
/ipv6/nd/prefix/enable,https://help.mikrotik.com/docs/spaces/ROS/pages/24805500/DHCP,DHCP
/ipv6/nd/prefix/export,https://help.mikrotik.com/docs/spaces/ROS/pages/24805500/DHCP,DHCP
/ipv6/nd/prefix/find,https://help.mikrotik.com/docs/spaces/ROS/pages/24805500/DHCP,DHCP
/ipv6/nd/prefix/get,https://help.mikrotik.com/docs/spaces/ROS/pages/24805500/DHCP,DHCP
/ipv6/nd/prefix/print,https://help.mikrotik.com/docs/spaces/ROS/pages/24805500/DHCP,DHCP
/ipv6/nd/prefix/remove,https://help.mikrotik.com/docs/spaces/ROS/pages/24805500/DHCP,DHCP
/ipv6/nd/prefix/reset,https://help.mikrotik.com/docs/spaces/ROS/pages/24805500/DHCP,DHCP
/ipv6/nd/prefix/set,https://help.mikrotik.com/docs/spaces/ROS/pages/24805500/DHCP,DHCP
/ipv6/nd/print,https://help.mikrotik.com/docs/spaces/ROS/pages/24805500/DHCP,DHCP
/ipv6/nd/proxy,https://help.mikrotik.com/docs/spaces/ROS/pages/24805500/DHCP,DHCP
/ipv6/nd/remove,https://help.mikrotik.com/docs/spaces/ROS/pages/24805500/DHCP,DHCP
/ipv6/nd/reset,https://help.mikrotik.com/docs/spaces/ROS/pages/24805500/DHCP,DHCP
/ipv6/nd/set,https://help.mikrotik.com/docs/spaces/ROS/pages/24805500/DHCP,DHCP
/ipv6/neighbor,https://help.mikrotik.com/docs/spaces/ROS/pages/328206/Virtual%2BRouting%2Band%2BForwarding%2B-%2BVRF,"Virtual Routing and Forwarding - VRF"
/ipv6/pool,https://help.mikrotik.com/docs/spaces/ROS/pages/24805500/DHCP,DHCP
/ipv6/pool/add,https://help.mikrotik.com/docs/spaces/ROS/pages/24805500/DHCP,DHCP
/ipv6/pool/comment,https://help.mikrotik.com/docs/spaces/ROS/pages/24805500/DHCP,DHCP
/ipv6/pool/edit,https://help.mikrotik.com/docs/spaces/ROS/pages/24805500/DHCP,DHCP
/ipv6/pool/export,https://help.mikrotik.com/docs/spaces/ROS/pages/24805500/DHCP,DHCP
/ipv6/pool/find,https://help.mikrotik.com/docs/spaces/ROS/pages/24805500/DHCP,DHCP
/ipv6/pool/get,https://help.mikrotik.com/docs/spaces/ROS/pages/24805500/DHCP,DHCP
/ipv6/pool/print,https://help.mikrotik.com/docs/spaces/ROS/pages/24805500/DHCP,DHCP
/ipv6/pool/remove,https://help.mikrotik.com/docs/spaces/ROS/pages/24805500/DHCP,DHCP
/ipv6/pool/reset,https://help.mikrotik.com/docs/spaces/ROS/pages/24805500/DHCP,DHCP
/ipv6/pool/set,https://help.mikrotik.com/docs/spaces/ROS/pages/24805500/DHCP,DHCP
/ipv6/pool/used,https://help.mikrotik.com/docs/spaces/ROS/pages/24805500/DHCP,DHCP
/ipv6/pool/used/find,https://help.mikrotik.com/docs/spaces/ROS/pages/24805500/DHCP,DHCP
/ipv6/pool/used/get,https://help.mikrotik.com/docs/spaces/ROS/pages/24805500/DHCP,DHCP
/ipv6/pool/used/print,https://help.mikrotik.com/docs/spaces/ROS/pages/24805500/DHCP,DHCP
/ipv6/recursive-print,https://help.mikrotik.com/docs/spaces/ROS/pages/328206/Virtual%2BRouting%2Band%2BForwarding%2B-%2BVRF,"Virtual Routing and Forwarding - VRF"
/ipv6/route,https://help.mikrotik.com/docs/spaces/ROS/pages/24805500/DHCP,DHCP
/ipv6/route/add,https://help.mikrotik.com/docs/spaces/ROS/pages/24805500/DHCP,DHCP
/ipv6/route/comment,https://help.mikrotik.com/docs/spaces/ROS/pages/24805500/DHCP,DHCP
/ipv6/route/disable,https://help.mikrotik.com/docs/spaces/ROS/pages/24805500/DHCP,DHCP
/ipv6/route/edit,https://help.mikrotik.com/docs/spaces/ROS/pages/24805500/DHCP,DHCP
/ipv6/route/enable,https://help.mikrotik.com/docs/spaces/ROS/pages/24805500/DHCP,DHCP
/ipv6/route/export,https://help.mikrotik.com/docs/spaces/ROS/pages/24805500/DHCP,DHCP
/ipv6/route/find,https://help.mikrotik.com/docs/spaces/ROS/pages/24805500/DHCP,DHCP
/ipv6/route/get,https://help.mikrotik.com/docs/spaces/ROS/pages/24805500/DHCP,DHCP
/ipv6/route/print,https://help.mikrotik.com/docs/spaces/ROS/pages/24805500/DHCP,DHCP
/ipv6/route/remove,https://help.mikrotik.com/docs/spaces/ROS/pages/24805500/DHCP,DHCP
/ipv6/route/reset,https://help.mikrotik.com/docs/spaces/ROS/pages/24805500/DHCP,DHCP
/ipv6/route/set,https://help.mikrotik.com/docs/spaces/ROS/pages/24805500/DHCP,DHCP
/ipv6/route/unset,https://help.mikrotik.com/docs/spaces/ROS/pages/24805500/DHCP,DHCP
/ipv6/settings,https://help.mikrotik.com/docs/spaces/ROS/pages/328206/Virtual%2BRouting%2Band%2BForwarding%2B-%2BVRF,"Virtual Routing and Forwarding - VRF"
/log,https://help.mikrotik.com/docs/spaces/ROS/pages/328094/Log,Log
/log/debug,https://help.mikrotik.com/docs/spaces/ROS/pages/328094/Log,Log
/log/error,https://help.mikrotik.com/docs/spaces/ROS/pages/328094/Log,Log
/log/find,https://help.mikrotik.com/docs/spaces/ROS/pages/328094/Log,Log
/log/get,https://help.mikrotik.com/docs/spaces/ROS/pages/328094/Log,Log
/log/info,https://help.mikrotik.com/docs/spaces/ROS/pages/328094/Log,Log
/log/print,https://help.mikrotik.com/docs/spaces/ROS/pages/328094/Log,Log
/log/warning,https://help.mikrotik.com/docs/spaces/ROS/pages/328094/Log,Log
/mpls,https://help.mikrotik.com/docs/spaces/ROS/pages/328206/Virtual%2BRouting%2Band%2BForwarding%2B-%2BVRF,"Virtual Routing and Forwarding - VRF"
/mpls/export,https://help.mikrotik.com/docs/spaces/ROS/pages/328206/Virtual%2BRouting%2Band%2BForwarding%2B-%2BVRF,"Virtual Routing and Forwarding - VRF"
/mpls/forwarding-table,https://help.mikrotik.com/docs/spaces/ROS/pages/328227/Packet%2BFlow%2Bin%2BRouterOS,"Packet Flow in RouterOS"
/mpls/forwarding-table/find,https://help.mikrotik.com/docs/spaces/ROS/pages/328227/Packet%2BFlow%2Bin%2BRouterOS,"Packet Flow in RouterOS"
/mpls/forwarding-table/get,https://help.mikrotik.com/docs/spaces/ROS/pages/328227/Packet%2BFlow%2Bin%2BRouterOS,"Packet Flow in RouterOS"
/mpls/forwarding-table/print,https://help.mikrotik.com/docs/spaces/ROS/pages/328227/Packet%2BFlow%2Bin%2BRouterOS,"Packet Flow in RouterOS"
/mpls/interface,https://help.mikrotik.com/docs/spaces/ROS/pages/128974876/MPLS%2BMTU%2C%2BForwarding%2Band%2BLabel%2BBindings,"MPLS MTU, Forwarding and Label Bindings"
/mpls/interface/add,https://help.mikrotik.com/docs/spaces/ROS/pages/128974876/MPLS%2BMTU%2C%2BForwarding%2Band%2BLabel%2BBindings,"MPLS MTU, Forwarding and Label Bindings"
/mpls/interface/comment,https://help.mikrotik.com/docs/spaces/ROS/pages/128974876/MPLS%2BMTU%2C%2BForwarding%2Band%2BLabel%2BBindings,"MPLS MTU, Forwarding and Label Bindings"
/mpls/interface/disable,https://help.mikrotik.com/docs/spaces/ROS/pages/128974876/MPLS%2BMTU%2C%2BForwarding%2Band%2BLabel%2BBindings,"MPLS MTU, Forwarding and Label Bindings"
/mpls/interface/edit,https://help.mikrotik.com/docs/spaces/ROS/pages/128974876/MPLS%2BMTU%2C%2BForwarding%2Band%2BLabel%2BBindings,"MPLS MTU, Forwarding and Label Bindings"
/mpls/interface/enable,https://help.mikrotik.com/docs/spaces/ROS/pages/128974876/MPLS%2BMTU%2C%2BForwarding%2Band%2BLabel%2BBindings,"MPLS MTU, Forwarding and Label Bindings"
/mpls/interface/export,https://help.mikrotik.com/docs/spaces/ROS/pages/128974876/MPLS%2BMTU%2C%2BForwarding%2Band%2BLabel%2BBindings,"MPLS MTU, Forwarding and Label Bindings"
/mpls/interface/find,https://help.mikrotik.com/docs/spaces/ROS/pages/128974876/MPLS%2BMTU%2C%2BForwarding%2Band%2BLabel%2BBindings,"MPLS MTU, Forwarding and Label Bindings"
/mpls/interface/get,https://help.mikrotik.com/docs/spaces/ROS/pages/128974876/MPLS%2BMTU%2C%2BForwarding%2Band%2BLabel%2BBindings,"MPLS MTU, Forwarding and Label Bindings"
/mpls/interface/move,https://help.mikrotik.com/docs/spaces/ROS/pages/128974876/MPLS%2BMTU%2C%2BForwarding%2Band%2BLabel%2BBindings,"MPLS MTU, Forwarding and Label Bindings"
/mpls/interface/print,https://help.mikrotik.com/docs/spaces/ROS/pages/128974876/MPLS%2BMTU%2C%2BForwarding%2Band%2BLabel%2BBindings,"MPLS MTU, Forwarding and Label Bindings"
/mpls/interface/remove,https://help.mikrotik.com/docs/spaces/ROS/pages/128974876/MPLS%2BMTU%2C%2BForwarding%2Band%2BLabel%2BBindings,"MPLS MTU, Forwarding and Label Bindings"
/mpls/interface/reset,https://help.mikrotik.com/docs/spaces/ROS/pages/128974876/MPLS%2BMTU%2C%2BForwarding%2Band%2BLabel%2BBindings,"MPLS MTU, Forwarding and Label Bindings"
/mpls/interface/set,https://help.mikrotik.com/docs/spaces/ROS/pages/128974876/MPLS%2BMTU%2C%2BForwarding%2Band%2BLabel%2BBindings,"MPLS MTU, Forwarding and Label Bindings"
/mpls/interface/unset,https://help.mikrotik.com/docs/spaces/ROS/pages/128974876/MPLS%2BMTU%2C%2BForwarding%2Band%2BLabel%2BBindings,"MPLS MTU, Forwarding and Label Bindings"
/mpls/ldp,https://help.mikrotik.com/docs/spaces/ROS/pages/328206/Virtual%2BRouting%2Band%2BForwarding%2B-%2BVRF,"Virtual Routing and Forwarding - VRF"
/mpls/ldp/accept-filter,https://help.mikrotik.com/docs/spaces/ROS/pages/328206/Virtual%2BRouting%2Band%2BForwarding%2B-%2BVRF,"Virtual Routing and Forwarding - VRF"
/mpls/ldp/add,https://help.mikrotik.com/docs/spaces/ROS/pages/328206/Virtual%2BRouting%2Band%2BForwarding%2B-%2BVRF,"Virtual Routing and Forwarding - VRF"
/mpls/ldp/advertise-filter,https://help.mikrotik.com/docs/spaces/ROS/pages/121995275/LDP,LDP
/mpls/ldp/advertise-filter/add,https://help.mikrotik.com/docs/spaces/ROS/pages/121995275/LDP,LDP
/mpls/ldp/advertise-filter/comment,https://help.mikrotik.com/docs/spaces/ROS/pages/121995275/LDP,LDP
/mpls/ldp/advertise-filter/disable,https://help.mikrotik.com/docs/spaces/ROS/pages/121995275/LDP,LDP
/mpls/ldp/advertise-filter/edit,https://help.mikrotik.com/docs/spaces/ROS/pages/121995275/LDP,LDP
/mpls/ldp/advertise-filter/enable,https://help.mikrotik.com/docs/spaces/ROS/pages/121995275/LDP,LDP
/mpls/ldp/advertise-filter/export,https://help.mikrotik.com/docs/spaces/ROS/pages/121995275/LDP,LDP
/mpls/ldp/advertise-filter/find,https://help.mikrotik.com/docs/spaces/ROS/pages/121995275/LDP,LDP
/mpls/ldp/advertise-filter/get,https://help.mikrotik.com/docs/spaces/ROS/pages/121995275/LDP,LDP
/mpls/ldp/advertise-filter/move,https://help.mikrotik.com/docs/spaces/ROS/pages/121995275/LDP,LDP
/mpls/ldp/advertise-filter/print,https://help.mikrotik.com/docs/spaces/ROS/pages/121995275/LDP,LDP
/mpls/ldp/advertise-filter/remove,https://help.mikrotik.com/docs/spaces/ROS/pages/121995275/LDP,LDP
/mpls/ldp/advertise-filter/reset,https://help.mikrotik.com/docs/spaces/ROS/pages/121995275/LDP,LDP
/mpls/ldp/advertise-filter/set,https://help.mikrotik.com/docs/spaces/ROS/pages/121995275/LDP,LDP
/mpls/ldp/advertise-filter/unset,https://help.mikrotik.com/docs/spaces/ROS/pages/121995275/LDP,LDP
/mpls/ldp/comment,https://help.mikrotik.com/docs/spaces/ROS/pages/328206/Virtual%2BRouting%2Band%2BForwarding%2B-%2BVRF,"Virtual Routing and Forwarding - VRF"
/mpls/ldp/disable,https://help.mikrotik.com/docs/spaces/ROS/pages/328206/Virtual%2BRouting%2Band%2BForwarding%2B-%2BVRF,"Virtual Routing and Forwarding - VRF"
/mpls/ldp/edit,https://help.mikrotik.com/docs/spaces/ROS/pages/328206/Virtual%2BRouting%2Band%2BForwarding%2B-%2BVRF,"Virtual Routing and Forwarding - VRF"
/mpls/ldp/enable,https://help.mikrotik.com/docs/spaces/ROS/pages/328206/Virtual%2BRouting%2Band%2BForwarding%2B-%2BVRF,"Virtual Routing and Forwarding - VRF"
/mpls/ldp/export,https://help.mikrotik.com/docs/spaces/ROS/pages/328206/Virtual%2BRouting%2Band%2BForwarding%2B-%2BVRF,"Virtual Routing and Forwarding - VRF"
/mpls/ldp/find,https://help.mikrotik.com/docs/spaces/ROS/pages/328206/Virtual%2BRouting%2Band%2BForwarding%2B-%2BVRF,"Virtual Routing and Forwarding - VRF"
/mpls/ldp/get,https://help.mikrotik.com/docs/spaces/ROS/pages/328206/Virtual%2BRouting%2Band%2BForwarding%2B-%2BVRF,"Virtual Routing and Forwarding - VRF"
/mpls/ldp/interface,https://help.mikrotik.com/docs/spaces/ROS/pages/328206/Virtual%2BRouting%2Band%2BForwarding%2B-%2BVRF,"Virtual Routing and Forwarding - VRF"
/mpls/ldp/interface/add,https://help.mikrotik.com/docs/spaces/ROS/pages/328206/Virtual%2BRouting%2Band%2BForwarding%2B-%2BVRF,"Virtual Routing and Forwarding - VRF"
/mpls/ldp/interface/comment,https://help.mikrotik.com/docs/spaces/ROS/pages/328206/Virtual%2BRouting%2Band%2BForwarding%2B-%2BVRF,"Virtual Routing and Forwarding - VRF"
/mpls/ldp/interface/disable,https://help.mikrotik.com/docs/spaces/ROS/pages/328206/Virtual%2BRouting%2Band%2BForwarding%2B-%2BVRF,"Virtual Routing and Forwarding - VRF"
/mpls/ldp/interface/edit,https://help.mikrotik.com/docs/spaces/ROS/pages/328206/Virtual%2BRouting%2Band%2BForwarding%2B-%2BVRF,"Virtual Routing and Forwarding - VRF"
/mpls/ldp/interface/enable,https://help.mikrotik.com/docs/spaces/ROS/pages/328206/Virtual%2BRouting%2Band%2BForwarding%2B-%2BVRF,"Virtual Routing and Forwarding - VRF"
/mpls/ldp/interface/export,https://help.mikrotik.com/docs/spaces/ROS/pages/328206/Virtual%2BRouting%2Band%2BForwarding%2B-%2BVRF,"Virtual Routing and Forwarding - VRF"
/mpls/ldp/interface/find,https://help.mikrotik.com/docs/spaces/ROS/pages/328206/Virtual%2BRouting%2Band%2BForwarding%2B-%2BVRF,"Virtual Routing and Forwarding - VRF"
/mpls/ldp/interface/get,https://help.mikrotik.com/docs/spaces/ROS/pages/328206/Virtual%2BRouting%2Band%2BForwarding%2B-%2BVRF,"Virtual Routing and Forwarding - VRF"
/mpls/ldp/interface/print,https://help.mikrotik.com/docs/spaces/ROS/pages/328206/Virtual%2BRouting%2Band%2BForwarding%2B-%2BVRF,"Virtual Routing and Forwarding - VRF"
/mpls/ldp/interface/remove,https://help.mikrotik.com/docs/spaces/ROS/pages/328206/Virtual%2BRouting%2Band%2BForwarding%2B-%2BVRF,"Virtual Routing and Forwarding - VRF"
/mpls/ldp/interface/reset,https://help.mikrotik.com/docs/spaces/ROS/pages/328206/Virtual%2BRouting%2Band%2BForwarding%2B-%2BVRF,"Virtual Routing and Forwarding - VRF"
/mpls/ldp/interface/set,https://help.mikrotik.com/docs/spaces/ROS/pages/328206/Virtual%2BRouting%2Band%2BForwarding%2B-%2BVRF,"Virtual Routing and Forwarding - VRF"
/mpls/ldp/interface/unset,https://help.mikrotik.com/docs/spaces/ROS/pages/328206/Virtual%2BRouting%2Band%2BForwarding%2B-%2BVRF,"Virtual Routing and Forwarding - VRF"
/mpls/ldp/local-mapping,https://help.mikrotik.com/docs/spaces/ROS/pages/121995275/LDP,LDP
/mpls/ldp/local-mapping/add,https://help.mikrotik.com/docs/spaces/ROS/pages/121995275/LDP,LDP
/mpls/ldp/local-mapping/comment,https://help.mikrotik.com/docs/spaces/ROS/pages/121995275/LDP,LDP
/mpls/ldp/local-mapping/disable,https://help.mikrotik.com/docs/spaces/ROS/pages/121995275/LDP,LDP
/mpls/ldp/local-mapping/edit,https://help.mikrotik.com/docs/spaces/ROS/pages/121995275/LDP,LDP
/mpls/ldp/local-mapping/enable,https://help.mikrotik.com/docs/spaces/ROS/pages/121995275/LDP,LDP
/mpls/ldp/local-mapping/export,https://help.mikrotik.com/docs/spaces/ROS/pages/121995275/LDP,LDP
/mpls/ldp/local-mapping/find,https://help.mikrotik.com/docs/spaces/ROS/pages/121995275/LDP,LDP
/mpls/ldp/local-mapping/get,https://help.mikrotik.com/docs/spaces/ROS/pages/121995275/LDP,LDP
/mpls/ldp/local-mapping/print,https://help.mikrotik.com/docs/spaces/ROS/pages/121995275/LDP,LDP
/mpls/ldp/local-mapping/remove,https://help.mikrotik.com/docs/spaces/ROS/pages/121995275/LDP,LDP
/mpls/ldp/local-mapping/reset,https://help.mikrotik.com/docs/spaces/ROS/pages/121995275/LDP,LDP
/mpls/ldp/local-mapping/set,https://help.mikrotik.com/docs/spaces/ROS/pages/121995275/LDP,LDP
/mpls/ldp/local-mapping/unset,https://help.mikrotik.com/docs/spaces/ROS/pages/121995275/LDP,LDP
/mpls/ldp/neighbor,https://help.mikrotik.com/docs/spaces/ROS/pages/121995275/LDP,LDP
/mpls/ldp/neighbor/add,https://help.mikrotik.com/docs/spaces/ROS/pages/121995275/LDP,LDP
/mpls/ldp/neighbor/comment,https://help.mikrotik.com/docs/spaces/ROS/pages/121995275/LDP,LDP
/mpls/ldp/neighbor/disable,https://help.mikrotik.com/docs/spaces/ROS/pages/121995275/LDP,LDP
/mpls/ldp/neighbor/edit,https://help.mikrotik.com/docs/spaces/ROS/pages/121995275/LDP,LDP
/mpls/ldp/neighbor/enable,https://help.mikrotik.com/docs/spaces/ROS/pages/121995275/LDP,LDP
/mpls/ldp/neighbor/export,https://help.mikrotik.com/docs/spaces/ROS/pages/121995275/LDP,LDP
/mpls/ldp/neighbor/find,https://help.mikrotik.com/docs/spaces/ROS/pages/121995275/LDP,LDP
/mpls/ldp/neighbor/get,https://help.mikrotik.com/docs/spaces/ROS/pages/121995275/LDP,LDP
/mpls/ldp/neighbor/print,https://help.mikrotik.com/docs/spaces/ROS/pages/121995275/LDP,LDP
/mpls/ldp/neighbor/remove,https://help.mikrotik.com/docs/spaces/ROS/pages/121995275/LDP,LDP
/mpls/ldp/neighbor/reset,https://help.mikrotik.com/docs/spaces/ROS/pages/121995275/LDP,LDP
/mpls/ldp/neighbor/set,https://help.mikrotik.com/docs/spaces/ROS/pages/121995275/LDP,LDP
/mpls/ldp/neighbor/unset,https://help.mikrotik.com/docs/spaces/ROS/pages/121995275/LDP,LDP
/mpls/ldp/print,https://help.mikrotik.com/docs/spaces/ROS/pages/328206/Virtual%2BRouting%2Band%2BForwarding%2B-%2BVRF,"Virtual Routing and Forwarding - VRF"
/mpls/ldp/remote-mapping,https://help.mikrotik.com/docs/spaces/ROS/pages/121995275/LDP,LDP
/mpls/ldp/remote-mapping/add,https://help.mikrotik.com/docs/spaces/ROS/pages/121995275/LDP,LDP
/mpls/ldp/remote-mapping/comment,https://help.mikrotik.com/docs/spaces/ROS/pages/121995275/LDP,LDP
/mpls/ldp/remote-mapping/disable,https://help.mikrotik.com/docs/spaces/ROS/pages/121995275/LDP,LDP
/mpls/ldp/remote-mapping/edit,https://help.mikrotik.com/docs/spaces/ROS/pages/121995275/LDP,LDP
/mpls/ldp/remote-mapping/enable,https://help.mikrotik.com/docs/spaces/ROS/pages/121995275/LDP,LDP
/mpls/ldp/remote-mapping/export,https://help.mikrotik.com/docs/spaces/ROS/pages/121995275/LDP,LDP
/mpls/ldp/remote-mapping/find,https://help.mikrotik.com/docs/spaces/ROS/pages/121995275/LDP,LDP
/mpls/ldp/remote-mapping/get,https://help.mikrotik.com/docs/spaces/ROS/pages/121995275/LDP,LDP
/mpls/ldp/remote-mapping/print,https://help.mikrotik.com/docs/spaces/ROS/pages/121995275/LDP,LDP
/mpls/ldp/remote-mapping/remove,https://help.mikrotik.com/docs/spaces/ROS/pages/121995275/LDP,LDP
/mpls/ldp/remote-mapping/reset,https://help.mikrotik.com/docs/spaces/ROS/pages/121995275/LDP,LDP
/mpls/ldp/remote-mapping/set,https://help.mikrotik.com/docs/spaces/ROS/pages/121995275/LDP,LDP
/mpls/ldp/remote-mapping/unset,https://help.mikrotik.com/docs/spaces/ROS/pages/121995275/LDP,LDP
/mpls/ldp/remove,https://help.mikrotik.com/docs/spaces/ROS/pages/328206/Virtual%2BRouting%2Band%2BForwarding%2B-%2BVRF,"Virtual Routing and Forwarding - VRF"
/mpls/ldp/reset,https://help.mikrotik.com/docs/spaces/ROS/pages/328206/Virtual%2BRouting%2Band%2BForwarding%2B-%2BVRF,"Virtual Routing and Forwarding - VRF"
/mpls/ldp/set,https://help.mikrotik.com/docs/spaces/ROS/pages/328206/Virtual%2BRouting%2Band%2BForwarding%2B-%2BVRF,"Virtual Routing and Forwarding - VRF"
/mpls/ldp/unset,https://help.mikrotik.com/docs/spaces/ROS/pages/328206/Virtual%2BRouting%2Band%2BForwarding%2B-%2BVRF,"Virtual Routing and Forwarding - VRF"
/mpls/mangle,https://help.mikrotik.com/docs/spaces/ROS/pages/122388503/EXP%2Bbit%2Band%2BMPLS%2BQueuing,"EXP bit and MPLS Queuing"
/mpls/mangle/add,https://help.mikrotik.com/docs/spaces/ROS/pages/122388503/EXP%2Bbit%2Band%2BMPLS%2BQueuing,"EXP bit and MPLS Queuing"
/mpls/mangle/comment,https://help.mikrotik.com/docs/spaces/ROS/pages/122388503/EXP%2Bbit%2Band%2BMPLS%2BQueuing,"EXP bit and MPLS Queuing"
/mpls/mangle/disable,https://help.mikrotik.com/docs/spaces/ROS/pages/122388503/EXP%2Bbit%2Band%2BMPLS%2BQueuing,"EXP bit and MPLS Queuing"
/mpls/mangle/edit,https://help.mikrotik.com/docs/spaces/ROS/pages/122388503/EXP%2Bbit%2Band%2BMPLS%2BQueuing,"EXP bit and MPLS Queuing"
/mpls/mangle/enable,https://help.mikrotik.com/docs/spaces/ROS/pages/122388503/EXP%2Bbit%2Band%2BMPLS%2BQueuing,"EXP bit and MPLS Queuing"
/mpls/mangle/export,https://help.mikrotik.com/docs/spaces/ROS/pages/122388503/EXP%2Bbit%2Band%2BMPLS%2BQueuing,"EXP bit and MPLS Queuing"
/mpls/mangle/find,https://help.mikrotik.com/docs/spaces/ROS/pages/122388503/EXP%2Bbit%2Band%2BMPLS%2BQueuing,"EXP bit and MPLS Queuing"
/mpls/mangle/get,https://help.mikrotik.com/docs/spaces/ROS/pages/122388503/EXP%2Bbit%2Band%2BMPLS%2BQueuing,"EXP bit and MPLS Queuing"
/mpls/mangle/print,https://help.mikrotik.com/docs/spaces/ROS/pages/122388503/EXP%2Bbit%2Band%2BMPLS%2BQueuing,"EXP bit and MPLS Queuing"
/mpls/mangle/remove,https://help.mikrotik.com/docs/spaces/ROS/pages/122388503/EXP%2Bbit%2Band%2BMPLS%2BQueuing,"EXP bit and MPLS Queuing"
/mpls/mangle/reset,https://help.mikrotik.com/docs/spaces/ROS/pages/122388503/EXP%2Bbit%2Band%2BMPLS%2BQueuing,"EXP bit and MPLS Queuing"
/mpls/mangle/reset-counters,https://help.mikrotik.com/docs/spaces/ROS/pages/122388503/EXP%2Bbit%2Band%2BMPLS%2BQueuing,"EXP bit and MPLS Queuing"
/mpls/mangle/reset-counters-all,https://help.mikrotik.com/docs/spaces/ROS/pages/122388503/EXP%2Bbit%2Band%2BMPLS%2BQueuing,"EXP bit and MPLS Queuing"
/mpls/mangle/set,https://help.mikrotik.com/docs/spaces/ROS/pages/122388503/EXP%2Bbit%2Band%2BMPLS%2BQueuing,"EXP bit and MPLS Queuing"
/mpls/mangle/unset,https://help.mikrotik.com/docs/spaces/ROS/pages/122388503/EXP%2Bbit%2Band%2BMPLS%2BQueuing,"EXP bit and MPLS Queuing"
/mpls/settings,https://help.mikrotik.com/docs/spaces/ROS/pages/328206/Virtual%2BRouting%2Band%2BForwarding%2B-%2BVRF,"Virtual Routing and Forwarding - VRF"
/mpls/traffic-eng,https://help.mikrotik.com/docs/spaces/ROS/pages/328206/Virtual%2BRouting%2Band%2BForwarding%2B-%2BVRF,"Virtual Routing and Forwarding - VRF"
/openflow,https://help.mikrotik.com/docs/spaces/ROS/pages/295239685/Openflow,Openflow
/openflow/add,https://help.mikrotik.com/docs/spaces/ROS/pages/295239685/Openflow,Openflow
/openflow/comment,https://help.mikrotik.com/docs/spaces/ROS/pages/295239685/Openflow,Openflow
/openflow/disable,https://help.mikrotik.com/docs/spaces/ROS/pages/295239685/Openflow,Openflow
/openflow/edit,https://help.mikrotik.com/docs/spaces/ROS/pages/295239685/Openflow,Openflow
/openflow/enable,https://help.mikrotik.com/docs/spaces/ROS/pages/295239685/Openflow,Openflow
/openflow/export,https://help.mikrotik.com/docs/spaces/ROS/pages/295239685/Openflow,Openflow
/openflow/find,https://help.mikrotik.com/docs/spaces/ROS/pages/295239685/Openflow,Openflow
/openflow/flow,https://help.mikrotik.com/docs/spaces/ROS/pages/295239685/Openflow,Openflow
/openflow/flow/find,https://help.mikrotik.com/docs/spaces/ROS/pages/295239685/Openflow,Openflow
/openflow/flow/get,https://help.mikrotik.com/docs/spaces/ROS/pages/295239685/Openflow,Openflow
/openflow/flow/print,https://help.mikrotik.com/docs/spaces/ROS/pages/295239685/Openflow,Openflow
/openflow/get,https://help.mikrotik.com/docs/spaces/ROS/pages/295239685/Openflow,Openflow
/openflow/group,https://help.mikrotik.com/docs/spaces/ROS/pages/295239685/Openflow,Openflow
/openflow/meter,https://help.mikrotik.com/docs/spaces/ROS/pages/295239685/Openflow,Openflow
/openflow/port,https://help.mikrotik.com/docs/spaces/ROS/pages/295239685/Openflow,Openflow
/openflow/port/add,https://help.mikrotik.com/docs/spaces/ROS/pages/295239685/Openflow,Openflow
/openflow/port/comment,https://help.mikrotik.com/docs/spaces/ROS/pages/295239685/Openflow,Openflow
/openflow/port/disable,https://help.mikrotik.com/docs/spaces/ROS/pages/295239685/Openflow,Openflow
/openflow/port/edit,https://help.mikrotik.com/docs/spaces/ROS/pages/295239685/Openflow,Openflow
/openflow/port/enable,https://help.mikrotik.com/docs/spaces/ROS/pages/295239685/Openflow,Openflow
/openflow/port/export,https://help.mikrotik.com/docs/spaces/ROS/pages/295239685/Openflow,Openflow
/openflow/port/find,https://help.mikrotik.com/docs/spaces/ROS/pages/295239685/Openflow,Openflow
/openflow/port/get,https://help.mikrotik.com/docs/spaces/ROS/pages/295239685/Openflow,Openflow
/openflow/port/print,https://help.mikrotik.com/docs/spaces/ROS/pages/295239685/Openflow,Openflow
/openflow/port/remove,https://help.mikrotik.com/docs/spaces/ROS/pages/295239685/Openflow,Openflow
/openflow/port/reset,https://help.mikrotik.com/docs/spaces/ROS/pages/295239685/Openflow,Openflow
/openflow/port/set,https://help.mikrotik.com/docs/spaces/ROS/pages/295239685/Openflow,Openflow
/openflow/print,https://help.mikrotik.com/docs/spaces/ROS/pages/295239685/Openflow,Openflow
/openflow/remove,https://help.mikrotik.com/docs/spaces/ROS/pages/295239685/Openflow,Openflow
/openflow/reset,https://help.mikrotik.com/docs/spaces/ROS/pages/295239685/Openflow,Openflow
/openflow/set,https://help.mikrotik.com/docs/spaces/ROS/pages/295239685/Openflow,Openflow
/openflow/unset,https://help.mikrotik.com/docs/spaces/ROS/pages/295239685/Openflow,Openflow
/port,https://help.mikrotik.com/docs/spaces/ROS/pages/328139/Serial%2BConsole,"Serial Console"
/port/edit,https://help.mikrotik.com/docs/spaces/ROS/pages/328139/Serial%2BConsole,"Serial Console"
/port/export,https://help.mikrotik.com/docs/spaces/ROS/pages/328139/Serial%2BConsole,"Serial Console"
/port/find,https://help.mikrotik.com/docs/spaces/ROS/pages/328139/Serial%2BConsole,"Serial Console"
/port/get,https://help.mikrotik.com/docs/spaces/ROS/pages/328139/Serial%2BConsole,"Serial Console"
/port/print,https://help.mikrotik.com/docs/spaces/ROS/pages/328139/Serial%2BConsole,"Serial Console"
/port/remote-access,https://help.mikrotik.com/docs/spaces/ROS/pages/8978525/Ports,Ports
/port/remote-access/add,https://help.mikrotik.com/docs/spaces/ROS/pages/8978525/Ports,Ports
/port/remote-access/comment,https://help.mikrotik.com/docs/spaces/ROS/pages/8978525/Ports,Ports
/port/remote-access/disable,https://help.mikrotik.com/docs/spaces/ROS/pages/8978525/Ports,Ports
/port/remote-access/edit,https://help.mikrotik.com/docs/spaces/ROS/pages/8978525/Ports,Ports
/port/remote-access/enable,https://help.mikrotik.com/docs/spaces/ROS/pages/8978525/Ports,Ports
/port/remote-access/export,https://help.mikrotik.com/docs/spaces/ROS/pages/8978525/Ports,Ports
/port/remote-access/find,https://help.mikrotik.com/docs/spaces/ROS/pages/8978525/Ports,Ports
/port/remote-access/get,https://help.mikrotik.com/docs/spaces/ROS/pages/8978525/Ports,Ports
/port/remote-access/print,https://help.mikrotik.com/docs/spaces/ROS/pages/8978525/Ports,Ports
/port/remote-access/remove,https://help.mikrotik.com/docs/spaces/ROS/pages/8978525/Ports,Ports
/port/remote-access/reset,https://help.mikrotik.com/docs/spaces/ROS/pages/8978525/Ports,Ports
/port/remote-access/set,https://help.mikrotik.com/docs/spaces/ROS/pages/8978525/Ports,Ports
/port/remote-access/unset,https://help.mikrotik.com/docs/spaces/ROS/pages/8978525/Ports,Ports
/port/remove,https://help.mikrotik.com/docs/spaces/ROS/pages/328139/Serial%2BConsole,"Serial Console"
/port/reset,https://help.mikrotik.com/docs/spaces/ROS/pages/328139/Serial%2BConsole,"Serial Console"
/port/set,https://help.mikrotik.com/docs/spaces/ROS/pages/328139/Serial%2BConsole,"Serial Console"
/ppp,https://help.mikrotik.com/docs/spaces/ROS/pages/2031625/PPPoE,PPPoE
/ppp/aaa,https://help.mikrotik.com/docs/spaces/ROS/pages/328097/RADIUS,RADIUS
/ppp/aaa/edit,https://help.mikrotik.com/docs/spaces/ROS/pages/328097/RADIUS,RADIUS
/ppp/aaa/export,https://help.mikrotik.com/docs/spaces/ROS/pages/328097/RADIUS,RADIUS
/ppp/aaa/get,https://help.mikrotik.com/docs/spaces/ROS/pages/328097/RADIUS,RADIUS
/ppp/aaa/print,https://help.mikrotik.com/docs/spaces/ROS/pages/328097/RADIUS,RADIUS
/ppp/aaa/reset,https://help.mikrotik.com/docs/spaces/ROS/pages/328097/RADIUS,RADIUS
/ppp/aaa/set,https://help.mikrotik.com/docs/spaces/ROS/pages/328097/RADIUS,RADIUS
/ppp/active,https://help.mikrotik.com/docs/spaces/ROS/pages/9863181/LAC%2Band%2BLNS%2Bsetup%2Bwith%2BCisco%2Bas%2BLAC,"LAC and LNS setup with Cisco as LAC"
/ppp/active/find,https://help.mikrotik.com/docs/spaces/ROS/pages/9863181/LAC%2Band%2BLNS%2Bsetup%2Bwith%2BCisco%2Bas%2BLAC,"LAC and LNS setup with Cisco as LAC"
/ppp/active/get,https://help.mikrotik.com/docs/spaces/ROS/pages/9863181/LAC%2Band%2BLNS%2Bsetup%2Bwith%2BCisco%2Bas%2BLAC,"LAC and LNS setup with Cisco as LAC"
/ppp/active/print,https://help.mikrotik.com/docs/spaces/ROS/pages/9863181/LAC%2Band%2BLNS%2Bsetup%2Bwith%2BCisco%2Bas%2BLAC,"LAC and LNS setup with Cisco as LAC"
/ppp/active/remove,https://help.mikrotik.com/docs/spaces/ROS/pages/9863181/LAC%2Band%2BLNS%2Bsetup%2Bwith%2BCisco%2Bas%2BLAC,"LAC and LNS setup with Cisco as LAC"
/ppp/active/reset,https://help.mikrotik.com/docs/spaces/ROS/pages/9863181/LAC%2Band%2BLNS%2Bsetup%2Bwith%2BCisco%2Bas%2BLAC,"LAC and LNS setup with Cisco as LAC"
/ppp/export,https://help.mikrotik.com/docs/spaces/ROS/pages/2031625/PPPoE,PPPoE
/ppp/l2tp-secret,https://help.mikrotik.com/docs/spaces/ROS/pages/9863181/LAC%2Band%2BLNS%2Bsetup%2Bwith%2BCisco%2Bas%2BLAC,"LAC and LNS setup with Cisco as LAC"
/ppp/l2tp-secret/add,https://help.mikrotik.com/docs/spaces/ROS/pages/9863181/LAC%2Band%2BLNS%2Bsetup%2Bwith%2BCisco%2Bas%2BLAC,"LAC and LNS setup with Cisco as LAC"
/ppp/l2tp-secret/comment,https://help.mikrotik.com/docs/spaces/ROS/pages/9863181/LAC%2Band%2BLNS%2Bsetup%2Bwith%2BCisco%2Bas%2BLAC,"LAC and LNS setup with Cisco as LAC"
/ppp/l2tp-secret/edit,https://help.mikrotik.com/docs/spaces/ROS/pages/9863181/LAC%2Band%2BLNS%2Bsetup%2Bwith%2BCisco%2Bas%2BLAC,"LAC and LNS setup with Cisco as LAC"
/ppp/l2tp-secret/export,https://help.mikrotik.com/docs/spaces/ROS/pages/9863181/LAC%2Band%2BLNS%2Bsetup%2Bwith%2BCisco%2Bas%2BLAC,"LAC and LNS setup with Cisco as LAC"
/ppp/l2tp-secret/find,https://help.mikrotik.com/docs/spaces/ROS/pages/9863181/LAC%2Band%2BLNS%2Bsetup%2Bwith%2BCisco%2Bas%2BLAC,"LAC and LNS setup with Cisco as LAC"
/ppp/l2tp-secret/get,https://help.mikrotik.com/docs/spaces/ROS/pages/9863181/LAC%2Band%2BLNS%2Bsetup%2Bwith%2BCisco%2Bas%2BLAC,"LAC and LNS setup with Cisco as LAC"
/ppp/l2tp-secret/print,https://help.mikrotik.com/docs/spaces/ROS/pages/9863181/LAC%2Band%2BLNS%2Bsetup%2Bwith%2BCisco%2Bas%2BLAC,"LAC and LNS setup with Cisco as LAC"
/ppp/l2tp-secret/remove,https://help.mikrotik.com/docs/spaces/ROS/pages/9863181/LAC%2Band%2BLNS%2Bsetup%2Bwith%2BCisco%2Bas%2BLAC,"LAC and LNS setup with Cisco as LAC"
/ppp/l2tp-secret/reset,https://help.mikrotik.com/docs/spaces/ROS/pages/9863181/LAC%2Band%2BLNS%2Bsetup%2Bwith%2BCisco%2Bas%2BLAC,"LAC and LNS setup with Cisco as LAC"
/ppp/l2tp-secret/set,https://help.mikrotik.com/docs/spaces/ROS/pages/9863181/LAC%2Band%2BLNS%2Bsetup%2Bwith%2BCisco%2Bas%2BLAC,"LAC and LNS setup with Cisco as LAC"
/ppp/profile,https://help.mikrotik.com/docs/spaces/ROS/pages/2031625/PPPoE,PPPoE
/ppp/profile/add,https://help.mikrotik.com/docs/spaces/ROS/pages/2031625/PPPoE,PPPoE
/ppp/profile/comment,https://help.mikrotik.com/docs/spaces/ROS/pages/2031625/PPPoE,PPPoE
/ppp/profile/edit,https://help.mikrotik.com/docs/spaces/ROS/pages/2031625/PPPoE,PPPoE
/ppp/profile/export,https://help.mikrotik.com/docs/spaces/ROS/pages/2031625/PPPoE,PPPoE
/ppp/profile/find,https://help.mikrotik.com/docs/spaces/ROS/pages/2031625/PPPoE,PPPoE
/ppp/profile/get,https://help.mikrotik.com/docs/spaces/ROS/pages/2031625/PPPoE,PPPoE
/ppp/profile/print,https://help.mikrotik.com/docs/spaces/ROS/pages/2031625/PPPoE,PPPoE
/ppp/profile/remove,https://help.mikrotik.com/docs/spaces/ROS/pages/2031625/PPPoE,PPPoE
/ppp/profile/reset,https://help.mikrotik.com/docs/spaces/ROS/pages/2031625/PPPoE,PPPoE
/ppp/profile/set,https://help.mikrotik.com/docs/spaces/ROS/pages/2031625/PPPoE,PPPoE
/ppp/profile/unset,https://help.mikrotik.com/docs/spaces/ROS/pages/2031625/PPPoE,PPPoE
/ppp/secret,https://help.mikrotik.com/docs/spaces/ROS/pages/2031625/PPPoE,PPPoE
/ppp/secret/add,https://help.mikrotik.com/docs/spaces/ROS/pages/2031625/PPPoE,PPPoE
/ppp/secret/comment,https://help.mikrotik.com/docs/spaces/ROS/pages/2031625/PPPoE,PPPoE
/ppp/secret/disable,https://help.mikrotik.com/docs/spaces/ROS/pages/2031625/PPPoE,PPPoE
/ppp/secret/edit,https://help.mikrotik.com/docs/spaces/ROS/pages/2031625/PPPoE,PPPoE
/ppp/secret/enable,https://help.mikrotik.com/docs/spaces/ROS/pages/2031625/PPPoE,PPPoE
/ppp/secret/export,https://help.mikrotik.com/docs/spaces/ROS/pages/2031625/PPPoE,PPPoE
/ppp/secret/find,https://help.mikrotik.com/docs/spaces/ROS/pages/2031625/PPPoE,PPPoE
/ppp/secret/get,https://help.mikrotik.com/docs/spaces/ROS/pages/2031625/PPPoE,PPPoE
/ppp/secret/print,https://help.mikrotik.com/docs/spaces/ROS/pages/2031625/PPPoE,PPPoE
/ppp/secret/remove,https://help.mikrotik.com/docs/spaces/ROS/pages/2031625/PPPoE,PPPoE
/ppp/secret/reset,https://help.mikrotik.com/docs/spaces/ROS/pages/2031625/PPPoE,PPPoE
/ppp/secret/set,https://help.mikrotik.com/docs/spaces/ROS/pages/2031625/PPPoE,PPPoE
/ppp/secret/unset,https://help.mikrotik.com/docs/spaces/ROS/pages/2031625/PPPoE,PPPoE
/queue,https://help.mikrotik.com/docs/spaces/ROS/pages/328088/Queues,Queues
/queue/export,https://help.mikrotik.com/docs/spaces/ROS/pages/328088/Queues,Queues
/queue/interface,https://help.mikrotik.com/docs/spaces/ROS/pages/328088/Queues,Queues
/queue/interface/edit,https://help.mikrotik.com/docs/spaces/ROS/pages/328088/Queues,Queues
/queue/interface/export,https://help.mikrotik.com/docs/spaces/ROS/pages/328088/Queues,Queues
/queue/interface/find,https://help.mikrotik.com/docs/spaces/ROS/pages/328088/Queues,Queues
/queue/interface/get,https://help.mikrotik.com/docs/spaces/ROS/pages/328088/Queues,Queues
/queue/interface/print,https://help.mikrotik.com/docs/spaces/ROS/pages/328088/Queues,Queues
/queue/interface/reset,https://help.mikrotik.com/docs/spaces/ROS/pages/328088/Queues,Queues
/queue/interface/set,https://help.mikrotik.com/docs/spaces/ROS/pages/328088/Queues,Queues
/queue/monitor,https://help.mikrotik.com/docs/spaces/ROS/pages/328088/Queues,Queues
/queue/simple,https://help.mikrotik.com/docs/spaces/ROS/pages/328088/Queues,Queues
/queue/simple/add,https://help.mikrotik.com/docs/spaces/ROS/pages/328088/Queues,Queues
/queue/simple/comment,https://help.mikrotik.com/docs/spaces/ROS/pages/328088/Queues,Queues
/queue/simple/disable,https://help.mikrotik.com/docs/spaces/ROS/pages/328088/Queues,Queues
/queue/simple/edit,https://help.mikrotik.com/docs/spaces/ROS/pages/328088/Queues,Queues
/queue/simple/enable,https://help.mikrotik.com/docs/spaces/ROS/pages/328088/Queues,Queues
/queue/simple/export,https://help.mikrotik.com/docs/spaces/ROS/pages/328088/Queues,Queues
/queue/simple/find,https://help.mikrotik.com/docs/spaces/ROS/pages/328088/Queues,Queues
/queue/simple/get,https://help.mikrotik.com/docs/spaces/ROS/pages/328088/Queues,Queues
/queue/simple/move,https://help.mikrotik.com/docs/spaces/ROS/pages/328088/Queues,Queues
/queue/simple/print,https://help.mikrotik.com/docs/spaces/ROS/pages/328088/Queues,Queues
/queue/simple/remove,https://help.mikrotik.com/docs/spaces/ROS/pages/328088/Queues,Queues
/queue/simple/reset,https://help.mikrotik.com/docs/spaces/ROS/pages/328088/Queues,Queues
/queue/simple/reset-counters,https://help.mikrotik.com/docs/spaces/ROS/pages/328088/Queues,Queues
/queue/simple/reset-counters-all,https://help.mikrotik.com/docs/spaces/ROS/pages/328088/Queues,Queues
/queue/simple/set,https://help.mikrotik.com/docs/spaces/ROS/pages/328088/Queues,Queues
/queue/simple/unset,https://help.mikrotik.com/docs/spaces/ROS/pages/328088/Queues,Queues
/queue/tree,https://help.mikrotik.com/docs/spaces/ROS/pages/328088/Queues,Queues
/queue/tree/add,https://help.mikrotik.com/docs/spaces/ROS/pages/328088/Queues,Queues
/queue/tree/comment,https://help.mikrotik.com/docs/spaces/ROS/pages/328088/Queues,Queues
/queue/tree/disable,https://help.mikrotik.com/docs/spaces/ROS/pages/328088/Queues,Queues
/queue/tree/edit,https://help.mikrotik.com/docs/spaces/ROS/pages/328088/Queues,Queues
/queue/tree/enable,https://help.mikrotik.com/docs/spaces/ROS/pages/328088/Queues,Queues
/queue/tree/export,https://help.mikrotik.com/docs/spaces/ROS/pages/328088/Queues,Queues
/queue/tree/find,https://help.mikrotik.com/docs/spaces/ROS/pages/328088/Queues,Queues
/queue/tree/get,https://help.mikrotik.com/docs/spaces/ROS/pages/328088/Queues,Queues
/queue/tree/print,https://help.mikrotik.com/docs/spaces/ROS/pages/328088/Queues,Queues
/queue/tree/remove,https://help.mikrotik.com/docs/spaces/ROS/pages/328088/Queues,Queues
/queue/tree/reset,https://help.mikrotik.com/docs/spaces/ROS/pages/328088/Queues,Queues
/queue/tree/reset-counters,https://help.mikrotik.com/docs/spaces/ROS/pages/328088/Queues,Queues
/queue/tree/reset-counters-all,https://help.mikrotik.com/docs/spaces/ROS/pages/328088/Queues,Queues
/queue/tree/set,https://help.mikrotik.com/docs/spaces/ROS/pages/328088/Queues,Queues
/queue/type,https://help.mikrotik.com/docs/spaces/ROS/pages/328088/Queues,Queues
/queue/type/add,https://help.mikrotik.com/docs/spaces/ROS/pages/328088/Queues,Queues
/queue/type/edit,https://help.mikrotik.com/docs/spaces/ROS/pages/328088/Queues,Queues
/queue/type/export,https://help.mikrotik.com/docs/spaces/ROS/pages/328088/Queues,Queues
/queue/type/find,https://help.mikrotik.com/docs/spaces/ROS/pages/328088/Queues,Queues
/queue/type/get,https://help.mikrotik.com/docs/spaces/ROS/pages/328088/Queues,Queues
/queue/type/print,https://help.mikrotik.com/docs/spaces/ROS/pages/328088/Queues,Queues
/queue/type/remove,https://help.mikrotik.com/docs/spaces/ROS/pages/328088/Queues,Queues
/queue/type/reset,https://help.mikrotik.com/docs/spaces/ROS/pages/328088/Queues,Queues
/queue/type/set,https://help.mikrotik.com/docs/spaces/ROS/pages/328088/Queues,Queues
/radius,https://help.mikrotik.com/docs/spaces/ROS/pages/328097/RADIUS,RADIUS
/radius/add,https://help.mikrotik.com/docs/spaces/ROS/pages/328097/RADIUS,RADIUS
/radius/comment,https://help.mikrotik.com/docs/spaces/ROS/pages/328097/RADIUS,RADIUS
/radius/disable,https://help.mikrotik.com/docs/spaces/ROS/pages/328097/RADIUS,RADIUS
/radius/edit,https://help.mikrotik.com/docs/spaces/ROS/pages/328097/RADIUS,RADIUS
/radius/enable,https://help.mikrotik.com/docs/spaces/ROS/pages/328097/RADIUS,RADIUS
/radius/export,https://help.mikrotik.com/docs/spaces/ROS/pages/328097/RADIUS,RADIUS
/radius/find,https://help.mikrotik.com/docs/spaces/ROS/pages/328097/RADIUS,RADIUS
/radius/get,https://help.mikrotik.com/docs/spaces/ROS/pages/328097/RADIUS,RADIUS
/radius/incoming,https://help.mikrotik.com/docs/spaces/ROS/pages/328206/Virtual%2BRouting%2Band%2BForwarding%2B-%2BVRF,"Virtual Routing and Forwarding - VRF"
/radius/incoming/edit,https://help.mikrotik.com/docs/spaces/ROS/pages/328206/Virtual%2BRouting%2Band%2BForwarding%2B-%2BVRF,"Virtual Routing and Forwarding - VRF"
/radius/incoming/export,https://help.mikrotik.com/docs/spaces/ROS/pages/328206/Virtual%2BRouting%2Band%2BForwarding%2B-%2BVRF,"Virtual Routing and Forwarding - VRF"
/radius/incoming/get,https://help.mikrotik.com/docs/spaces/ROS/pages/328206/Virtual%2BRouting%2Band%2BForwarding%2B-%2BVRF,"Virtual Routing and Forwarding - VRF"
/radius/incoming/monitor,https://help.mikrotik.com/docs/spaces/ROS/pages/328206/Virtual%2BRouting%2Band%2BForwarding%2B-%2BVRF,"Virtual Routing and Forwarding - VRF"
/radius/incoming/print,https://help.mikrotik.com/docs/spaces/ROS/pages/328206/Virtual%2BRouting%2Band%2BForwarding%2B-%2BVRF,"Virtual Routing and Forwarding - VRF"
/radius/incoming/reset,https://help.mikrotik.com/docs/spaces/ROS/pages/328206/Virtual%2BRouting%2Band%2BForwarding%2B-%2BVRF,"Virtual Routing and Forwarding - VRF"
/radius/incoming/reset-counters,https://help.mikrotik.com/docs/spaces/ROS/pages/328206/Virtual%2BRouting%2Band%2BForwarding%2B-%2BVRF,"Virtual Routing and Forwarding - VRF"
/radius/incoming/set,https://help.mikrotik.com/docs/spaces/ROS/pages/328206/Virtual%2BRouting%2Band%2BForwarding%2B-%2BVRF,"Virtual Routing and Forwarding - VRF"
/radius/monitor,https://help.mikrotik.com/docs/spaces/ROS/pages/328097/RADIUS,RADIUS
/radius/move,https://help.mikrotik.com/docs/spaces/ROS/pages/328097/RADIUS,RADIUS
/radius/print,https://help.mikrotik.com/docs/spaces/ROS/pages/328097/RADIUS,RADIUS
/radius/remove,https://help.mikrotik.com/docs/spaces/ROS/pages/328097/RADIUS,RADIUS
/radius/reset,https://help.mikrotik.com/docs/spaces/ROS/pages/328097/RADIUS,RADIUS
/radius/reset-counters,https://help.mikrotik.com/docs/spaces/ROS/pages/328097/RADIUS,RADIUS
/radius/set,https://help.mikrotik.com/docs/spaces/ROS/pages/328097/RADIUS,RADIUS
/routing,https://help.mikrotik.com/docs/spaces/ROS/pages/328084/IP%2BRouting,"IP Routing"
/routing/bfd,https://help.mikrotik.com/docs/spaces/ROS/pages/191299691/BFD,BFD
/routing/bfd/configuration,https://help.mikrotik.com/docs/spaces/ROS/pages/191299691/BFD,BFD
/routing/bfd/configuration/add,https://help.mikrotik.com/docs/spaces/ROS/pages/191299691/BFD,BFD
/routing/bfd/configuration/comment,https://help.mikrotik.com/docs/spaces/ROS/pages/191299691/BFD,BFD
/routing/bfd/configuration/disable,https://help.mikrotik.com/docs/spaces/ROS/pages/191299691/BFD,BFD
/routing/bfd/configuration/edit,https://help.mikrotik.com/docs/spaces/ROS/pages/191299691/BFD,BFD
/routing/bfd/configuration/enable,https://help.mikrotik.com/docs/spaces/ROS/pages/191299691/BFD,BFD
/routing/bfd/configuration/export,https://help.mikrotik.com/docs/spaces/ROS/pages/191299691/BFD,BFD
/routing/bfd/configuration/find,https://help.mikrotik.com/docs/spaces/ROS/pages/191299691/BFD,BFD
/routing/bfd/configuration/get,https://help.mikrotik.com/docs/spaces/ROS/pages/191299691/BFD,BFD
/routing/bfd/configuration/move,https://help.mikrotik.com/docs/spaces/ROS/pages/191299691/BFD,BFD
/routing/bfd/configuration/print,https://help.mikrotik.com/docs/spaces/ROS/pages/191299691/BFD,BFD
/routing/bfd/configuration/remove,https://help.mikrotik.com/docs/spaces/ROS/pages/191299691/BFD,BFD
/routing/bfd/configuration/reset,https://help.mikrotik.com/docs/spaces/ROS/pages/191299691/BFD,BFD
/routing/bfd/configuration/set,https://help.mikrotik.com/docs/spaces/ROS/pages/191299691/BFD,BFD
/routing/bfd/configuration/unset,https://help.mikrotik.com/docs/spaces/ROS/pages/191299691/BFD,BFD
/routing/bfd/export,https://help.mikrotik.com/docs/spaces/ROS/pages/191299691/BFD,BFD
/routing/bfd/session,https://help.mikrotik.com/docs/spaces/ROS/pages/191299691/BFD,BFD
/routing/bfd/session/find,https://help.mikrotik.com/docs/spaces/ROS/pages/191299691/BFD,BFD
/routing/bfd/session/get,https://help.mikrotik.com/docs/spaces/ROS/pages/191299691/BFD,BFD
/routing/bfd/session/print,https://help.mikrotik.com/docs/spaces/ROS/pages/191299691/BFD,BFD
/routing/bgp,https://help.mikrotik.com/docs/spaces/ROS/pages/328206/Virtual%2BRouting%2Band%2BForwarding%2B-%2BVRF,"Virtual Routing and Forwarding - VRF"
/routing/bgp/advertisements,https://help.mikrotik.com/docs/spaces/ROS/pages/328206/Virtual%2BRouting%2Band%2BForwarding%2B-%2BVRF,"Virtual Routing and Forwarding - VRF"
/routing/bgp/advertisements/find,https://help.mikrotik.com/docs/spaces/ROS/pages/328206/Virtual%2BRouting%2Band%2BForwarding%2B-%2BVRF,"Virtual Routing and Forwarding - VRF"
/routing/bgp/advertisements/get,https://help.mikrotik.com/docs/spaces/ROS/pages/328206/Virtual%2BRouting%2Band%2BForwarding%2B-%2BVRF,"Virtual Routing and Forwarding - VRF"
/routing/bgp/advertisements/print,https://help.mikrotik.com/docs/spaces/ROS/pages/328206/Virtual%2BRouting%2Band%2BForwarding%2B-%2BVRF,"Virtual Routing and Forwarding - VRF"
/routing/bgp/connection,https://help.mikrotik.com/docs/spaces/ROS/pages/328206/Virtual%2BRouting%2Band%2BForwarding%2B-%2BVRF,"Virtual Routing and Forwarding - VRF"
/routing/bgp/connection/add,https://help.mikrotik.com/docs/spaces/ROS/pages/328206/Virtual%2BRouting%2Band%2BForwarding%2B-%2BVRF,"Virtual Routing and Forwarding - VRF"
/routing/bgp/connection/comment,https://help.mikrotik.com/docs/spaces/ROS/pages/328206/Virtual%2BRouting%2Band%2BForwarding%2B-%2BVRF,"Virtual Routing and Forwarding - VRF"
/routing/bgp/connection/disable,https://help.mikrotik.com/docs/spaces/ROS/pages/328206/Virtual%2BRouting%2Band%2BForwarding%2B-%2BVRF,"Virtual Routing and Forwarding - VRF"
/routing/bgp/connection/edit,https://help.mikrotik.com/docs/spaces/ROS/pages/328206/Virtual%2BRouting%2Band%2BForwarding%2B-%2BVRF,"Virtual Routing and Forwarding - VRF"
/routing/bgp/connection/enable,https://help.mikrotik.com/docs/spaces/ROS/pages/328206/Virtual%2BRouting%2Band%2BForwarding%2B-%2BVRF,"Virtual Routing and Forwarding - VRF"
/routing/bgp/connection/export,https://help.mikrotik.com/docs/spaces/ROS/pages/328206/Virtual%2BRouting%2Band%2BForwarding%2B-%2BVRF,"Virtual Routing and Forwarding - VRF"
/routing/bgp/connection/find,https://help.mikrotik.com/docs/spaces/ROS/pages/328206/Virtual%2BRouting%2Band%2BForwarding%2B-%2BVRF,"Virtual Routing and Forwarding - VRF"
/routing/bgp/connection/get,https://help.mikrotik.com/docs/spaces/ROS/pages/328206/Virtual%2BRouting%2Band%2BForwarding%2B-%2BVRF,"Virtual Routing and Forwarding - VRF"
/routing/bgp/connection/print,https://help.mikrotik.com/docs/spaces/ROS/pages/328206/Virtual%2BRouting%2Band%2BForwarding%2B-%2BVRF,"Virtual Routing and Forwarding - VRF"
/routing/bgp/connection/remove,https://help.mikrotik.com/docs/spaces/ROS/pages/328206/Virtual%2BRouting%2Band%2BForwarding%2B-%2BVRF,"Virtual Routing and Forwarding - VRF"
/routing/bgp/connection/reset,https://help.mikrotik.com/docs/spaces/ROS/pages/328206/Virtual%2BRouting%2Band%2BForwarding%2B-%2BVRF,"Virtual Routing and Forwarding - VRF"
/routing/bgp/connection/set,https://help.mikrotik.com/docs/spaces/ROS/pages/328206/Virtual%2BRouting%2Band%2BForwarding%2B-%2BVRF,"Virtual Routing and Forwarding - VRF"
/routing/bgp/connection/unset,https://help.mikrotik.com/docs/spaces/ROS/pages/328206/Virtual%2BRouting%2Band%2BForwarding%2B-%2BVRF,"Virtual Routing and Forwarding - VRF"
/routing/bgp/evpn,https://help.mikrotik.com/docs/spaces/ROS/pages/315883568/EVPN,EVPN
/routing/bgp/evpn/add,https://help.mikrotik.com/docs/spaces/ROS/pages/315883568/EVPN,EVPN
/routing/bgp/evpn/comment,https://help.mikrotik.com/docs/spaces/ROS/pages/315883568/EVPN,EVPN
/routing/bgp/evpn/disable,https://help.mikrotik.com/docs/spaces/ROS/pages/315883568/EVPN,EVPN
/routing/bgp/evpn/edit,https://help.mikrotik.com/docs/spaces/ROS/pages/315883568/EVPN,EVPN
/routing/bgp/evpn/enable,https://help.mikrotik.com/docs/spaces/ROS/pages/315883568/EVPN,EVPN
/routing/bgp/evpn/export,https://help.mikrotik.com/docs/spaces/ROS/pages/315883568/EVPN,EVPN
/routing/bgp/evpn/find,https://help.mikrotik.com/docs/spaces/ROS/pages/315883568/EVPN,EVPN
/routing/bgp/evpn/get,https://help.mikrotik.com/docs/spaces/ROS/pages/315883568/EVPN,EVPN
/routing/bgp/evpn/move,https://help.mikrotik.com/docs/spaces/ROS/pages/315883568/EVPN,EVPN
/routing/bgp/evpn/print,https://help.mikrotik.com/docs/spaces/ROS/pages/315883568/EVPN,EVPN
/routing/bgp/evpn/remove,https://help.mikrotik.com/docs/spaces/ROS/pages/315883568/EVPN,EVPN
/routing/bgp/evpn/reset,https://help.mikrotik.com/docs/spaces/ROS/pages/315883568/EVPN,EVPN
/routing/bgp/evpn/set,https://help.mikrotik.com/docs/spaces/ROS/pages/315883568/EVPN,EVPN
/routing/bgp/evpn/unset,https://help.mikrotik.com/docs/spaces/ROS/pages/315883568/EVPN,EVPN
/routing/bgp/export,https://help.mikrotik.com/docs/spaces/ROS/pages/328206/Virtual%2BRouting%2Band%2BForwarding%2B-%2BVRF,"Virtual Routing and Forwarding - VRF"
/routing/bgp/instance,https://help.mikrotik.com/docs/spaces/ROS/pages/328220/BGP,BGP
/routing/bgp/instance/add,https://help.mikrotik.com/docs/spaces/ROS/pages/328220/BGP,BGP
/routing/bgp/instance/comment,https://help.mikrotik.com/docs/spaces/ROS/pages/328220/BGP,BGP
/routing/bgp/instance/disable,https://help.mikrotik.com/docs/spaces/ROS/pages/328220/BGP,BGP
/routing/bgp/instance/edit,https://help.mikrotik.com/docs/spaces/ROS/pages/328220/BGP,BGP
/routing/bgp/instance/enable,https://help.mikrotik.com/docs/spaces/ROS/pages/328220/BGP,BGP
/routing/bgp/instance/export,https://help.mikrotik.com/docs/spaces/ROS/pages/328220/BGP,BGP
/routing/bgp/instance/find,https://help.mikrotik.com/docs/spaces/ROS/pages/328220/BGP,BGP
/routing/bgp/instance/get,https://help.mikrotik.com/docs/spaces/ROS/pages/328220/BGP,BGP
/routing/bgp/instance/print,https://help.mikrotik.com/docs/spaces/ROS/pages/328220/BGP,BGP
/routing/bgp/instance/remove,https://help.mikrotik.com/docs/spaces/ROS/pages/328220/BGP,BGP
/routing/bgp/instance/reset,https://help.mikrotik.com/docs/spaces/ROS/pages/328220/BGP,BGP
/routing/bgp/instance/set,https://help.mikrotik.com/docs/spaces/ROS/pages/328220/BGP,BGP
/routing/bgp/instance/unset,https://help.mikrotik.com/docs/spaces/ROS/pages/328220/BGP,BGP
/routing/bgp/session,https://help.mikrotik.com/docs/spaces/ROS/pages/328220/BGP,BGP
/routing/bgp/session/clear,https://help.mikrotik.com/docs/spaces/ROS/pages/328220/BGP,BGP
/routing/bgp/session/dump-saved-advertisements,https://help.mikrotik.com/docs/spaces/ROS/pages/328220/BGP,BGP
/routing/bgp/session/find,https://help.mikrotik.com/docs/spaces/ROS/pages/328220/BGP,BGP
/routing/bgp/session/get,https://help.mikrotik.com/docs/spaces/ROS/pages/328220/BGP,BGP
/routing/bgp/session/print,https://help.mikrotik.com/docs/spaces/ROS/pages/328220/BGP,BGP
/routing/bgp/session/refresh,https://help.mikrotik.com/docs/spaces/ROS/pages/328220/BGP,BGP
/routing/bgp/session/resend,https://help.mikrotik.com/docs/spaces/ROS/pages/328220/BGP,BGP
/routing/bgp/session/stop,https://help.mikrotik.com/docs/spaces/ROS/pages/328220/BGP,BGP
/routing/bgp/session/unset,https://help.mikrotik.com/docs/spaces/ROS/pages/328220/BGP,BGP
/routing/bgp/template,https://help.mikrotik.com/docs/spaces/ROS/pages/328206/Virtual%2BRouting%2Band%2BForwarding%2B-%2BVRF,"Virtual Routing and Forwarding - VRF"
/routing/bgp/template/add,https://help.mikrotik.com/docs/spaces/ROS/pages/328206/Virtual%2BRouting%2Band%2BForwarding%2B-%2BVRF,"Virtual Routing and Forwarding - VRF"
/routing/bgp/template/comment,https://help.mikrotik.com/docs/spaces/ROS/pages/328206/Virtual%2BRouting%2Band%2BForwarding%2B-%2BVRF,"Virtual Routing and Forwarding - VRF"
/routing/bgp/template/disable,https://help.mikrotik.com/docs/spaces/ROS/pages/328206/Virtual%2BRouting%2Band%2BForwarding%2B-%2BVRF,"Virtual Routing and Forwarding - VRF"
/routing/bgp/template/edit,https://help.mikrotik.com/docs/spaces/ROS/pages/328206/Virtual%2BRouting%2Band%2BForwarding%2B-%2BVRF,"Virtual Routing and Forwarding - VRF"
/routing/bgp/template/enable,https://help.mikrotik.com/docs/spaces/ROS/pages/328206/Virtual%2BRouting%2Band%2BForwarding%2B-%2BVRF,"Virtual Routing and Forwarding - VRF"
/routing/bgp/template/export,https://help.mikrotik.com/docs/spaces/ROS/pages/328206/Virtual%2BRouting%2Band%2BForwarding%2B-%2BVRF,"Virtual Routing and Forwarding - VRF"
/routing/bgp/template/find,https://help.mikrotik.com/docs/spaces/ROS/pages/328206/Virtual%2BRouting%2Band%2BForwarding%2B-%2BVRF,"Virtual Routing and Forwarding - VRF"
/routing/bgp/template/get,https://help.mikrotik.com/docs/spaces/ROS/pages/328206/Virtual%2BRouting%2Band%2BForwarding%2B-%2BVRF,"Virtual Routing and Forwarding - VRF"
/routing/bgp/template/print,https://help.mikrotik.com/docs/spaces/ROS/pages/328206/Virtual%2BRouting%2Band%2BForwarding%2B-%2BVRF,"Virtual Routing and Forwarding - VRF"
/routing/bgp/template/remove,https://help.mikrotik.com/docs/spaces/ROS/pages/328206/Virtual%2BRouting%2Band%2BForwarding%2B-%2BVRF,"Virtual Routing and Forwarding - VRF"
/routing/bgp/template/reset,https://help.mikrotik.com/docs/spaces/ROS/pages/328206/Virtual%2BRouting%2Band%2BForwarding%2B-%2BVRF,"Virtual Routing and Forwarding - VRF"
/routing/bgp/template/set,https://help.mikrotik.com/docs/spaces/ROS/pages/328206/Virtual%2BRouting%2Band%2BForwarding%2B-%2BVRF,"Virtual Routing and Forwarding - VRF"
/routing/bgp/template/unset,https://help.mikrotik.com/docs/spaces/ROS/pages/328206/Virtual%2BRouting%2Band%2BForwarding%2B-%2BVRF,"Virtual Routing and Forwarding - VRF"
/routing/bgp/vpls,https://help.mikrotik.com/docs/spaces/ROS/pages/328206/Virtual%2BRouting%2Band%2BForwarding%2B-%2BVRF,"Virtual Routing and Forwarding - VRF"
/routing/bgp/vpls/add,https://help.mikrotik.com/docs/spaces/ROS/pages/328206/Virtual%2BRouting%2Band%2BForwarding%2B-%2BVRF,"Virtual Routing and Forwarding - VRF"
/routing/bgp/vpls/comment,https://help.mikrotik.com/docs/spaces/ROS/pages/328206/Virtual%2BRouting%2Band%2BForwarding%2B-%2BVRF,"Virtual Routing and Forwarding - VRF"
/routing/bgp/vpls/disable,https://help.mikrotik.com/docs/spaces/ROS/pages/328206/Virtual%2BRouting%2Band%2BForwarding%2B-%2BVRF,"Virtual Routing and Forwarding - VRF"
/routing/bgp/vpls/edit,https://help.mikrotik.com/docs/spaces/ROS/pages/328206/Virtual%2BRouting%2Band%2BForwarding%2B-%2BVRF,"Virtual Routing and Forwarding - VRF"
/routing/bgp/vpls/enable,https://help.mikrotik.com/docs/spaces/ROS/pages/328206/Virtual%2BRouting%2Band%2BForwarding%2B-%2BVRF,"Virtual Routing and Forwarding - VRF"
/routing/bgp/vpls/export,https://help.mikrotik.com/docs/spaces/ROS/pages/328206/Virtual%2BRouting%2Band%2BForwarding%2B-%2BVRF,"Virtual Routing and Forwarding - VRF"
/routing/bgp/vpls/find,https://help.mikrotik.com/docs/spaces/ROS/pages/328206/Virtual%2BRouting%2Band%2BForwarding%2B-%2BVRF,"Virtual Routing and Forwarding - VRF"
/routing/bgp/vpls/get,https://help.mikrotik.com/docs/spaces/ROS/pages/328206/Virtual%2BRouting%2Band%2BForwarding%2B-%2BVRF,"Virtual Routing and Forwarding - VRF"
/routing/bgp/vpls/print,https://help.mikrotik.com/docs/spaces/ROS/pages/328206/Virtual%2BRouting%2Band%2BForwarding%2B-%2BVRF,"Virtual Routing and Forwarding - VRF"
/routing/bgp/vpls/remove,https://help.mikrotik.com/docs/spaces/ROS/pages/328206/Virtual%2BRouting%2Band%2BForwarding%2B-%2BVRF,"Virtual Routing and Forwarding - VRF"
/routing/bgp/vpls/reset,https://help.mikrotik.com/docs/spaces/ROS/pages/328206/Virtual%2BRouting%2Band%2BForwarding%2B-%2BVRF,"Virtual Routing and Forwarding - VRF"
/routing/bgp/vpls/set,https://help.mikrotik.com/docs/spaces/ROS/pages/328206/Virtual%2BRouting%2Band%2BForwarding%2B-%2BVRF,"Virtual Routing and Forwarding - VRF"
/routing/bgp/vpls/unset,https://help.mikrotik.com/docs/spaces/ROS/pages/328206/Virtual%2BRouting%2Band%2BForwarding%2B-%2BVRF,"Virtual Routing and Forwarding - VRF"
/routing/bgp/vpn,https://help.mikrotik.com/docs/spaces/ROS/pages/328206/Virtual%2BRouting%2Band%2BForwarding%2B-%2BVRF,"Virtual Routing and Forwarding - VRF"
/routing/bgp/vpn/add,https://help.mikrotik.com/docs/spaces/ROS/pages/328206/Virtual%2BRouting%2Band%2BForwarding%2B-%2BVRF,"Virtual Routing and Forwarding - VRF"
/routing/bgp/vpn/comment,https://help.mikrotik.com/docs/spaces/ROS/pages/328206/Virtual%2BRouting%2Band%2BForwarding%2B-%2BVRF,"Virtual Routing and Forwarding - VRF"
/routing/bgp/vpn/disable,https://help.mikrotik.com/docs/spaces/ROS/pages/328206/Virtual%2BRouting%2Band%2BForwarding%2B-%2BVRF,"Virtual Routing and Forwarding - VRF"
/routing/bgp/vpn/edit,https://help.mikrotik.com/docs/spaces/ROS/pages/328206/Virtual%2BRouting%2Band%2BForwarding%2B-%2BVRF,"Virtual Routing and Forwarding - VRF"
/routing/bgp/vpn/enable,https://help.mikrotik.com/docs/spaces/ROS/pages/328206/Virtual%2BRouting%2Band%2BForwarding%2B-%2BVRF,"Virtual Routing and Forwarding - VRF"
/routing/bgp/vpn/export,https://help.mikrotik.com/docs/spaces/ROS/pages/328206/Virtual%2BRouting%2Band%2BForwarding%2B-%2BVRF,"Virtual Routing and Forwarding - VRF"
/routing/bgp/vpn/find,https://help.mikrotik.com/docs/spaces/ROS/pages/328206/Virtual%2BRouting%2Band%2BForwarding%2B-%2BVRF,"Virtual Routing and Forwarding - VRF"
/routing/bgp/vpn/get,https://help.mikrotik.com/docs/spaces/ROS/pages/328206/Virtual%2BRouting%2Band%2BForwarding%2B-%2BVRF,"Virtual Routing and Forwarding - VRF"
/routing/bgp/vpn/print,https://help.mikrotik.com/docs/spaces/ROS/pages/328206/Virtual%2BRouting%2Band%2BForwarding%2B-%2BVRF,"Virtual Routing and Forwarding - VRF"
/routing/bgp/vpn/remove,https://help.mikrotik.com/docs/spaces/ROS/pages/328206/Virtual%2BRouting%2Band%2BForwarding%2B-%2BVRF,"Virtual Routing and Forwarding - VRF"
/routing/bgp/vpn/reset,https://help.mikrotik.com/docs/spaces/ROS/pages/328206/Virtual%2BRouting%2Band%2BForwarding%2B-%2BVRF,"Virtual Routing and Forwarding - VRF"
/routing/bgp/vpn/set,https://help.mikrotik.com/docs/spaces/ROS/pages/328206/Virtual%2BRouting%2Band%2BForwarding%2B-%2BVRF,"Virtual Routing and Forwarding - VRF"
/routing/bgp/vpn/unset,https://help.mikrotik.com/docs/spaces/ROS/pages/328206/Virtual%2BRouting%2Band%2BForwarding%2B-%2BVRF,"Virtual Routing and Forwarding - VRF"
/routing/discourse,https://help.mikrotik.com/docs/spaces/ROS/pages/328084/IP%2BRouting,"IP Routing"
/routing/export,https://help.mikrotik.com/docs/spaces/ROS/pages/328084/IP%2BRouting,"IP Routing"
/routing/fantasy,https://help.mikrotik.com/docs/spaces/ROS/pages/328084/IP%2BRouting,"IP Routing"
/routing/filter,https://help.mikrotik.com/docs/spaces/ROS/pages/9863229/OSPF,OSPF
/routing/filter/chain,https://help.mikrotik.com/docs/spaces/ROS/pages/9863229/OSPF,OSPF
/routing/filter/community-ext-list,https://help.mikrotik.com/docs/spaces/ROS/pages/74678285/Route%2BSelection%2Band%2BFilters,"Route Selection and Filters"
/routing/filter/community-ext-list/add,https://help.mikrotik.com/docs/spaces/ROS/pages/74678285/Route%2BSelection%2Band%2BFilters,"Route Selection and Filters"
/routing/filter/community-ext-list/comment,https://help.mikrotik.com/docs/spaces/ROS/pages/74678285/Route%2BSelection%2Band%2BFilters,"Route Selection and Filters"
/routing/filter/community-ext-list/disable,https://help.mikrotik.com/docs/spaces/ROS/pages/74678285/Route%2BSelection%2Band%2BFilters,"Route Selection and Filters"
/routing/filter/community-ext-list/edit,https://help.mikrotik.com/docs/spaces/ROS/pages/74678285/Route%2BSelection%2Band%2BFilters,"Route Selection and Filters"
/routing/filter/community-ext-list/enable,https://help.mikrotik.com/docs/spaces/ROS/pages/74678285/Route%2BSelection%2Band%2BFilters,"Route Selection and Filters"
/routing/filter/community-ext-list/export,https://help.mikrotik.com/docs/spaces/ROS/pages/74678285/Route%2BSelection%2Band%2BFilters,"Route Selection and Filters"
/routing/filter/community-ext-list/find,https://help.mikrotik.com/docs/spaces/ROS/pages/74678285/Route%2BSelection%2Band%2BFilters,"Route Selection and Filters"
/routing/filter/community-ext-list/get,https://help.mikrotik.com/docs/spaces/ROS/pages/74678285/Route%2BSelection%2Band%2BFilters,"Route Selection and Filters"
/routing/filter/community-ext-list/move,https://help.mikrotik.com/docs/spaces/ROS/pages/74678285/Route%2BSelection%2Band%2BFilters,"Route Selection and Filters"
/routing/filter/community-ext-list/print,https://help.mikrotik.com/docs/spaces/ROS/pages/74678285/Route%2BSelection%2Band%2BFilters,"Route Selection and Filters"
/routing/filter/community-ext-list/remove,https://help.mikrotik.com/docs/spaces/ROS/pages/74678285/Route%2BSelection%2Band%2BFilters,"Route Selection and Filters"
/routing/filter/community-ext-list/reset,https://help.mikrotik.com/docs/spaces/ROS/pages/74678285/Route%2BSelection%2Band%2BFilters,"Route Selection and Filters"
/routing/filter/community-ext-list/set,https://help.mikrotik.com/docs/spaces/ROS/pages/74678285/Route%2BSelection%2Band%2BFilters,"Route Selection and Filters"
/routing/filter/community-ext-list/unset,https://help.mikrotik.com/docs/spaces/ROS/pages/74678285/Route%2BSelection%2Band%2BFilters,"Route Selection and Filters"
/routing/filter/community-large-list,https://help.mikrotik.com/docs/spaces/ROS/pages/9863229/OSPF,OSPF
/routing/filter/community-list,https://help.mikrotik.com/docs/spaces/ROS/pages/74678285/Route%2BSelection%2Band%2BFilters,"Route Selection and Filters"
/routing/filter/community-list/add,https://help.mikrotik.com/docs/spaces/ROS/pages/74678285/Route%2BSelection%2Band%2BFilters,"Route Selection and Filters"
/routing/filter/community-list/comment,https://help.mikrotik.com/docs/spaces/ROS/pages/74678285/Route%2BSelection%2Band%2BFilters,"Route Selection and Filters"
/routing/filter/community-list/disable,https://help.mikrotik.com/docs/spaces/ROS/pages/74678285/Route%2BSelection%2Band%2BFilters,"Route Selection and Filters"
/routing/filter/community-list/edit,https://help.mikrotik.com/docs/spaces/ROS/pages/74678285/Route%2BSelection%2Band%2BFilters,"Route Selection and Filters"
/routing/filter/community-list/enable,https://help.mikrotik.com/docs/spaces/ROS/pages/74678285/Route%2BSelection%2Band%2BFilters,"Route Selection and Filters"
/routing/filter/community-list/export,https://help.mikrotik.com/docs/spaces/ROS/pages/74678285/Route%2BSelection%2Band%2BFilters,"Route Selection and Filters"
/routing/filter/community-list/find,https://help.mikrotik.com/docs/spaces/ROS/pages/74678285/Route%2BSelection%2Band%2BFilters,"Route Selection and Filters"
/routing/filter/community-list/get,https://help.mikrotik.com/docs/spaces/ROS/pages/74678285/Route%2BSelection%2Band%2BFilters,"Route Selection and Filters"
/routing/filter/community-list/move,https://help.mikrotik.com/docs/spaces/ROS/pages/74678285/Route%2BSelection%2Band%2BFilters,"Route Selection and Filters"
/routing/filter/community-list/print,https://help.mikrotik.com/docs/spaces/ROS/pages/74678285/Route%2BSelection%2Band%2BFilters,"Route Selection and Filters"
/routing/filter/community-list/remove,https://help.mikrotik.com/docs/spaces/ROS/pages/74678285/Route%2BSelection%2Band%2BFilters,"Route Selection and Filters"
/routing/filter/community-list/reset,https://help.mikrotik.com/docs/spaces/ROS/pages/74678285/Route%2BSelection%2Band%2BFilters,"Route Selection and Filters"
/routing/filter/community-list/set,https://help.mikrotik.com/docs/spaces/ROS/pages/74678285/Route%2BSelection%2Band%2BFilters,"Route Selection and Filters"
/routing/filter/community-list/unset,https://help.mikrotik.com/docs/spaces/ROS/pages/74678285/Route%2BSelection%2Band%2BFilters,"Route Selection and Filters"
/routing/filter/export,https://help.mikrotik.com/docs/spaces/ROS/pages/9863229/OSPF,OSPF
/routing/filter/filter-wizard,https://help.mikrotik.com/docs/spaces/ROS/pages/9863229/OSPF,OSPF
/routing/filter/num-list,https://help.mikrotik.com/docs/spaces/ROS/pages/74678285/Route%2BSelection%2Band%2BFilters,"Route Selection and Filters"
/routing/filter/num-list/add,https://help.mikrotik.com/docs/spaces/ROS/pages/74678285/Route%2BSelection%2Band%2BFilters,"Route Selection and Filters"
/routing/filter/num-list/comment,https://help.mikrotik.com/docs/spaces/ROS/pages/74678285/Route%2BSelection%2Band%2BFilters,"Route Selection and Filters"
/routing/filter/num-list/disable,https://help.mikrotik.com/docs/spaces/ROS/pages/74678285/Route%2BSelection%2Band%2BFilters,"Route Selection and Filters"
/routing/filter/num-list/edit,https://help.mikrotik.com/docs/spaces/ROS/pages/74678285/Route%2BSelection%2Band%2BFilters,"Route Selection and Filters"
/routing/filter/num-list/enable,https://help.mikrotik.com/docs/spaces/ROS/pages/74678285/Route%2BSelection%2Band%2BFilters,"Route Selection and Filters"
/routing/filter/num-list/export,https://help.mikrotik.com/docs/spaces/ROS/pages/74678285/Route%2BSelection%2Band%2BFilters,"Route Selection and Filters"
/routing/filter/num-list/find,https://help.mikrotik.com/docs/spaces/ROS/pages/74678285/Route%2BSelection%2Band%2BFilters,"Route Selection and Filters"
/routing/filter/num-list/get,https://help.mikrotik.com/docs/spaces/ROS/pages/74678285/Route%2BSelection%2Band%2BFilters,"Route Selection and Filters"
/routing/filter/num-list/move,https://help.mikrotik.com/docs/spaces/ROS/pages/74678285/Route%2BSelection%2Band%2BFilters,"Route Selection and Filters"
/routing/filter/num-list/print,https://help.mikrotik.com/docs/spaces/ROS/pages/74678285/Route%2BSelection%2Band%2BFilters,"Route Selection and Filters"
/routing/filter/num-list/remove,https://help.mikrotik.com/docs/spaces/ROS/pages/74678285/Route%2BSelection%2Band%2BFilters,"Route Selection and Filters"
/routing/filter/num-list/reset,https://help.mikrotik.com/docs/spaces/ROS/pages/74678285/Route%2BSelection%2Band%2BFilters,"Route Selection and Filters"
/routing/filter/num-list/set,https://help.mikrotik.com/docs/spaces/ROS/pages/74678285/Route%2BSelection%2Band%2BFilters,"Route Selection and Filters"
/routing/filter/rule,https://help.mikrotik.com/docs/spaces/ROS/pages/9863229/OSPF,OSPF
/routing/filter/rule/add,https://help.mikrotik.com/docs/spaces/ROS/pages/9863229/OSPF,OSPF
/routing/filter/rule/comment,https://help.mikrotik.com/docs/spaces/ROS/pages/9863229/OSPF,OSPF
/routing/filter/rule/disable,https://help.mikrotik.com/docs/spaces/ROS/pages/9863229/OSPF,OSPF
/routing/filter/rule/edit,https://help.mikrotik.com/docs/spaces/ROS/pages/9863229/OSPF,OSPF
/routing/filter/rule/enable,https://help.mikrotik.com/docs/spaces/ROS/pages/9863229/OSPF,OSPF
/routing/filter/rule/export,https://help.mikrotik.com/docs/spaces/ROS/pages/9863229/OSPF,OSPF
/routing/filter/rule/find,https://help.mikrotik.com/docs/spaces/ROS/pages/9863229/OSPF,OSPF
/routing/filter/rule/get,https://help.mikrotik.com/docs/spaces/ROS/pages/9863229/OSPF,OSPF
/routing/filter/rule/move,https://help.mikrotik.com/docs/spaces/ROS/pages/9863229/OSPF,OSPF
/routing/filter/rule/print,https://help.mikrotik.com/docs/spaces/ROS/pages/9863229/OSPF,OSPF
/routing/filter/rule/remove,https://help.mikrotik.com/docs/spaces/ROS/pages/9863229/OSPF,OSPF
/routing/filter/rule/reset,https://help.mikrotik.com/docs/spaces/ROS/pages/9863229/OSPF,OSPF
/routing/filter/rule/set,https://help.mikrotik.com/docs/spaces/ROS/pages/9863229/OSPF,OSPF
/routing/filter/select-rule,https://help.mikrotik.com/docs/spaces/ROS/pages/74678285/Route%2BSelection%2Band%2BFilters,"Route Selection and Filters"
/routing/filter/select-rule/add,https://help.mikrotik.com/docs/spaces/ROS/pages/74678285/Route%2BSelection%2Band%2BFilters,"Route Selection and Filters"
/routing/filter/select-rule/comment,https://help.mikrotik.com/docs/spaces/ROS/pages/74678285/Route%2BSelection%2Band%2BFilters,"Route Selection and Filters"
/routing/filter/select-rule/disable,https://help.mikrotik.com/docs/spaces/ROS/pages/74678285/Route%2BSelection%2Band%2BFilters,"Route Selection and Filters"
/routing/filter/select-rule/edit,https://help.mikrotik.com/docs/spaces/ROS/pages/74678285/Route%2BSelection%2Band%2BFilters,"Route Selection and Filters"
/routing/filter/select-rule/enable,https://help.mikrotik.com/docs/spaces/ROS/pages/74678285/Route%2BSelection%2Band%2BFilters,"Route Selection and Filters"
/routing/filter/select-rule/export,https://help.mikrotik.com/docs/spaces/ROS/pages/74678285/Route%2BSelection%2Band%2BFilters,"Route Selection and Filters"
/routing/filter/select-rule/find,https://help.mikrotik.com/docs/spaces/ROS/pages/74678285/Route%2BSelection%2Band%2BFilters,"Route Selection and Filters"
/routing/filter/select-rule/get,https://help.mikrotik.com/docs/spaces/ROS/pages/74678285/Route%2BSelection%2Band%2BFilters,"Route Selection and Filters"
/routing/filter/select-rule/move,https://help.mikrotik.com/docs/spaces/ROS/pages/74678285/Route%2BSelection%2Band%2BFilters,"Route Selection and Filters"
/routing/filter/select-rule/print,https://help.mikrotik.com/docs/spaces/ROS/pages/74678285/Route%2BSelection%2Band%2BFilters,"Route Selection and Filters"
/routing/filter/select-rule/remove,https://help.mikrotik.com/docs/spaces/ROS/pages/74678285/Route%2BSelection%2Band%2BFilters,"Route Selection and Filters"
/routing/filter/select-rule/reset,https://help.mikrotik.com/docs/spaces/ROS/pages/74678285/Route%2BSelection%2Band%2BFilters,"Route Selection and Filters"
/routing/filter/select-rule/set,https://help.mikrotik.com/docs/spaces/ROS/pages/74678285/Route%2BSelection%2Band%2BFilters,"Route Selection and Filters"
/routing/filter/select-rule/unset,https://help.mikrotik.com/docs/spaces/ROS/pages/74678285/Route%2BSelection%2Band%2BFilters,"Route Selection and Filters"
/routing/filter/sync,https://help.mikrotik.com/docs/spaces/ROS/pages/9863229/OSPF,OSPF
/routing/filter/test-as-path-regexp,https://help.mikrotik.com/docs/spaces/ROS/pages/9863229/OSPF,OSPF
/routing/gmp,https://help.mikrotik.com/docs/spaces/ROS/pages/61767728/PIM-SM,PIM-SM
/routing/gmp/add,https://help.mikrotik.com/docs/spaces/ROS/pages/61767728/PIM-SM,PIM-SM
/routing/gmp/disable,https://help.mikrotik.com/docs/spaces/ROS/pages/61767728/PIM-SM,PIM-SM
/routing/gmp/edit,https://help.mikrotik.com/docs/spaces/ROS/pages/61767728/PIM-SM,PIM-SM
/routing/gmp/enable,https://help.mikrotik.com/docs/spaces/ROS/pages/61767728/PIM-SM,PIM-SM
/routing/gmp/export,https://help.mikrotik.com/docs/spaces/ROS/pages/61767728/PIM-SM,PIM-SM
/routing/gmp/find,https://help.mikrotik.com/docs/spaces/ROS/pages/61767728/PIM-SM,PIM-SM
/routing/gmp/get,https://help.mikrotik.com/docs/spaces/ROS/pages/61767728/PIM-SM,PIM-SM
/routing/gmp/print,https://help.mikrotik.com/docs/spaces/ROS/pages/61767728/PIM-SM,PIM-SM
/routing/gmp/remove,https://help.mikrotik.com/docs/spaces/ROS/pages/61767728/PIM-SM,PIM-SM
/routing/gmp/reset,https://help.mikrotik.com/docs/spaces/ROS/pages/61767728/PIM-SM,PIM-SM
/routing/gmp/set,https://help.mikrotik.com/docs/spaces/ROS/pages/61767728/PIM-SM,PIM-SM
/routing/gmp/unset,https://help.mikrotik.com/docs/spaces/ROS/pages/61767728/PIM-SM,PIM-SM
/routing/id,https://help.mikrotik.com/docs/spaces/ROS/pages/59965506/%2Frouting%2Fid,/routing/id
/routing/id/add,https://help.mikrotik.com/docs/spaces/ROS/pages/59965506/%2Frouting%2Fid,/routing/id
/routing/id/comment,https://help.mikrotik.com/docs/spaces/ROS/pages/59965506/%2Frouting%2Fid,/routing/id
/routing/id/disable,https://help.mikrotik.com/docs/spaces/ROS/pages/59965506/%2Frouting%2Fid,/routing/id
/routing/id/edit,https://help.mikrotik.com/docs/spaces/ROS/pages/59965506/%2Frouting%2Fid,/routing/id
/routing/id/enable,https://help.mikrotik.com/docs/spaces/ROS/pages/59965506/%2Frouting%2Fid,/routing/id
/routing/id/export,https://help.mikrotik.com/docs/spaces/ROS/pages/59965506/%2Frouting%2Fid,/routing/id
/routing/id/find,https://help.mikrotik.com/docs/spaces/ROS/pages/59965506/%2Frouting%2Fid,/routing/id
/routing/id/get,https://help.mikrotik.com/docs/spaces/ROS/pages/59965506/%2Frouting%2Fid,/routing/id
/routing/id/print,https://help.mikrotik.com/docs/spaces/ROS/pages/59965506/%2Frouting%2Fid,/routing/id
/routing/id/remove,https://help.mikrotik.com/docs/spaces/ROS/pages/59965506/%2Frouting%2Fid,/routing/id
/routing/id/reset,https://help.mikrotik.com/docs/spaces/ROS/pages/59965506/%2Frouting%2Fid,/routing/id
/routing/id/set,https://help.mikrotik.com/docs/spaces/ROS/pages/59965506/%2Frouting%2Fid,/routing/id
/routing/id/unset,https://help.mikrotik.com/docs/spaces/ROS/pages/59965506/%2Frouting%2Fid,/routing/id
/routing/igmp-proxy,https://help.mikrotik.com/docs/spaces/ROS/pages/128221386/IGMP%2BProxy,"IGMP Proxy"
/routing/igmp-proxy/edit,https://help.mikrotik.com/docs/spaces/ROS/pages/128221386/IGMP%2BProxy,"IGMP Proxy"
/routing/igmp-proxy/export,https://help.mikrotik.com/docs/spaces/ROS/pages/128221386/IGMP%2BProxy,"IGMP Proxy"
/routing/igmp-proxy/get,https://help.mikrotik.com/docs/spaces/ROS/pages/128221386/IGMP%2BProxy,"IGMP Proxy"
/routing/igmp-proxy/interface,https://help.mikrotik.com/docs/spaces/ROS/pages/128221386/IGMP%2BProxy,"IGMP Proxy"
/routing/igmp-proxy/interface/add,https://help.mikrotik.com/docs/spaces/ROS/pages/128221386/IGMP%2BProxy,"IGMP Proxy"
/routing/igmp-proxy/interface/comment,https://help.mikrotik.com/docs/spaces/ROS/pages/128221386/IGMP%2BProxy,"IGMP Proxy"
/routing/igmp-proxy/interface/disable,https://help.mikrotik.com/docs/spaces/ROS/pages/128221386/IGMP%2BProxy,"IGMP Proxy"
/routing/igmp-proxy/interface/edit,https://help.mikrotik.com/docs/spaces/ROS/pages/128221386/IGMP%2BProxy,"IGMP Proxy"
/routing/igmp-proxy/interface/enable,https://help.mikrotik.com/docs/spaces/ROS/pages/128221386/IGMP%2BProxy,"IGMP Proxy"
/routing/igmp-proxy/interface/export,https://help.mikrotik.com/docs/spaces/ROS/pages/128221386/IGMP%2BProxy,"IGMP Proxy"
/routing/igmp-proxy/interface/find,https://help.mikrotik.com/docs/spaces/ROS/pages/128221386/IGMP%2BProxy,"IGMP Proxy"
/routing/igmp-proxy/interface/get,https://help.mikrotik.com/docs/spaces/ROS/pages/128221386/IGMP%2BProxy,"IGMP Proxy"
/routing/igmp-proxy/interface/print,https://help.mikrotik.com/docs/spaces/ROS/pages/128221386/IGMP%2BProxy,"IGMP Proxy"
/routing/igmp-proxy/interface/remove,https://help.mikrotik.com/docs/spaces/ROS/pages/128221386/IGMP%2BProxy,"IGMP Proxy"
/routing/igmp-proxy/interface/reset,https://help.mikrotik.com/docs/spaces/ROS/pages/128221386/IGMP%2BProxy,"IGMP Proxy"
/routing/igmp-proxy/interface/set,https://help.mikrotik.com/docs/spaces/ROS/pages/128221386/IGMP%2BProxy,"IGMP Proxy"
/routing/igmp-proxy/mfc,https://help.mikrotik.com/docs/spaces/ROS/pages/128221386/IGMP%2BProxy,"IGMP Proxy"
/routing/igmp-proxy/print,https://help.mikrotik.com/docs/spaces/ROS/pages/128221386/IGMP%2BProxy,"IGMP Proxy"
/routing/igmp-proxy/reset,https://help.mikrotik.com/docs/spaces/ROS/pages/128221386/IGMP%2BProxy,"IGMP Proxy"
/routing/igmp-proxy/set,https://help.mikrotik.com/docs/spaces/ROS/pages/128221386/IGMP%2BProxy,"IGMP Proxy"
/routing/isis,https://help.mikrotik.com/docs/spaces/ROS/pages/201523543/IS-IS,IS-IS
/routing/isis/export,https://help.mikrotik.com/docs/spaces/ROS/pages/201523543/IS-IS,IS-IS
/routing/isis/instance,https://help.mikrotik.com/docs/spaces/ROS/pages/201523543/IS-IS,IS-IS
/routing/isis/instance/add,https://help.mikrotik.com/docs/spaces/ROS/pages/201523543/IS-IS,IS-IS
/routing/isis/instance/comment,https://help.mikrotik.com/docs/spaces/ROS/pages/201523543/IS-IS,IS-IS
/routing/isis/instance/disable,https://help.mikrotik.com/docs/spaces/ROS/pages/201523543/IS-IS,IS-IS
/routing/isis/instance/edit,https://help.mikrotik.com/docs/spaces/ROS/pages/201523543/IS-IS,IS-IS
/routing/isis/instance/enable,https://help.mikrotik.com/docs/spaces/ROS/pages/201523543/IS-IS,IS-IS
/routing/isis/instance/export,https://help.mikrotik.com/docs/spaces/ROS/pages/201523543/IS-IS,IS-IS
/routing/isis/instance/find,https://help.mikrotik.com/docs/spaces/ROS/pages/201523543/IS-IS,IS-IS
/routing/isis/instance/get,https://help.mikrotik.com/docs/spaces/ROS/pages/201523543/IS-IS,IS-IS
/routing/isis/instance/print,https://help.mikrotik.com/docs/spaces/ROS/pages/201523543/IS-IS,IS-IS
/routing/isis/instance/remove,https://help.mikrotik.com/docs/spaces/ROS/pages/201523543/IS-IS,IS-IS
/routing/isis/instance/reset,https://help.mikrotik.com/docs/spaces/ROS/pages/201523543/IS-IS,IS-IS
/routing/isis/instance/set,https://help.mikrotik.com/docs/spaces/ROS/pages/201523543/IS-IS,IS-IS
/routing/isis/instance/unset,https://help.mikrotik.com/docs/spaces/ROS/pages/201523543/IS-IS,IS-IS
/routing/isis/interface,https://help.mikrotik.com/docs/spaces/ROS/pages/201523543/IS-IS,IS-IS
/routing/isis/interface-template,https://help.mikrotik.com/docs/spaces/ROS/pages/201523543/IS-IS,IS-IS
/routing/isis/interface-template/add,https://help.mikrotik.com/docs/spaces/ROS/pages/201523543/IS-IS,IS-IS
/routing/isis/interface-template/comment,https://help.mikrotik.com/docs/spaces/ROS/pages/201523543/IS-IS,IS-IS
/routing/isis/interface-template/disable,https://help.mikrotik.com/docs/spaces/ROS/pages/201523543/IS-IS,IS-IS
/routing/isis/interface-template/edit,https://help.mikrotik.com/docs/spaces/ROS/pages/201523543/IS-IS,IS-IS
/routing/isis/interface-template/enable,https://help.mikrotik.com/docs/spaces/ROS/pages/201523543/IS-IS,IS-IS
/routing/isis/interface-template/export,https://help.mikrotik.com/docs/spaces/ROS/pages/201523543/IS-IS,IS-IS
/routing/isis/interface-template/find,https://help.mikrotik.com/docs/spaces/ROS/pages/201523543/IS-IS,IS-IS
/routing/isis/interface-template/get,https://help.mikrotik.com/docs/spaces/ROS/pages/201523543/IS-IS,IS-IS
/routing/isis/interface-template/move,https://help.mikrotik.com/docs/spaces/ROS/pages/201523543/IS-IS,IS-IS
/routing/isis/interface-template/print,https://help.mikrotik.com/docs/spaces/ROS/pages/201523543/IS-IS,IS-IS
/routing/isis/interface-template/remove,https://help.mikrotik.com/docs/spaces/ROS/pages/201523543/IS-IS,IS-IS
/routing/isis/interface-template/reset,https://help.mikrotik.com/docs/spaces/ROS/pages/201523543/IS-IS,IS-IS
/routing/isis/interface-template/set,https://help.mikrotik.com/docs/spaces/ROS/pages/201523543/IS-IS,IS-IS
/routing/isis/interface-template/unset,https://help.mikrotik.com/docs/spaces/ROS/pages/201523543/IS-IS,IS-IS
/routing/isis/lsp,https://help.mikrotik.com/docs/spaces/ROS/pages/201523543/IS-IS,IS-IS
/routing/isis/neighbor,https://help.mikrotik.com/docs/spaces/ROS/pages/201523543/IS-IS,IS-IS
/routing/isis/neighbor/edit,https://help.mikrotik.com/docs/spaces/ROS/pages/201523543/IS-IS,IS-IS
/routing/isis/neighbor/find,https://help.mikrotik.com/docs/spaces/ROS/pages/201523543/IS-IS,IS-IS
/routing/isis/neighbor/get,https://help.mikrotik.com/docs/spaces/ROS/pages/201523543/IS-IS,IS-IS
/routing/isis/neighbor/print,https://help.mikrotik.com/docs/spaces/ROS/pages/201523543/IS-IS,IS-IS
/routing/isis/neighbor/reset,https://help.mikrotik.com/docs/spaces/ROS/pages/201523543/IS-IS,IS-IS
/routing/isis/neighbor/set,https://help.mikrotik.com/docs/spaces/ROS/pages/201523543/IS-IS,IS-IS
/routing/isis/neighbor/unset,https://help.mikrotik.com/docs/spaces/ROS/pages/201523543/IS-IS,IS-IS
/routing/nexthop,https://help.mikrotik.com/docs/spaces/ROS/pages/328084/IP%2BRouting,"IP Routing"
/routing/ospf,https://help.mikrotik.com/docs/spaces/ROS/pages/328206/Virtual%2BRouting%2Band%2BForwarding%2B-%2BVRF,"Virtual Routing and Forwarding - VRF"
/routing/ospf/area,https://help.mikrotik.com/docs/spaces/ROS/pages/328206/Virtual%2BRouting%2Band%2BForwarding%2B-%2BVRF,"Virtual Routing and Forwarding - VRF"
/routing/ospf/area/add,https://help.mikrotik.com/docs/spaces/ROS/pages/328206/Virtual%2BRouting%2Band%2BForwarding%2B-%2BVRF,"Virtual Routing and Forwarding - VRF"
/routing/ospf/area/comment,https://help.mikrotik.com/docs/spaces/ROS/pages/328206/Virtual%2BRouting%2Band%2BForwarding%2B-%2BVRF,"Virtual Routing and Forwarding - VRF"
/routing/ospf/area/disable,https://help.mikrotik.com/docs/spaces/ROS/pages/328206/Virtual%2BRouting%2Band%2BForwarding%2B-%2BVRF,"Virtual Routing and Forwarding - VRF"
/routing/ospf/area/edit,https://help.mikrotik.com/docs/spaces/ROS/pages/328206/Virtual%2BRouting%2Band%2BForwarding%2B-%2BVRF,"Virtual Routing and Forwarding - VRF"
/routing/ospf/area/enable,https://help.mikrotik.com/docs/spaces/ROS/pages/328206/Virtual%2BRouting%2Band%2BForwarding%2B-%2BVRF,"Virtual Routing and Forwarding - VRF"
/routing/ospf/area/export,https://help.mikrotik.com/docs/spaces/ROS/pages/328206/Virtual%2BRouting%2Band%2BForwarding%2B-%2BVRF,"Virtual Routing and Forwarding - VRF"
/routing/ospf/area/find,https://help.mikrotik.com/docs/spaces/ROS/pages/328206/Virtual%2BRouting%2Band%2BForwarding%2B-%2BVRF,"Virtual Routing and Forwarding - VRF"
/routing/ospf/area/get,https://help.mikrotik.com/docs/spaces/ROS/pages/328206/Virtual%2BRouting%2Band%2BForwarding%2B-%2BVRF,"Virtual Routing and Forwarding - VRF"
/routing/ospf/area/print,https://help.mikrotik.com/docs/spaces/ROS/pages/328206/Virtual%2BRouting%2Band%2BForwarding%2B-%2BVRF,"Virtual Routing and Forwarding - VRF"
/routing/ospf/area/range,https://help.mikrotik.com/docs/spaces/ROS/pages/9863229/OSPF,OSPF
/routing/ospf/area/range/add,https://help.mikrotik.com/docs/spaces/ROS/pages/9863229/OSPF,OSPF
/routing/ospf/area/range/comment,https://help.mikrotik.com/docs/spaces/ROS/pages/9863229/OSPF,OSPF
/routing/ospf/area/range/disable,https://help.mikrotik.com/docs/spaces/ROS/pages/9863229/OSPF,OSPF
/routing/ospf/area/range/edit,https://help.mikrotik.com/docs/spaces/ROS/pages/9863229/OSPF,OSPF
/routing/ospf/area/range/enable,https://help.mikrotik.com/docs/spaces/ROS/pages/9863229/OSPF,OSPF
/routing/ospf/area/range/export,https://help.mikrotik.com/docs/spaces/ROS/pages/9863229/OSPF,OSPF
/routing/ospf/area/range/find,https://help.mikrotik.com/docs/spaces/ROS/pages/9863229/OSPF,OSPF
/routing/ospf/area/range/get,https://help.mikrotik.com/docs/spaces/ROS/pages/9863229/OSPF,OSPF
/routing/ospf/area/range/print,https://help.mikrotik.com/docs/spaces/ROS/pages/9863229/OSPF,OSPF
/routing/ospf/area/range/remove,https://help.mikrotik.com/docs/spaces/ROS/pages/9863229/OSPF,OSPF
/routing/ospf/area/range/reset,https://help.mikrotik.com/docs/spaces/ROS/pages/9863229/OSPF,OSPF
/routing/ospf/area/range/set,https://help.mikrotik.com/docs/spaces/ROS/pages/9863229/OSPF,OSPF
/routing/ospf/area/range/unset,https://help.mikrotik.com/docs/spaces/ROS/pages/9863229/OSPF,OSPF
/routing/ospf/area/remove,https://help.mikrotik.com/docs/spaces/ROS/pages/328206/Virtual%2BRouting%2Band%2BForwarding%2B-%2BVRF,"Virtual Routing and Forwarding - VRF"
/routing/ospf/area/reset,https://help.mikrotik.com/docs/spaces/ROS/pages/328206/Virtual%2BRouting%2Band%2BForwarding%2B-%2BVRF,"Virtual Routing and Forwarding - VRF"
/routing/ospf/area/set,https://help.mikrotik.com/docs/spaces/ROS/pages/328206/Virtual%2BRouting%2Band%2BForwarding%2B-%2BVRF,"Virtual Routing and Forwarding - VRF"
/routing/ospf/area/unset,https://help.mikrotik.com/docs/spaces/ROS/pages/328206/Virtual%2BRouting%2Band%2BForwarding%2B-%2BVRF,"Virtual Routing and Forwarding - VRF"
/routing/ospf/export,https://help.mikrotik.com/docs/spaces/ROS/pages/328206/Virtual%2BRouting%2Band%2BForwarding%2B-%2BVRF,"Virtual Routing and Forwarding - VRF"
/routing/ospf/instance,https://help.mikrotik.com/docs/spaces/ROS/pages/328206/Virtual%2BRouting%2Band%2BForwarding%2B-%2BVRF,"Virtual Routing and Forwarding - VRF"
/routing/ospf/instance/add,https://help.mikrotik.com/docs/spaces/ROS/pages/328206/Virtual%2BRouting%2Band%2BForwarding%2B-%2BVRF,"Virtual Routing and Forwarding - VRF"
/routing/ospf/instance/comment,https://help.mikrotik.com/docs/spaces/ROS/pages/328206/Virtual%2BRouting%2Band%2BForwarding%2B-%2BVRF,"Virtual Routing and Forwarding - VRF"
/routing/ospf/instance/disable,https://help.mikrotik.com/docs/spaces/ROS/pages/328206/Virtual%2BRouting%2Band%2BForwarding%2B-%2BVRF,"Virtual Routing and Forwarding - VRF"
/routing/ospf/instance/edit,https://help.mikrotik.com/docs/spaces/ROS/pages/328206/Virtual%2BRouting%2Band%2BForwarding%2B-%2BVRF,"Virtual Routing and Forwarding - VRF"
/routing/ospf/instance/enable,https://help.mikrotik.com/docs/spaces/ROS/pages/328206/Virtual%2BRouting%2Band%2BForwarding%2B-%2BVRF,"Virtual Routing and Forwarding - VRF"
/routing/ospf/instance/export,https://help.mikrotik.com/docs/spaces/ROS/pages/328206/Virtual%2BRouting%2Band%2BForwarding%2B-%2BVRF,"Virtual Routing and Forwarding - VRF"
/routing/ospf/instance/find,https://help.mikrotik.com/docs/spaces/ROS/pages/328206/Virtual%2BRouting%2Band%2BForwarding%2B-%2BVRF,"Virtual Routing and Forwarding - VRF"
/routing/ospf/instance/get,https://help.mikrotik.com/docs/spaces/ROS/pages/328206/Virtual%2BRouting%2Band%2BForwarding%2B-%2BVRF,"Virtual Routing and Forwarding - VRF"
/routing/ospf/instance/print,https://help.mikrotik.com/docs/spaces/ROS/pages/328206/Virtual%2BRouting%2Band%2BForwarding%2B-%2BVRF,"Virtual Routing and Forwarding - VRF"
/routing/ospf/instance/remove,https://help.mikrotik.com/docs/spaces/ROS/pages/328206/Virtual%2BRouting%2Band%2BForwarding%2B-%2BVRF,"Virtual Routing and Forwarding - VRF"
/routing/ospf/instance/reset,https://help.mikrotik.com/docs/spaces/ROS/pages/328206/Virtual%2BRouting%2Band%2BForwarding%2B-%2BVRF,"Virtual Routing and Forwarding - VRF"
/routing/ospf/instance/set,https://help.mikrotik.com/docs/spaces/ROS/pages/328206/Virtual%2BRouting%2Band%2BForwarding%2B-%2BVRF,"Virtual Routing and Forwarding - VRF"
/routing/ospf/instance/unset,https://help.mikrotik.com/docs/spaces/ROS/pages/328206/Virtual%2BRouting%2Band%2BForwarding%2B-%2BVRF,"Virtual Routing and Forwarding - VRF"
/routing/ospf/interface,https://help.mikrotik.com/docs/spaces/ROS/pages/328206/Virtual%2BRouting%2Band%2BForwarding%2B-%2BVRF,"Virtual Routing and Forwarding - VRF"
/routing/ospf/interface-template,https://help.mikrotik.com/docs/spaces/ROS/pages/328206/Virtual%2BRouting%2Band%2BForwarding%2B-%2BVRF,"Virtual Routing and Forwarding - VRF"
/routing/ospf/interface-template/add,https://help.mikrotik.com/docs/spaces/ROS/pages/328206/Virtual%2BRouting%2Band%2BForwarding%2B-%2BVRF,"Virtual Routing and Forwarding - VRF"
/routing/ospf/interface-template/comment,https://help.mikrotik.com/docs/spaces/ROS/pages/328206/Virtual%2BRouting%2Band%2BForwarding%2B-%2BVRF,"Virtual Routing and Forwarding - VRF"
/routing/ospf/interface-template/disable,https://help.mikrotik.com/docs/spaces/ROS/pages/328206/Virtual%2BRouting%2Band%2BForwarding%2B-%2BVRF,"Virtual Routing and Forwarding - VRF"
/routing/ospf/interface-template/edit,https://help.mikrotik.com/docs/spaces/ROS/pages/328206/Virtual%2BRouting%2Band%2BForwarding%2B-%2BVRF,"Virtual Routing and Forwarding - VRF"
/routing/ospf/interface-template/enable,https://help.mikrotik.com/docs/spaces/ROS/pages/328206/Virtual%2BRouting%2Band%2BForwarding%2B-%2BVRF,"Virtual Routing and Forwarding - VRF"
/routing/ospf/interface-template/export,https://help.mikrotik.com/docs/spaces/ROS/pages/328206/Virtual%2BRouting%2Band%2BForwarding%2B-%2BVRF,"Virtual Routing and Forwarding - VRF"
/routing/ospf/interface-template/find,https://help.mikrotik.com/docs/spaces/ROS/pages/328206/Virtual%2BRouting%2Band%2BForwarding%2B-%2BVRF,"Virtual Routing and Forwarding - VRF"
/routing/ospf/interface-template/get,https://help.mikrotik.com/docs/spaces/ROS/pages/328206/Virtual%2BRouting%2Band%2BForwarding%2B-%2BVRF,"Virtual Routing and Forwarding - VRF"
/routing/ospf/interface-template/move,https://help.mikrotik.com/docs/spaces/ROS/pages/328206/Virtual%2BRouting%2Band%2BForwarding%2B-%2BVRF,"Virtual Routing and Forwarding - VRF"
/routing/ospf/interface-template/print,https://help.mikrotik.com/docs/spaces/ROS/pages/328206/Virtual%2BRouting%2Band%2BForwarding%2B-%2BVRF,"Virtual Routing and Forwarding - VRF"
/routing/ospf/interface-template/remove,https://help.mikrotik.com/docs/spaces/ROS/pages/328206/Virtual%2BRouting%2Band%2BForwarding%2B-%2BVRF,"Virtual Routing and Forwarding - VRF"
/routing/ospf/interface-template/reset,https://help.mikrotik.com/docs/spaces/ROS/pages/328206/Virtual%2BRouting%2Band%2BForwarding%2B-%2BVRF,"Virtual Routing and Forwarding - VRF"
/routing/ospf/interface-template/set,https://help.mikrotik.com/docs/spaces/ROS/pages/328206/Virtual%2BRouting%2Band%2BForwarding%2B-%2BVRF,"Virtual Routing and Forwarding - VRF"
/routing/ospf/interface-template/unset,https://help.mikrotik.com/docs/spaces/ROS/pages/328206/Virtual%2BRouting%2Band%2BForwarding%2B-%2BVRF,"Virtual Routing and Forwarding - VRF"
/routing/ospf/lsa,https://help.mikrotik.com/docs/spaces/ROS/pages/9863229/OSPF,OSPF
/routing/ospf/lsa/find,https://help.mikrotik.com/docs/spaces/ROS/pages/9863229/OSPF,OSPF
/routing/ospf/lsa/get,https://help.mikrotik.com/docs/spaces/ROS/pages/9863229/OSPF,OSPF
/routing/ospf/lsa/print,https://help.mikrotik.com/docs/spaces/ROS/pages/9863229/OSPF,OSPF
/routing/ospf/neighbor,https://help.mikrotik.com/docs/spaces/ROS/pages/328206/Virtual%2BRouting%2Band%2BForwarding%2B-%2BVRF,"Virtual Routing and Forwarding - VRF"
/routing/ospf/neighbor/comment,https://help.mikrotik.com/docs/spaces/ROS/pages/328206/Virtual%2BRouting%2Band%2BForwarding%2B-%2BVRF,"Virtual Routing and Forwarding - VRF"
/routing/ospf/neighbor/edit,https://help.mikrotik.com/docs/spaces/ROS/pages/328206/Virtual%2BRouting%2Band%2BForwarding%2B-%2BVRF,"Virtual Routing and Forwarding - VRF"
/routing/ospf/neighbor/find,https://help.mikrotik.com/docs/spaces/ROS/pages/328206/Virtual%2BRouting%2Band%2BForwarding%2B-%2BVRF,"Virtual Routing and Forwarding - VRF"
/routing/ospf/neighbor/get,https://help.mikrotik.com/docs/spaces/ROS/pages/328206/Virtual%2BRouting%2Band%2BForwarding%2B-%2BVRF,"Virtual Routing and Forwarding - VRF"
/routing/ospf/neighbor/print,https://help.mikrotik.com/docs/spaces/ROS/pages/328206/Virtual%2BRouting%2Band%2BForwarding%2B-%2BVRF,"Virtual Routing and Forwarding - VRF"
/routing/ospf/neighbor/reset,https://help.mikrotik.com/docs/spaces/ROS/pages/328206/Virtual%2BRouting%2Band%2BForwarding%2B-%2BVRF,"Virtual Routing and Forwarding - VRF"
/routing/ospf/neighbor/set,https://help.mikrotik.com/docs/spaces/ROS/pages/328206/Virtual%2BRouting%2Band%2BForwarding%2B-%2BVRF,"Virtual Routing and Forwarding - VRF"
/routing/ospf/static-neighbor,https://help.mikrotik.com/docs/spaces/ROS/pages/328206/Virtual%2BRouting%2Band%2BForwarding%2B-%2BVRF,"Virtual Routing and Forwarding - VRF"
/routing/pimsm,https://help.mikrotik.com/docs/spaces/ROS/pages/61767728/PIM-SM,PIM-SM
/routing/pimsm/bsr,https://help.mikrotik.com/docs/spaces/ROS/pages/61767728/PIM-SM,PIM-SM
/routing/pimsm/export,https://help.mikrotik.com/docs/spaces/ROS/pages/61767728/PIM-SM,PIM-SM
/routing/pimsm/igmp-interface-template,https://help.mikrotik.com/docs/spaces/ROS/pages/61767728/PIM-SM,PIM-SM
/routing/pimsm/instance,https://help.mikrotik.com/docs/spaces/ROS/pages/61767728/PIM-SM,PIM-SM
/routing/pimsm/instance/add,https://help.mikrotik.com/docs/spaces/ROS/pages/61767728/PIM-SM,PIM-SM
/routing/pimsm/instance/disable,https://help.mikrotik.com/docs/spaces/ROS/pages/61767728/PIM-SM,PIM-SM
/routing/pimsm/instance/edit,https://help.mikrotik.com/docs/spaces/ROS/pages/61767728/PIM-SM,PIM-SM
/routing/pimsm/instance/enable,https://help.mikrotik.com/docs/spaces/ROS/pages/61767728/PIM-SM,PIM-SM
/routing/pimsm/instance/export,https://help.mikrotik.com/docs/spaces/ROS/pages/61767728/PIM-SM,PIM-SM
/routing/pimsm/instance/find,https://help.mikrotik.com/docs/spaces/ROS/pages/61767728/PIM-SM,PIM-SM
/routing/pimsm/instance/get,https://help.mikrotik.com/docs/spaces/ROS/pages/61767728/PIM-SM,PIM-SM
/routing/pimsm/instance/print,https://help.mikrotik.com/docs/spaces/ROS/pages/61767728/PIM-SM,PIM-SM
/routing/pimsm/instance/remove,https://help.mikrotik.com/docs/spaces/ROS/pages/61767728/PIM-SM,PIM-SM
/routing/pimsm/instance/reset,https://help.mikrotik.com/docs/spaces/ROS/pages/61767728/PIM-SM,PIM-SM
/routing/pimsm/instance/set,https://help.mikrotik.com/docs/spaces/ROS/pages/61767728/PIM-SM,PIM-SM
/routing/pimsm/interface,https://help.mikrotik.com/docs/spaces/ROS/pages/61767728/PIM-SM,PIM-SM
/routing/pimsm/interface-template,https://help.mikrotik.com/docs/spaces/ROS/pages/61767728/PIM-SM,PIM-SM
/routing/pimsm/interface-template/add,https://help.mikrotik.com/docs/spaces/ROS/pages/61767728/PIM-SM,PIM-SM
/routing/pimsm/interface-template/disable,https://help.mikrotik.com/docs/spaces/ROS/pages/61767728/PIM-SM,PIM-SM
/routing/pimsm/interface-template/edit,https://help.mikrotik.com/docs/spaces/ROS/pages/61767728/PIM-SM,PIM-SM
/routing/pimsm/interface-template/enable,https://help.mikrotik.com/docs/spaces/ROS/pages/61767728/PIM-SM,PIM-SM
/routing/pimsm/interface-template/export,https://help.mikrotik.com/docs/spaces/ROS/pages/61767728/PIM-SM,PIM-SM
/routing/pimsm/interface-template/find,https://help.mikrotik.com/docs/spaces/ROS/pages/61767728/PIM-SM,PIM-SM
/routing/pimsm/interface-template/get,https://help.mikrotik.com/docs/spaces/ROS/pages/61767728/PIM-SM,PIM-SM
/routing/pimsm/interface-template/move,https://help.mikrotik.com/docs/spaces/ROS/pages/61767728/PIM-SM,PIM-SM
/routing/pimsm/interface-template/print,https://help.mikrotik.com/docs/spaces/ROS/pages/61767728/PIM-SM,PIM-SM
/routing/pimsm/interface-template/remove,https://help.mikrotik.com/docs/spaces/ROS/pages/61767728/PIM-SM,PIM-SM
/routing/pimsm/interface-template/reset,https://help.mikrotik.com/docs/spaces/ROS/pages/61767728/PIM-SM,PIM-SM
/routing/pimsm/interface-template/set,https://help.mikrotik.com/docs/spaces/ROS/pages/61767728/PIM-SM,PIM-SM
/routing/pimsm/interface-template/unset,https://help.mikrotik.com/docs/spaces/ROS/pages/61767728/PIM-SM,PIM-SM
/routing/pimsm/neighbor,https://help.mikrotik.com/docs/spaces/ROS/pages/61767728/PIM-SM,PIM-SM
/routing/pimsm/neighbor/find,https://help.mikrotik.com/docs/spaces/ROS/pages/61767728/PIM-SM,PIM-SM
/routing/pimsm/neighbor/get,https://help.mikrotik.com/docs/spaces/ROS/pages/61767728/PIM-SM,PIM-SM
/routing/pimsm/neighbor/print,https://help.mikrotik.com/docs/spaces/ROS/pages/61767728/PIM-SM,PIM-SM
/routing/pimsm/static-rp,https://help.mikrotik.com/docs/spaces/ROS/pages/61767728/PIM-SM,PIM-SM
/routing/pimsm/static-rp/add,https://help.mikrotik.com/docs/spaces/ROS/pages/61767728/PIM-SM,PIM-SM
/routing/pimsm/static-rp/comment,https://help.mikrotik.com/docs/spaces/ROS/pages/61767728/PIM-SM,PIM-SM
/routing/pimsm/static-rp/disable,https://help.mikrotik.com/docs/spaces/ROS/pages/61767728/PIM-SM,PIM-SM
/routing/pimsm/static-rp/edit,https://help.mikrotik.com/docs/spaces/ROS/pages/61767728/PIM-SM,PIM-SM
/routing/pimsm/static-rp/enable,https://help.mikrotik.com/docs/spaces/ROS/pages/61767728/PIM-SM,PIM-SM
/routing/pimsm/static-rp/export,https://help.mikrotik.com/docs/spaces/ROS/pages/61767728/PIM-SM,PIM-SM
/routing/pimsm/static-rp/find,https://help.mikrotik.com/docs/spaces/ROS/pages/61767728/PIM-SM,PIM-SM
/routing/pimsm/static-rp/get,https://help.mikrotik.com/docs/spaces/ROS/pages/61767728/PIM-SM,PIM-SM
/routing/pimsm/static-rp/print,https://help.mikrotik.com/docs/spaces/ROS/pages/61767728/PIM-SM,PIM-SM
/routing/pimsm/static-rp/remove,https://help.mikrotik.com/docs/spaces/ROS/pages/61767728/PIM-SM,PIM-SM
/routing/pimsm/static-rp/reset,https://help.mikrotik.com/docs/spaces/ROS/pages/61767728/PIM-SM,PIM-SM
/routing/pimsm/static-rp/set,https://help.mikrotik.com/docs/spaces/ROS/pages/61767728/PIM-SM,PIM-SM
/routing/pimsm/uib-g,https://help.mikrotik.com/docs/spaces/ROS/pages/61767728/PIM-SM,PIM-SM
/routing/pimsm/uib-g/find,https://help.mikrotik.com/docs/spaces/ROS/pages/61767728/PIM-SM,PIM-SM
/routing/pimsm/uib-g/get,https://help.mikrotik.com/docs/spaces/ROS/pages/61767728/PIM-SM,PIM-SM
/routing/pimsm/uib-g/print,https://help.mikrotik.com/docs/spaces/ROS/pages/61767728/PIM-SM,PIM-SM
/routing/pimsm/uib-sg,https://help.mikrotik.com/docs/spaces/ROS/pages/61767728/PIM-SM,PIM-SM
/routing/pimsm/uib-sg/find,https://help.mikrotik.com/docs/spaces/ROS/pages/61767728/PIM-SM,PIM-SM
/routing/pimsm/uib-sg/get,https://help.mikrotik.com/docs/spaces/ROS/pages/61767728/PIM-SM,PIM-SM
/routing/pimsm/uib-sg/print,https://help.mikrotik.com/docs/spaces/ROS/pages/61767728/PIM-SM,PIM-SM
/routing/rip,https://help.mikrotik.com/docs/spaces/ROS/pages/328206/Virtual%2BRouting%2Band%2BForwarding%2B-%2BVRF,"Virtual Routing and Forwarding - VRF"
/routing/rip/export,https://help.mikrotik.com/docs/spaces/ROS/pages/328206/Virtual%2BRouting%2Band%2BForwarding%2B-%2BVRF,"Virtual Routing and Forwarding - VRF"
/routing/rip/instance,https://help.mikrotik.com/docs/spaces/ROS/pages/328206/Virtual%2BRouting%2Band%2BForwarding%2B-%2BVRF,"Virtual Routing and Forwarding - VRF"
/routing/rip/instance/add,https://help.mikrotik.com/docs/spaces/ROS/pages/328206/Virtual%2BRouting%2Band%2BForwarding%2B-%2BVRF,"Virtual Routing and Forwarding - VRF"
/routing/rip/instance/disable,https://help.mikrotik.com/docs/spaces/ROS/pages/328206/Virtual%2BRouting%2Band%2BForwarding%2B-%2BVRF,"Virtual Routing and Forwarding - VRF"
/routing/rip/instance/edit,https://help.mikrotik.com/docs/spaces/ROS/pages/328206/Virtual%2BRouting%2Band%2BForwarding%2B-%2BVRF,"Virtual Routing and Forwarding - VRF"
/routing/rip/instance/enable,https://help.mikrotik.com/docs/spaces/ROS/pages/328206/Virtual%2BRouting%2Band%2BForwarding%2B-%2BVRF,"Virtual Routing and Forwarding - VRF"
/routing/rip/instance/export,https://help.mikrotik.com/docs/spaces/ROS/pages/328206/Virtual%2BRouting%2Band%2BForwarding%2B-%2BVRF,"Virtual Routing and Forwarding - VRF"
/routing/rip/instance/find,https://help.mikrotik.com/docs/spaces/ROS/pages/328206/Virtual%2BRouting%2Band%2BForwarding%2B-%2BVRF,"Virtual Routing and Forwarding - VRF"
/routing/rip/instance/get,https://help.mikrotik.com/docs/spaces/ROS/pages/328206/Virtual%2BRouting%2Band%2BForwarding%2B-%2BVRF,"Virtual Routing and Forwarding - VRF"
/routing/rip/instance/print,https://help.mikrotik.com/docs/spaces/ROS/pages/328206/Virtual%2BRouting%2Band%2BForwarding%2B-%2BVRF,"Virtual Routing and Forwarding - VRF"
/routing/rip/instance/remove,https://help.mikrotik.com/docs/spaces/ROS/pages/328206/Virtual%2BRouting%2Band%2BForwarding%2B-%2BVRF,"Virtual Routing and Forwarding - VRF"
/routing/rip/instance/reset,https://help.mikrotik.com/docs/spaces/ROS/pages/328206/Virtual%2BRouting%2Band%2BForwarding%2B-%2BVRF,"Virtual Routing and Forwarding - VRF"
/routing/rip/instance/set,https://help.mikrotik.com/docs/spaces/ROS/pages/328206/Virtual%2BRouting%2Band%2BForwarding%2B-%2BVRF,"Virtual Routing and Forwarding - VRF"
/routing/rip/instance/unset,https://help.mikrotik.com/docs/spaces/ROS/pages/328206/Virtual%2BRouting%2Band%2BForwarding%2B-%2BVRF,"Virtual Routing and Forwarding - VRF"
/routing/rip/interface,https://help.mikrotik.com/docs/spaces/ROS/pages/328206/Virtual%2BRouting%2Band%2BForwarding%2B-%2BVRF,"Virtual Routing and Forwarding - VRF"
/routing/rip/interface-template,https://help.mikrotik.com/docs/spaces/ROS/pages/30474256/Moving%2Bfrom%2BROSv6%2Bto%2Bv7%2Bwith%2Bexamples,"Moving from ROSv6 to v7 with examples"
/routing/rip/interface-template/add,https://help.mikrotik.com/docs/spaces/ROS/pages/30474256/Moving%2Bfrom%2BROSv6%2Bto%2Bv7%2Bwith%2Bexamples,"Moving from ROSv6 to v7 with examples"
/routing/rip/interface-template/disable,https://help.mikrotik.com/docs/spaces/ROS/pages/30474256/Moving%2Bfrom%2BROSv6%2Bto%2Bv7%2Bwith%2Bexamples,"Moving from ROSv6 to v7 with examples"
/routing/rip/interface-template/edit,https://help.mikrotik.com/docs/spaces/ROS/pages/30474256/Moving%2Bfrom%2BROSv6%2Bto%2Bv7%2Bwith%2Bexamples,"Moving from ROSv6 to v7 with examples"
/routing/rip/interface-template/enable,https://help.mikrotik.com/docs/spaces/ROS/pages/30474256/Moving%2Bfrom%2BROSv6%2Bto%2Bv7%2Bwith%2Bexamples,"Moving from ROSv6 to v7 with examples"
/routing/rip/interface-template/export,https://help.mikrotik.com/docs/spaces/ROS/pages/30474256/Moving%2Bfrom%2BROSv6%2Bto%2Bv7%2Bwith%2Bexamples,"Moving from ROSv6 to v7 with examples"
/routing/rip/interface-template/find,https://help.mikrotik.com/docs/spaces/ROS/pages/30474256/Moving%2Bfrom%2BROSv6%2Bto%2Bv7%2Bwith%2Bexamples,"Moving from ROSv6 to v7 with examples"
/routing/rip/interface-template/get,https://help.mikrotik.com/docs/spaces/ROS/pages/30474256/Moving%2Bfrom%2BROSv6%2Bto%2Bv7%2Bwith%2Bexamples,"Moving from ROSv6 to v7 with examples"
/routing/rip/interface-template/print,https://help.mikrotik.com/docs/spaces/ROS/pages/30474256/Moving%2Bfrom%2BROSv6%2Bto%2Bv7%2Bwith%2Bexamples,"Moving from ROSv6 to v7 with examples"
/routing/rip/interface-template/remove,https://help.mikrotik.com/docs/spaces/ROS/pages/30474256/Moving%2Bfrom%2BROSv6%2Bto%2Bv7%2Bwith%2Bexamples,"Moving from ROSv6 to v7 with examples"
/routing/rip/interface-template/reset,https://help.mikrotik.com/docs/spaces/ROS/pages/30474256/Moving%2Bfrom%2BROSv6%2Bto%2Bv7%2Bwith%2Bexamples,"Moving from ROSv6 to v7 with examples"
/routing/rip/interface-template/set,https://help.mikrotik.com/docs/spaces/ROS/pages/30474256/Moving%2Bfrom%2BROSv6%2Bto%2Bv7%2Bwith%2Bexamples,"Moving from ROSv6 to v7 with examples"
/routing/rip/interface-template/unset,https://help.mikrotik.com/docs/spaces/ROS/pages/30474256/Moving%2Bfrom%2BROSv6%2Bto%2Bv7%2Bwith%2Bexamples,"Moving from ROSv6 to v7 with examples"
/routing/rip/keys,https://help.mikrotik.com/docs/spaces/ROS/pages/328206/Virtual%2BRouting%2Band%2BForwarding%2B-%2BVRF,"Virtual Routing and Forwarding - VRF"
/routing/rip/neighbor,https://help.mikrotik.com/docs/spaces/ROS/pages/328206/Virtual%2BRouting%2Band%2BForwarding%2B-%2BVRF,"Virtual Routing and Forwarding - VRF"
/routing/rip/static-neighbor,https://help.mikrotik.com/docs/spaces/ROS/pages/328206/Virtual%2BRouting%2Band%2BForwarding%2B-%2BVRF,"Virtual Routing and Forwarding - VRF"
/routing/route,https://help.mikrotik.com/docs/spaces/ROS/pages/328084/IP%2BRouting,"IP Routing"
/routing/route/comment,https://help.mikrotik.com/docs/spaces/ROS/pages/328084/IP%2BRouting,"IP Routing"
/routing/route/disable,https://help.mikrotik.com/docs/spaces/ROS/pages/328084/IP%2BRouting,"IP Routing"
/routing/route/edit,https://help.mikrotik.com/docs/spaces/ROS/pages/328084/IP%2BRouting,"IP Routing"
/routing/route/enable,https://help.mikrotik.com/docs/spaces/ROS/pages/328084/IP%2BRouting,"IP Routing"
/routing/route/find,https://help.mikrotik.com/docs/spaces/ROS/pages/328084/IP%2BRouting,"IP Routing"
/routing/route/get,https://help.mikrotik.com/docs/spaces/ROS/pages/328084/IP%2BRouting,"IP Routing"
/routing/route/print,https://help.mikrotik.com/docs/spaces/ROS/pages/328084/IP%2BRouting,"IP Routing"
/routing/route/reset,https://help.mikrotik.com/docs/spaces/ROS/pages/328084/IP%2BRouting,"IP Routing"
/routing/route/rule,https://help.mikrotik.com/docs/spaces/ROS/pages/328084/IP%2BRouting,"IP Routing"
/routing/route/set,https://help.mikrotik.com/docs/spaces/ROS/pages/328084/IP%2BRouting,"IP Routing"
/routing/route/unset,https://help.mikrotik.com/docs/spaces/ROS/pages/328084/IP%2BRouting,"IP Routing"
/routing/rpki,https://help.mikrotik.com/docs/spaces/ROS/pages/328206/Virtual%2BRouting%2Band%2BForwarding%2B-%2BVRF,"Virtual Routing and Forwarding - VRF"
/routing/rpki/add,https://help.mikrotik.com/docs/spaces/ROS/pages/328206/Virtual%2BRouting%2Band%2BForwarding%2B-%2BVRF,"Virtual Routing and Forwarding - VRF"
/routing/rpki/comment,https://help.mikrotik.com/docs/spaces/ROS/pages/328206/Virtual%2BRouting%2Band%2BForwarding%2B-%2BVRF,"Virtual Routing and Forwarding - VRF"
/routing/rpki/disable,https://help.mikrotik.com/docs/spaces/ROS/pages/328206/Virtual%2BRouting%2Band%2BForwarding%2B-%2BVRF,"Virtual Routing and Forwarding - VRF"
/routing/rpki/edit,https://help.mikrotik.com/docs/spaces/ROS/pages/328206/Virtual%2BRouting%2Band%2BForwarding%2B-%2BVRF,"Virtual Routing and Forwarding - VRF"
/routing/rpki/enable,https://help.mikrotik.com/docs/spaces/ROS/pages/328206/Virtual%2BRouting%2Band%2BForwarding%2B-%2BVRF,"Virtual Routing and Forwarding - VRF"
/routing/rpki/export,https://help.mikrotik.com/docs/spaces/ROS/pages/328206/Virtual%2BRouting%2Band%2BForwarding%2B-%2BVRF,"Virtual Routing and Forwarding - VRF"
/routing/rpki/find,https://help.mikrotik.com/docs/spaces/ROS/pages/328206/Virtual%2BRouting%2Band%2BForwarding%2B-%2BVRF,"Virtual Routing and Forwarding - VRF"
/routing/rpki/get,https://help.mikrotik.com/docs/spaces/ROS/pages/328206/Virtual%2BRouting%2Band%2BForwarding%2B-%2BVRF,"Virtual Routing and Forwarding - VRF"
/routing/rpki/print,https://help.mikrotik.com/docs/spaces/ROS/pages/328206/Virtual%2BRouting%2Band%2BForwarding%2B-%2BVRF,"Virtual Routing and Forwarding - VRF"
/routing/rpki/remove,https://help.mikrotik.com/docs/spaces/ROS/pages/328206/Virtual%2BRouting%2Band%2BForwarding%2B-%2BVRF,"Virtual Routing and Forwarding - VRF"
/routing/rpki/reset,https://help.mikrotik.com/docs/spaces/ROS/pages/328206/Virtual%2BRouting%2Band%2BForwarding%2B-%2BVRF,"Virtual Routing and Forwarding - VRF"
/routing/rpki/rpki-check,https://help.mikrotik.com/docs/spaces/ROS/pages/328206/Virtual%2BRouting%2Band%2BForwarding%2B-%2BVRF,"Virtual Routing and Forwarding - VRF"
/routing/rpki/rpki-query,https://help.mikrotik.com/docs/spaces/ROS/pages/328206/Virtual%2BRouting%2Band%2BForwarding%2B-%2BVRF,"Virtual Routing and Forwarding - VRF"
/routing/rpki/session,https://help.mikrotik.com/docs/spaces/ROS/pages/328206/Virtual%2BRouting%2Band%2BForwarding%2B-%2BVRF,"Virtual Routing and Forwarding - VRF"
/routing/rpki/set,https://help.mikrotik.com/docs/spaces/ROS/pages/328206/Virtual%2BRouting%2Band%2BForwarding%2B-%2BVRF,"Virtual Routing and Forwarding - VRF"
/routing/rpki/unset,https://help.mikrotik.com/docs/spaces/ROS/pages/328206/Virtual%2BRouting%2Band%2BForwarding%2B-%2BVRF,"Virtual Routing and Forwarding - VRF"
/routing/rule,https://help.mikrotik.com/docs/spaces/ROS/pages/328084/IP%2BRouting,"IP Routing"
/routing/rule/add,https://help.mikrotik.com/docs/spaces/ROS/pages/328084/IP%2BRouting,"IP Routing"
/routing/rule/comment,https://help.mikrotik.com/docs/spaces/ROS/pages/328084/IP%2BRouting,"IP Routing"
/routing/rule/disable,https://help.mikrotik.com/docs/spaces/ROS/pages/328084/IP%2BRouting,"IP Routing"
/routing/rule/edit,https://help.mikrotik.com/docs/spaces/ROS/pages/328084/IP%2BRouting,"IP Routing"
/routing/rule/enable,https://help.mikrotik.com/docs/spaces/ROS/pages/328084/IP%2BRouting,"IP Routing"
/routing/rule/export,https://help.mikrotik.com/docs/spaces/ROS/pages/328084/IP%2BRouting,"IP Routing"
/routing/rule/find,https://help.mikrotik.com/docs/spaces/ROS/pages/328084/IP%2BRouting,"IP Routing"
/routing/rule/get,https://help.mikrotik.com/docs/spaces/ROS/pages/328084/IP%2BRouting,"IP Routing"
/routing/rule/move,https://help.mikrotik.com/docs/spaces/ROS/pages/328084/IP%2BRouting,"IP Routing"
/routing/rule/print,https://help.mikrotik.com/docs/spaces/ROS/pages/328084/IP%2BRouting,"IP Routing"
/routing/rule/remove,https://help.mikrotik.com/docs/spaces/ROS/pages/328084/IP%2BRouting,"IP Routing"
/routing/rule/reset,https://help.mikrotik.com/docs/spaces/ROS/pages/328084/IP%2BRouting,"IP Routing"
/routing/rule/set,https://help.mikrotik.com/docs/spaces/ROS/pages/328084/IP%2BRouting,"IP Routing"
/routing/rule/unset,https://help.mikrotik.com/docs/spaces/ROS/pages/328084/IP%2BRouting,"IP Routing"
/routing/settings,https://help.mikrotik.com/docs/spaces/ROS/pages/328084/IP%2BRouting,"IP Routing"
/routing/settings/edit,https://help.mikrotik.com/docs/spaces/ROS/pages/328084/IP%2BRouting,"IP Routing"
/routing/settings/export,https://help.mikrotik.com/docs/spaces/ROS/pages/328084/IP%2BRouting,"IP Routing"
/routing/settings/get,https://help.mikrotik.com/docs/spaces/ROS/pages/328084/IP%2BRouting,"IP Routing"
/routing/settings/print,https://help.mikrotik.com/docs/spaces/ROS/pages/328084/IP%2BRouting,"IP Routing"
/routing/settings/reset,https://help.mikrotik.com/docs/spaces/ROS/pages/328084/IP%2BRouting,"IP Routing"
/routing/settings/set,https://help.mikrotik.com/docs/spaces/ROS/pages/328084/IP%2BRouting,"IP Routing"
/routing/stats,https://help.mikrotik.com/docs/spaces/ROS/pages/30474256/Moving%2Bfrom%2BROSv6%2Bto%2Bv7%2Bwith%2Bexamples,"Moving from ROSv6 to v7 with examples"
/routing/stats/memory,https://help.mikrotik.com/docs/spaces/ROS/pages/30474256/Moving%2Bfrom%2BROSv6%2Bto%2Bv7%2Bwith%2Bexamples,"Moving from ROSv6 to v7 with examples"
/routing/stats/origin,https://help.mikrotik.com/docs/spaces/ROS/pages/30474256/Moving%2Bfrom%2BROSv6%2Bto%2Bv7%2Bwith%2Bexamples,"Moving from ROSv6 to v7 with examples"
/routing/stats/pcap,https://help.mikrotik.com/docs/spaces/ROS/pages/30474256/Moving%2Bfrom%2BROSv6%2Bto%2Bv7%2Bwith%2Bexamples,"Moving from ROSv6 to v7 with examples"
/routing/stats/process,https://help.mikrotik.com/docs/spaces/ROS/pages/30474256/Moving%2Bfrom%2BROSv6%2Bto%2Bv7%2Bwith%2Bexamples,"Moving from ROSv6 to v7 with examples"
/routing/stats/process/find,https://help.mikrotik.com/docs/spaces/ROS/pages/30474256/Moving%2Bfrom%2BROSv6%2Bto%2Bv7%2Bwith%2Bexamples,"Moving from ROSv6 to v7 with examples"
/routing/stats/process/get,https://help.mikrotik.com/docs/spaces/ROS/pages/30474256/Moving%2Bfrom%2BROSv6%2Bto%2Bv7%2Bwith%2Bexamples,"Moving from ROSv6 to v7 with examples"
/routing/stats/process/kill,https://help.mikrotik.com/docs/spaces/ROS/pages/30474256/Moving%2Bfrom%2BROSv6%2Bto%2Bv7%2Bwith%2Bexamples,"Moving from ROSv6 to v7 with examples"
/routing/stats/process/print,https://help.mikrotik.com/docs/spaces/ROS/pages/30474256/Moving%2Bfrom%2BROSv6%2Bto%2Bv7%2Bwith%2Bexamples,"Moving from ROSv6 to v7 with examples"
/routing/stats/step,https://help.mikrotik.com/docs/spaces/ROS/pages/30474256/Moving%2Bfrom%2BROSv6%2Bto%2Bv7%2Bwith%2Bexamples,"Moving from ROSv6 to v7 with examples"
/routing/table,https://help.mikrotik.com/docs/spaces/ROS/pages/328206/Virtual%2BRouting%2Band%2BForwarding%2B-%2BVRF,"Virtual Routing and Forwarding - VRF"
/routing/table/add,https://help.mikrotik.com/docs/spaces/ROS/pages/328206/Virtual%2BRouting%2Band%2BForwarding%2B-%2BVRF,"Virtual Routing and Forwarding - VRF"
/routing/table/comment,https://help.mikrotik.com/docs/spaces/ROS/pages/328206/Virtual%2BRouting%2Band%2BForwarding%2B-%2BVRF,"Virtual Routing and Forwarding - VRF"
/routing/table/disable,https://help.mikrotik.com/docs/spaces/ROS/pages/328206/Virtual%2BRouting%2Band%2BForwarding%2B-%2BVRF,"Virtual Routing and Forwarding - VRF"
/routing/table/edit,https://help.mikrotik.com/docs/spaces/ROS/pages/328206/Virtual%2BRouting%2Band%2BForwarding%2B-%2BVRF,"Virtual Routing and Forwarding - VRF"
/routing/table/enable,https://help.mikrotik.com/docs/spaces/ROS/pages/328206/Virtual%2BRouting%2Band%2BForwarding%2B-%2BVRF,"Virtual Routing and Forwarding - VRF"
/routing/table/export,https://help.mikrotik.com/docs/spaces/ROS/pages/328206/Virtual%2BRouting%2Band%2BForwarding%2B-%2BVRF,"Virtual Routing and Forwarding - VRF"
/routing/table/find,https://help.mikrotik.com/docs/spaces/ROS/pages/328206/Virtual%2BRouting%2Band%2BForwarding%2B-%2BVRF,"Virtual Routing and Forwarding - VRF"
/routing/table/get,https://help.mikrotik.com/docs/spaces/ROS/pages/328206/Virtual%2BRouting%2Band%2BForwarding%2B-%2BVRF,"Virtual Routing and Forwarding - VRF"
/routing/table/print,https://help.mikrotik.com/docs/spaces/ROS/pages/328206/Virtual%2BRouting%2Band%2BForwarding%2B-%2BVRF,"Virtual Routing and Forwarding - VRF"
/routing/table/remove,https://help.mikrotik.com/docs/spaces/ROS/pages/328206/Virtual%2BRouting%2Band%2BForwarding%2B-%2BVRF,"Virtual Routing and Forwarding - VRF"
/routing/table/reset,https://help.mikrotik.com/docs/spaces/ROS/pages/328206/Virtual%2BRouting%2Band%2BForwarding%2B-%2BVRF,"Virtual Routing and Forwarding - VRF"
/routing/table/set,https://help.mikrotik.com/docs/spaces/ROS/pages/328206/Virtual%2BRouting%2Band%2BForwarding%2B-%2BVRF,"Virtual Routing and Forwarding - VRF"
/routing/table/unset,https://help.mikrotik.com/docs/spaces/ROS/pages/328206/Virtual%2BRouting%2Band%2BForwarding%2B-%2BVRF,"Virtual Routing and Forwarding - VRF"
/snmp,https://help.mikrotik.com/docs/spaces/ROS/pages/8978519/SNMP,SNMP
/snmp/community,https://help.mikrotik.com/docs/spaces/ROS/pages/8978519/SNMP,SNMP
/snmp/community/add,https://help.mikrotik.com/docs/spaces/ROS/pages/8978519/SNMP,SNMP
/snmp/community/comment,https://help.mikrotik.com/docs/spaces/ROS/pages/8978519/SNMP,SNMP
/snmp/community/disable,https://help.mikrotik.com/docs/spaces/ROS/pages/8978519/SNMP,SNMP
/snmp/community/edit,https://help.mikrotik.com/docs/spaces/ROS/pages/8978519/SNMP,SNMP
/snmp/community/enable,https://help.mikrotik.com/docs/spaces/ROS/pages/8978519/SNMP,SNMP
/snmp/community/export,https://help.mikrotik.com/docs/spaces/ROS/pages/8978519/SNMP,SNMP
/snmp/community/find,https://help.mikrotik.com/docs/spaces/ROS/pages/8978519/SNMP,SNMP
/snmp/community/get,https://help.mikrotik.com/docs/spaces/ROS/pages/8978519/SNMP,SNMP
/snmp/community/print,https://help.mikrotik.com/docs/spaces/ROS/pages/8978519/SNMP,SNMP
/snmp/community/remove,https://help.mikrotik.com/docs/spaces/ROS/pages/8978519/SNMP,SNMP
/snmp/community/reset,https://help.mikrotik.com/docs/spaces/ROS/pages/8978519/SNMP,SNMP
/snmp/community/set,https://help.mikrotik.com/docs/spaces/ROS/pages/8978519/SNMP,SNMP
/snmp/edit,https://help.mikrotik.com/docs/spaces/ROS/pages/8978519/SNMP,SNMP
/snmp/export,https://help.mikrotik.com/docs/spaces/ROS/pages/8978519/SNMP,SNMP
/snmp/get,https://help.mikrotik.com/docs/spaces/ROS/pages/8978519/SNMP,SNMP
/snmp/print,https://help.mikrotik.com/docs/spaces/ROS/pages/8978519/SNMP,SNMP
/snmp/reset,https://help.mikrotik.com/docs/spaces/ROS/pages/8978519/SNMP,SNMP
/snmp/send-trap,https://help.mikrotik.com/docs/spaces/ROS/pages/8978519/SNMP,SNMP
/snmp/set,https://help.mikrotik.com/docs/spaces/ROS/pages/8978519/SNMP,SNMP
/special-login,https://help.mikrotik.com/docs/spaces/ROS/pages/328139/Serial%2BConsole,"Serial Console"
/special-login/add,https://help.mikrotik.com/docs/spaces/ROS/pages/328139/Serial%2BConsole,"Serial Console"
/special-login/disable,https://help.mikrotik.com/docs/spaces/ROS/pages/328139/Serial%2BConsole,"Serial Console"
/special-login/edit,https://help.mikrotik.com/docs/spaces/ROS/pages/328139/Serial%2BConsole,"Serial Console"
/special-login/enable,https://help.mikrotik.com/docs/spaces/ROS/pages/328139/Serial%2BConsole,"Serial Console"
/special-login/export,https://help.mikrotik.com/docs/spaces/ROS/pages/328139/Serial%2BConsole,"Serial Console"
/special-login/find,https://help.mikrotik.com/docs/spaces/ROS/pages/328139/Serial%2BConsole,"Serial Console"
/special-login/get,https://help.mikrotik.com/docs/spaces/ROS/pages/328139/Serial%2BConsole,"Serial Console"
/special-login/print,https://help.mikrotik.com/docs/spaces/ROS/pages/328139/Serial%2BConsole,"Serial Console"
/special-login/remove,https://help.mikrotik.com/docs/spaces/ROS/pages/328139/Serial%2BConsole,"Serial Console"
/special-login/reset,https://help.mikrotik.com/docs/spaces/ROS/pages/328139/Serial%2BConsole,"Serial Console"
/special-login/set,https://help.mikrotik.com/docs/spaces/ROS/pages/328139/Serial%2BConsole,"Serial Console"
/system,https://help.mikrotik.com/docs/spaces/ROS/pages/328106/Supout.rif,Supout.rif
/system/backup,https://help.mikrotik.com/docs/spaces/ROS/pages/40992852/Backup,Backup
/system/backup/cloud,https://help.mikrotik.com/docs/spaces/ROS/pages/97779929/Cloud,Cloud
/system/backup/cloud/download-file,https://help.mikrotik.com/docs/spaces/ROS/pages/97779929/Cloud,Cloud
/system/backup/cloud/find,https://help.mikrotik.com/docs/spaces/ROS/pages/97779929/Cloud,Cloud
/system/backup/cloud/get,https://help.mikrotik.com/docs/spaces/ROS/pages/97779929/Cloud,Cloud
/system/backup/cloud/print,https://help.mikrotik.com/docs/spaces/ROS/pages/97779929/Cloud,Cloud
/system/backup/cloud/remove-file,https://help.mikrotik.com/docs/spaces/ROS/pages/97779929/Cloud,Cloud
/system/backup/cloud/upload-file,https://help.mikrotik.com/docs/spaces/ROS/pages/97779929/Cloud,Cloud
/system/backup/load,https://help.mikrotik.com/docs/spaces/ROS/pages/40992852/Backup,Backup
/system/backup/save,https://help.mikrotik.com/docs/spaces/ROS/pages/40992852/Backup,Backup
/system/check-disk,https://help.mikrotik.com/docs/spaces/ROS/pages/328106/Supout.rif,Supout.rif
/system/check-installation,https://help.mikrotik.com/docs/spaces/ROS/pages/328106/Supout.rif,Supout.rif
/system/clock,https://help.mikrotik.com/docs/spaces/ROS/pages/24805377/E-mail,E-mail
/system/clock/edit,https://help.mikrotik.com/docs/spaces/ROS/pages/24805377/E-mail,E-mail
/system/clock/export,https://help.mikrotik.com/docs/spaces/ROS/pages/24805377/E-mail,E-mail
/system/clock/get,https://help.mikrotik.com/docs/spaces/ROS/pages/24805377/E-mail,E-mail
/system/clock/manual,https://help.mikrotik.com/docs/spaces/ROS/pages/24805377/E-mail,E-mail
/system/clock/print,https://help.mikrotik.com/docs/spaces/ROS/pages/24805377/E-mail,E-mail
/system/clock/reset,https://help.mikrotik.com/docs/spaces/ROS/pages/24805377/E-mail,E-mail
/system/clock/set,https://help.mikrotik.com/docs/spaces/ROS/pages/24805377/E-mail,E-mail
/system/console,https://help.mikrotik.com/docs/spaces/ROS/pages/328139/Serial%2BConsole,"Serial Console"
/system/console/add,https://help.mikrotik.com/docs/spaces/ROS/pages/328139/Serial%2BConsole,"Serial Console"
/system/console/disable,https://help.mikrotik.com/docs/spaces/ROS/pages/328139/Serial%2BConsole,"Serial Console"
/system/console/edit,https://help.mikrotik.com/docs/spaces/ROS/pages/328139/Serial%2BConsole,"Serial Console"
/system/console/enable,https://help.mikrotik.com/docs/spaces/ROS/pages/328139/Serial%2BConsole,"Serial Console"
/system/console/export,https://help.mikrotik.com/docs/spaces/ROS/pages/328139/Serial%2BConsole,"Serial Console"
/system/console/find,https://help.mikrotik.com/docs/spaces/ROS/pages/328139/Serial%2BConsole,"Serial Console"
/system/console/get,https://help.mikrotik.com/docs/spaces/ROS/pages/328139/Serial%2BConsole,"Serial Console"
/system/console/print,https://help.mikrotik.com/docs/spaces/ROS/pages/328139/Serial%2BConsole,"Serial Console"
/system/console/remove,https://help.mikrotik.com/docs/spaces/ROS/pages/328139/Serial%2BConsole,"Serial Console"
/system/console/reset,https://help.mikrotik.com/docs/spaces/ROS/pages/328139/Serial%2BConsole,"Serial Console"
/system/console/screen,https://help.mikrotik.com/docs/spaces/ROS/pages/328139/Serial%2BConsole,"Serial Console"
/system/console/set,https://help.mikrotik.com/docs/spaces/ROS/pages/328139/Serial%2BConsole,"Serial Console"
/system/default-configuration,https://help.mikrotik.com/docs/spaces/ROS/pages/328106/Supout.rif,Supout.rif
/system/device-mode,https://help.mikrotik.com/docs/spaces/ROS/pages/84901929/Container,Container
/system/device-mode/export,https://help.mikrotik.com/docs/spaces/ROS/pages/84901929/Container,Container
/system/device-mode/get,https://help.mikrotik.com/docs/spaces/ROS/pages/84901929/Container,Container
/system/device-mode/print,https://help.mikrotik.com/docs/spaces/ROS/pages/84901929/Container,Container
/system/device-mode/update,https://help.mikrotik.com/docs/spaces/ROS/pages/84901929/Container,Container
/system/export,https://help.mikrotik.com/docs/spaces/ROS/pages/328106/Supout.rif,Supout.rif
/system/gps,https://help.mikrotik.com/docs/spaces/ROS/pages/84901890/GPS,GPS
/system/gps/edit,https://help.mikrotik.com/docs/spaces/ROS/pages/84901890/GPS,GPS
/system/gps/export,https://help.mikrotik.com/docs/spaces/ROS/pages/84901890/GPS,GPS
/system/gps/get,https://help.mikrotik.com/docs/spaces/ROS/pages/84901890/GPS,GPS
/system/gps/monitor,https://help.mikrotik.com/docs/spaces/ROS/pages/84901890/GPS,GPS
/system/gps/print,https://help.mikrotik.com/docs/spaces/ROS/pages/84901890/GPS,GPS
/system/gps/reset,https://help.mikrotik.com/docs/spaces/ROS/pages/84901890/GPS,GPS
/system/gps/set,https://help.mikrotik.com/docs/spaces/ROS/pages/84901890/GPS,GPS
/system/health,https://help.mikrotik.com/docs/spaces/ROS/pages/328106/Supout.rif,Supout.rif
/system/history,https://help.mikrotik.com/docs/spaces/ROS/pages/328155/Configuration%2BManagement,"Configuration Management"
/system/history/find,https://help.mikrotik.com/docs/spaces/ROS/pages/328155/Configuration%2BManagement,"Configuration Management"
/system/history/get,https://help.mikrotik.com/docs/spaces/ROS/pages/328155/Configuration%2BManagement,"Configuration Management"
/system/history/print,https://help.mikrotik.com/docs/spaces/ROS/pages/328155/Configuration%2BManagement,"Configuration Management"
/system/identity,https://help.mikrotik.com/docs/spaces/ROS/pages/8978519/SNMP,SNMP
/system/identity/edit,https://help.mikrotik.com/docs/spaces/ROS/pages/8978519/SNMP,SNMP
/system/identity/export,https://help.mikrotik.com/docs/spaces/ROS/pages/8978519/SNMP,SNMP
/system/identity/get,https://help.mikrotik.com/docs/spaces/ROS/pages/8978519/SNMP,SNMP
/system/identity/print,https://help.mikrotik.com/docs/spaces/ROS/pages/8978519/SNMP,SNMP
/system/identity/reset,https://help.mikrotik.com/docs/spaces/ROS/pages/8978519/SNMP,SNMP
/system/identity/set,https://help.mikrotik.com/docs/spaces/ROS/pages/8978519/SNMP,SNMP
/system/leds,https://help.mikrotik.com/docs/spaces/ROS/pages/40992859/LEDs,LEDs
/system/leds/add,https://help.mikrotik.com/docs/spaces/ROS/pages/40992859/LEDs,LEDs
/system/leds/disable,https://help.mikrotik.com/docs/spaces/ROS/pages/40992859/LEDs,LEDs
/system/leds/edit,https://help.mikrotik.com/docs/spaces/ROS/pages/40992859/LEDs,LEDs
/system/leds/enable,https://help.mikrotik.com/docs/spaces/ROS/pages/40992859/LEDs,LEDs
/system/leds/export,https://help.mikrotik.com/docs/spaces/ROS/pages/40992859/LEDs,LEDs
/system/leds/find,https://help.mikrotik.com/docs/spaces/ROS/pages/40992859/LEDs,LEDs
/system/leds/get,https://help.mikrotik.com/docs/spaces/ROS/pages/40992859/LEDs,LEDs
/system/leds/print,https://help.mikrotik.com/docs/spaces/ROS/pages/40992859/LEDs,LEDs
/system/leds/remove,https://help.mikrotik.com/docs/spaces/ROS/pages/40992859/LEDs,LEDs
/system/leds/reset,https://help.mikrotik.com/docs/spaces/ROS/pages/40992859/LEDs,LEDs
/system/leds/set,https://help.mikrotik.com/docs/spaces/ROS/pages/40992859/LEDs,LEDs
/system/leds/settings,https://help.mikrotik.com/docs/spaces/ROS/pages/40992878/RouterBOARD,RouterBOARD
/system/leds/settings/edit,https://help.mikrotik.com/docs/spaces/ROS/pages/40992878/RouterBOARD,RouterBOARD
/system/leds/settings/export,https://help.mikrotik.com/docs/spaces/ROS/pages/40992878/RouterBOARD,RouterBOARD
/system/leds/settings/get,https://help.mikrotik.com/docs/spaces/ROS/pages/40992878/RouterBOARD,RouterBOARD
/system/leds/settings/print,https://help.mikrotik.com/docs/spaces/ROS/pages/40992878/RouterBOARD,RouterBOARD
/system/leds/settings/reset,https://help.mikrotik.com/docs/spaces/ROS/pages/40992878/RouterBOARD,RouterBOARD
/system/leds/settings/set,https://help.mikrotik.com/docs/spaces/ROS/pages/40992878/RouterBOARD,RouterBOARD
/system/license,https://help.mikrotik.com/docs/spaces/ROS/pages/328149/RouterOS%2Blicense%2Bkeys,"RouterOS license keys"
/system/license/export,https://help.mikrotik.com/docs/spaces/ROS/pages/328149/RouterOS%2Blicense%2Bkeys,"RouterOS license keys"
/system/license/generate-new-id,https://help.mikrotik.com/docs/spaces/ROS/pages/328149/RouterOS%2Blicense%2Bkeys,"RouterOS license keys"
/system/license/get,https://help.mikrotik.com/docs/spaces/ROS/pages/328149/RouterOS%2Blicense%2Bkeys,"RouterOS license keys"
/system/license/print,https://help.mikrotik.com/docs/spaces/ROS/pages/328149/RouterOS%2Blicense%2Bkeys,"RouterOS license keys"
/system/license/renew,https://help.mikrotik.com/docs/spaces/ROS/pages/328149/RouterOS%2Blicense%2Bkeys,"RouterOS license keys"
/system/logging,https://help.mikrotik.com/docs/spaces/ROS/pages/328094/Log,Log
/system/logging/action,https://help.mikrotik.com/docs/spaces/ROS/pages/328094/Log,Log
/system/logging/action/add,https://help.mikrotik.com/docs/spaces/ROS/pages/328094/Log,Log
/system/logging/action/clear,https://help.mikrotik.com/docs/spaces/ROS/pages/328094/Log,Log
/system/logging/action/comment,https://help.mikrotik.com/docs/spaces/ROS/pages/328094/Log,Log
/system/logging/action/edit,https://help.mikrotik.com/docs/spaces/ROS/pages/328094/Log,Log
/system/logging/action/export,https://help.mikrotik.com/docs/spaces/ROS/pages/328094/Log,Log
/system/logging/action/find,https://help.mikrotik.com/docs/spaces/ROS/pages/328094/Log,Log
/system/logging/action/get,https://help.mikrotik.com/docs/spaces/ROS/pages/328094/Log,Log
/system/logging/action/print,https://help.mikrotik.com/docs/spaces/ROS/pages/328094/Log,Log
/system/logging/action/remove,https://help.mikrotik.com/docs/spaces/ROS/pages/328094/Log,Log
/system/logging/action/reset,https://help.mikrotik.com/docs/spaces/ROS/pages/328094/Log,Log
/system/logging/action/set,https://help.mikrotik.com/docs/spaces/ROS/pages/328094/Log,Log
/system/logging/add,https://help.mikrotik.com/docs/spaces/ROS/pages/328094/Log,Log
/system/logging/comment,https://help.mikrotik.com/docs/spaces/ROS/pages/328094/Log,Log
/system/logging/disable,https://help.mikrotik.com/docs/spaces/ROS/pages/328094/Log,Log
/system/logging/edit,https://help.mikrotik.com/docs/spaces/ROS/pages/328094/Log,Log
/system/logging/enable,https://help.mikrotik.com/docs/spaces/ROS/pages/328094/Log,Log
/system/logging/export,https://help.mikrotik.com/docs/spaces/ROS/pages/328094/Log,Log
/system/logging/find,https://help.mikrotik.com/docs/spaces/ROS/pages/328094/Log,Log
/system/logging/get,https://help.mikrotik.com/docs/spaces/ROS/pages/328094/Log,Log
/system/logging/print,https://help.mikrotik.com/docs/spaces/ROS/pages/328094/Log,Log
/system/logging/remove,https://help.mikrotik.com/docs/spaces/ROS/pages/328094/Log,Log
/system/logging/reset,https://help.mikrotik.com/docs/spaces/ROS/pages/328094/Log,Log
/system/logging/set,https://help.mikrotik.com/docs/spaces/ROS/pages/328094/Log,Log
/system/note,https://help.mikrotik.com/docs/spaces/ROS/pages/40992863/Note,Note
/system/note/edit,https://help.mikrotik.com/docs/spaces/ROS/pages/40992863/Note,Note
/system/note/export,https://help.mikrotik.com/docs/spaces/ROS/pages/40992863/Note,Note
/system/note/get,https://help.mikrotik.com/docs/spaces/ROS/pages/40992863/Note,Note
/system/note/print,https://help.mikrotik.com/docs/spaces/ROS/pages/40992863/Note,Note
/system/note/reset,https://help.mikrotik.com/docs/spaces/ROS/pages/40992863/Note,Note
/system/note/set,https://help.mikrotik.com/docs/spaces/ROS/pages/40992863/Note,Note
/system/ntp,https://help.mikrotik.com/docs/spaces/ROS/pages/328206/Virtual%2BRouting%2Band%2BForwarding%2B-%2BVRF,"Virtual Routing and Forwarding - VRF"
/system/ntp/client,https://help.mikrotik.com/docs/spaces/ROS/pages/328206/Virtual%2BRouting%2Band%2BForwarding%2B-%2BVRF,"Virtual Routing and Forwarding - VRF"
/system/ntp/client/edit,https://help.mikrotik.com/docs/spaces/ROS/pages/328206/Virtual%2BRouting%2Band%2BForwarding%2B-%2BVRF,"Virtual Routing and Forwarding - VRF"
/system/ntp/client/export,https://help.mikrotik.com/docs/spaces/ROS/pages/328206/Virtual%2BRouting%2Band%2BForwarding%2B-%2BVRF,"Virtual Routing and Forwarding - VRF"
/system/ntp/client/get,https://help.mikrotik.com/docs/spaces/ROS/pages/328206/Virtual%2BRouting%2Band%2BForwarding%2B-%2BVRF,"Virtual Routing and Forwarding - VRF"
/system/ntp/client/print,https://help.mikrotik.com/docs/spaces/ROS/pages/328206/Virtual%2BRouting%2Band%2BForwarding%2B-%2BVRF,"Virtual Routing and Forwarding - VRF"
/system/ntp/client/reset,https://help.mikrotik.com/docs/spaces/ROS/pages/328206/Virtual%2BRouting%2Band%2BForwarding%2B-%2BVRF,"Virtual Routing and Forwarding - VRF"
/system/ntp/client/reset-freq-drift,https://help.mikrotik.com/docs/spaces/ROS/pages/328206/Virtual%2BRouting%2Band%2BForwarding%2B-%2BVRF,"Virtual Routing and Forwarding - VRF"
/system/ntp/client/servers,https://help.mikrotik.com/docs/spaces/ROS/pages/328206/Virtual%2BRouting%2Band%2BForwarding%2B-%2BVRF,"Virtual Routing and Forwarding - VRF"
/system/ntp/client/set,https://help.mikrotik.com/docs/spaces/ROS/pages/328206/Virtual%2BRouting%2Band%2BForwarding%2B-%2BVRF,"Virtual Routing and Forwarding - VRF"
/system/ntp/export,https://help.mikrotik.com/docs/spaces/ROS/pages/328206/Virtual%2BRouting%2Band%2BForwarding%2B-%2BVRF,"Virtual Routing and Forwarding - VRF"
/system/ntp/key,https://help.mikrotik.com/docs/spaces/ROS/pages/328206/Virtual%2BRouting%2Band%2BForwarding%2B-%2BVRF,"Virtual Routing and Forwarding - VRF"
/system/ntp/monitor-peers,https://help.mikrotik.com/docs/spaces/ROS/pages/328206/Virtual%2BRouting%2Band%2BForwarding%2B-%2BVRF,"Virtual Routing and Forwarding - VRF"
/system/ntp/server,https://help.mikrotik.com/docs/spaces/ROS/pages/328206/Virtual%2BRouting%2Band%2BForwarding%2B-%2BVRF,"Virtual Routing and Forwarding - VRF"
/system/ntp/server/edit,https://help.mikrotik.com/docs/spaces/ROS/pages/328206/Virtual%2BRouting%2Band%2BForwarding%2B-%2BVRF,"Virtual Routing and Forwarding - VRF"
/system/ntp/server/export,https://help.mikrotik.com/docs/spaces/ROS/pages/328206/Virtual%2BRouting%2Band%2BForwarding%2B-%2BVRF,"Virtual Routing and Forwarding - VRF"
/system/ntp/server/get,https://help.mikrotik.com/docs/spaces/ROS/pages/328206/Virtual%2BRouting%2Band%2BForwarding%2B-%2BVRF,"Virtual Routing and Forwarding - VRF"
/system/ntp/server/print,https://help.mikrotik.com/docs/spaces/ROS/pages/328206/Virtual%2BRouting%2Band%2BForwarding%2B-%2BVRF,"Virtual Routing and Forwarding - VRF"
/system/ntp/server/reset,https://help.mikrotik.com/docs/spaces/ROS/pages/328206/Virtual%2BRouting%2Band%2BForwarding%2B-%2BVRF,"Virtual Routing and Forwarding - VRF"
/system/ntp/server/set,https://help.mikrotik.com/docs/spaces/ROS/pages/328206/Virtual%2BRouting%2Band%2BForwarding%2B-%2BVRF,"Virtual Routing and Forwarding - VRF"
/system/package,https://help.mikrotik.com/docs/spaces/ROS/pages/328142/Upgrading%2Band%2Binstallation,"Upgrading and installation"
/system/package/apply-changes,https://help.mikrotik.com/docs/spaces/ROS/pages/328142/Upgrading%2Band%2Binstallation,"Upgrading and installation"
/system/package/disable,https://help.mikrotik.com/docs/spaces/ROS/pages/328142/Upgrading%2Band%2Binstallation,"Upgrading and installation"
/system/package/downgrade,https://help.mikrotik.com/docs/spaces/ROS/pages/328142/Upgrading%2Band%2Binstallation,"Upgrading and installation"
/system/package/enable,https://help.mikrotik.com/docs/spaces/ROS/pages/328142/Upgrading%2Band%2Binstallation,"Upgrading and installation"
/system/package/export,https://help.mikrotik.com/docs/spaces/ROS/pages/328142/Upgrading%2Band%2Binstallation,"Upgrading and installation"
/system/package/find,https://help.mikrotik.com/docs/spaces/ROS/pages/328142/Upgrading%2Band%2Binstallation,"Upgrading and installation"
/system/package/get,https://help.mikrotik.com/docs/spaces/ROS/pages/328142/Upgrading%2Band%2Binstallation,"Upgrading and installation"
/system/package/local-update,https://help.mikrotik.com/docs/spaces/ROS/pages/328142/Upgrading%2Band%2Binstallation,"Upgrading and installation"
/system/package/print,https://help.mikrotik.com/docs/spaces/ROS/pages/328142/Upgrading%2Band%2Binstallation,"Upgrading and installation"
/system/package/uninstall,https://help.mikrotik.com/docs/spaces/ROS/pages/328142/Upgrading%2Band%2Binstallation,"Upgrading and installation"
/system/package/unschedule,https://help.mikrotik.com/docs/spaces/ROS/pages/328142/Upgrading%2Band%2Binstallation,"Upgrading and installation"
/system/package/update,https://help.mikrotik.com/docs/spaces/ROS/pages/328142/Upgrading%2Band%2Binstallation,"Upgrading and installation"
/system/package/update/cancel,https://help.mikrotik.com/docs/spaces/ROS/pages/328142/Upgrading%2Band%2Binstallation,"Upgrading and installation"
/system/package/update/check-for-updates,https://help.mikrotik.com/docs/spaces/ROS/pages/328142/Upgrading%2Band%2Binstallation,"Upgrading and installation"
/system/package/update/download,https://help.mikrotik.com/docs/spaces/ROS/pages/328142/Upgrading%2Band%2Binstallation,"Upgrading and installation"
/system/package/update/edit,https://help.mikrotik.com/docs/spaces/ROS/pages/328142/Upgrading%2Band%2Binstallation,"Upgrading and installation"
/system/package/update/export,https://help.mikrotik.com/docs/spaces/ROS/pages/328142/Upgrading%2Band%2Binstallation,"Upgrading and installation"
/system/package/update/get,https://help.mikrotik.com/docs/spaces/ROS/pages/328142/Upgrading%2Band%2Binstallation,"Upgrading and installation"
/system/package/update/install,https://help.mikrotik.com/docs/spaces/ROS/pages/328142/Upgrading%2Band%2Binstallation,"Upgrading and installation"
/system/package/update/print,https://help.mikrotik.com/docs/spaces/ROS/pages/328142/Upgrading%2Band%2Binstallation,"Upgrading and installation"
/system/package/update/reset,https://help.mikrotik.com/docs/spaces/ROS/pages/328142/Upgrading%2Band%2Binstallation,"Upgrading and installation"
/system/package/update/set,https://help.mikrotik.com/docs/spaces/ROS/pages/328142/Upgrading%2Band%2Binstallation,"Upgrading and installation"
/system/reboot,https://help.mikrotik.com/docs/spaces/ROS/pages/328106/Supout.rif,Supout.rif
/system/recursive-print,https://help.mikrotik.com/docs/spaces/ROS/pages/328106/Supout.rif,Supout.rif
/system/regulatory,https://help.mikrotik.com/docs/spaces/ROS/pages/328106/Supout.rif,Supout.rif
/system/reset-configuration,https://help.mikrotik.com/docs/spaces/ROS/pages/328106/Supout.rif,Supout.rif
/system/resource,https://help.mikrotik.com/docs/spaces/ROS/pages/40992875/Resource,Resource
/system/resource/cpu,https://help.mikrotik.com/docs/spaces/ROS/pages/40992875/Resource,Resource
/system/resource/cpu/find,https://help.mikrotik.com/docs/spaces/ROS/pages/40992875/Resource,Resource
/system/resource/cpu/get,https://help.mikrotik.com/docs/spaces/ROS/pages/40992875/Resource,Resource
/system/resource/cpu/print,https://help.mikrotik.com/docs/spaces/ROS/pages/40992875/Resource,Resource
/system/resource/export,https://help.mikrotik.com/docs/spaces/ROS/pages/40992875/Resource,Resource
/system/resource/get,https://help.mikrotik.com/docs/spaces/ROS/pages/40992875/Resource,Resource
/system/resource/hardware,https://help.mikrotik.com/docs/spaces/ROS/pages/40992875/Resource,Resource
/system/resource/hardware/authorize,https://help.mikrotik.com/docs/spaces/ROS/pages/40992875/Resource,Resource
/system/resource/hardware/export,https://help.mikrotik.com/docs/spaces/ROS/pages/40992875/Resource,Resource
/system/resource/hardware/find,https://help.mikrotik.com/docs/spaces/ROS/pages/40992875/Resource,Resource
/system/resource/hardware/get,https://help.mikrotik.com/docs/spaces/ROS/pages/40992875/Resource,Resource
/system/resource/hardware/print,https://help.mikrotik.com/docs/spaces/ROS/pages/40992875/Resource,Resource
/system/resource/hardware/usb-power-reset,https://help.mikrotik.com/docs/spaces/ROS/pages/40992875/Resource,Resource
/system/resource/hardware/usb-settings,https://help.mikrotik.com/docs/spaces/ROS/pages/40992875/Resource,Resource
/system/resource/irq,https://help.mikrotik.com/docs/spaces/ROS/pages/40992875/Resource,Resource
/system/resource/irq/edit,https://help.mikrotik.com/docs/spaces/ROS/pages/40992875/Resource,Resource
/system/resource/irq/export,https://help.mikrotik.com/docs/spaces/ROS/pages/40992875/Resource,Resource
/system/resource/irq/find,https://help.mikrotik.com/docs/spaces/ROS/pages/40992875/Resource,Resource
/system/resource/irq/get,https://help.mikrotik.com/docs/spaces/ROS/pages/40992875/Resource,Resource
/system/resource/irq/print,https://help.mikrotik.com/docs/spaces/ROS/pages/40992875/Resource,Resource
/system/resource/irq/reset,https://help.mikrotik.com/docs/spaces/ROS/pages/40992875/Resource,Resource
/system/resource/irq/set,https://help.mikrotik.com/docs/spaces/ROS/pages/40992875/Resource,Resource
/system/resource/monitor,https://help.mikrotik.com/docs/spaces/ROS/pages/40992875/Resource,Resource
/system/resource/print,https://help.mikrotik.com/docs/spaces/ROS/pages/40992875/Resource,Resource
/system/routerboard,https://help.mikrotik.com/docs/spaces/ROS/pages/30146563/LTE%2F5G,LTE/5G
/system/routerboard/export,https://help.mikrotik.com/docs/spaces/ROS/pages/30146563/LTE%2F5G,LTE/5G
/system/routerboard/get,https://help.mikrotik.com/docs/spaces/ROS/pages/30146563/LTE%2F5G,LTE/5G
/system/routerboard/mode-button,https://help.mikrotik.com/docs/spaces/ROS/pages/40992878/RouterBOARD,RouterBOARD
/system/routerboard/mode-button/edit,https://help.mikrotik.com/docs/spaces/ROS/pages/40992878/RouterBOARD,RouterBOARD
/system/routerboard/mode-button/export,https://help.mikrotik.com/docs/spaces/ROS/pages/40992878/RouterBOARD,RouterBOARD
/system/routerboard/mode-button/get,https://help.mikrotik.com/docs/spaces/ROS/pages/40992878/RouterBOARD,RouterBOARD
/system/routerboard/mode-button/print,https://help.mikrotik.com/docs/spaces/ROS/pages/40992878/RouterBOARD,RouterBOARD
/system/routerboard/mode-button/reset,https://help.mikrotik.com/docs/spaces/ROS/pages/40992878/RouterBOARD,RouterBOARD
/system/routerboard/mode-button/set,https://help.mikrotik.com/docs/spaces/ROS/pages/40992878/RouterBOARD,RouterBOARD
/system/routerboard/print,https://help.mikrotik.com/docs/spaces/ROS/pages/30146563/LTE%2F5G,LTE/5G
/system/routerboard/reset-button,https://help.mikrotik.com/docs/spaces/ROS/pages/40992878/RouterBOARD,RouterBOARD
/system/routerboard/reset-button/edit,https://help.mikrotik.com/docs/spaces/ROS/pages/40992878/RouterBOARD,RouterBOARD
/system/routerboard/reset-button/export,https://help.mikrotik.com/docs/spaces/ROS/pages/40992878/RouterBOARD,RouterBOARD
/system/routerboard/reset-button/get,https://help.mikrotik.com/docs/spaces/ROS/pages/40992878/RouterBOARD,RouterBOARD
/system/routerboard/reset-button/print,https://help.mikrotik.com/docs/spaces/ROS/pages/40992878/RouterBOARD,RouterBOARD
/system/routerboard/reset-button/reset,https://help.mikrotik.com/docs/spaces/ROS/pages/40992878/RouterBOARD,RouterBOARD
/system/routerboard/reset-button/set,https://help.mikrotik.com/docs/spaces/ROS/pages/40992878/RouterBOARD,RouterBOARD
/system/routerboard/settings,https://help.mikrotik.com/docs/spaces/ROS/pages/24805390/Netinstall,Netinstall
/system/routerboard/settings/edit,https://help.mikrotik.com/docs/spaces/ROS/pages/24805390/Netinstall,Netinstall
/system/routerboard/settings/export,https://help.mikrotik.com/docs/spaces/ROS/pages/24805390/Netinstall,Netinstall
/system/routerboard/settings/get,https://help.mikrotik.com/docs/spaces/ROS/pages/24805390/Netinstall,Netinstall
/system/routerboard/settings/print,https://help.mikrotik.com/docs/spaces/ROS/pages/24805390/Netinstall,Netinstall
/system/routerboard/settings/reset,https://help.mikrotik.com/docs/spaces/ROS/pages/24805390/Netinstall,Netinstall
/system/routerboard/settings/set,https://help.mikrotik.com/docs/spaces/ROS/pages/24805390/Netinstall,Netinstall
/system/routerboard/upgrade,https://help.mikrotik.com/docs/spaces/ROS/pages/30146563/LTE%2F5G,LTE/5G
/system/routerboard/usb,https://help.mikrotik.com/docs/spaces/ROS/pages/30146563/LTE%2F5G,LTE/5G
/system/routerboard/usb/edit,https://help.mikrotik.com/docs/spaces/ROS/pages/30146563/LTE%2F5G,LTE/5G
/system/routerboard/usb/export,https://help.mikrotik.com/docs/spaces/ROS/pages/30146563/LTE%2F5G,LTE/5G
/system/routerboard/usb/get,https://help.mikrotik.com/docs/spaces/ROS/pages/30146563/LTE%2F5G,LTE/5G
/system/routerboard/usb/power-reset,https://help.mikrotik.com/docs/spaces/ROS/pages/30146563/LTE%2F5G,LTE/5G
/system/routerboard/usb/print,https://help.mikrotik.com/docs/spaces/ROS/pages/30146563/LTE%2F5G,LTE/5G
/system/routerboard/usb/reset,https://help.mikrotik.com/docs/spaces/ROS/pages/30146563/LTE%2F5G,LTE/5G
/system/routerboard/usb/set,https://help.mikrotik.com/docs/spaces/ROS/pages/30146563/LTE%2F5G,LTE/5G
/system/routerboard/wps-button,https://help.mikrotik.com/docs/spaces/ROS/pages/40992878/RouterBOARD,RouterBOARD
/system/routerboard/wps-button/edit,https://help.mikrotik.com/docs/spaces/ROS/pages/40992878/RouterBOARD,RouterBOARD
/system/routerboard/wps-button/export,https://help.mikrotik.com/docs/spaces/ROS/pages/40992878/RouterBOARD,RouterBOARD
/system/routerboard/wps-button/get,https://help.mikrotik.com/docs/spaces/ROS/pages/40992878/RouterBOARD,RouterBOARD
/system/routerboard/wps-button/print,https://help.mikrotik.com/docs/spaces/ROS/pages/40992878/RouterBOARD,RouterBOARD
/system/routerboard/wps-button/reset,https://help.mikrotik.com/docs/spaces/ROS/pages/40992878/RouterBOARD,RouterBOARD
/system/routerboard/wps-button/set,https://help.mikrotik.com/docs/spaces/ROS/pages/40992878/RouterBOARD,RouterBOARD
/system/rtrace,https://help.mikrotik.com/docs/spaces/ROS/pages/328106/Supout.rif,Supout.rif
/system/scheduler,https://help.mikrotik.com/docs/spaces/ROS/pages/24805377/E-mail,E-mail
/system/scheduler/add,https://help.mikrotik.com/docs/spaces/ROS/pages/24805377/E-mail,E-mail
/system/scheduler/comment,https://help.mikrotik.com/docs/spaces/ROS/pages/24805377/E-mail,E-mail
/system/scheduler/disable,https://help.mikrotik.com/docs/spaces/ROS/pages/24805377/E-mail,E-mail
/system/scheduler/edit,https://help.mikrotik.com/docs/spaces/ROS/pages/24805377/E-mail,E-mail
/system/scheduler/enable,https://help.mikrotik.com/docs/spaces/ROS/pages/24805377/E-mail,E-mail
/system/scheduler/export,https://help.mikrotik.com/docs/spaces/ROS/pages/24805377/E-mail,E-mail
/system/scheduler/find,https://help.mikrotik.com/docs/spaces/ROS/pages/24805377/E-mail,E-mail
/system/scheduler/get,https://help.mikrotik.com/docs/spaces/ROS/pages/24805377/E-mail,E-mail
/system/scheduler/print,https://help.mikrotik.com/docs/spaces/ROS/pages/24805377/E-mail,E-mail
/system/scheduler/remove,https://help.mikrotik.com/docs/spaces/ROS/pages/24805377/E-mail,E-mail
/system/scheduler/reset,https://help.mikrotik.com/docs/spaces/ROS/pages/24805377/E-mail,E-mail
/system/scheduler/set,https://help.mikrotik.com/docs/spaces/ROS/pages/24805377/E-mail,E-mail
/system/script,https://help.mikrotik.com/docs/spaces/ROS/pages/8978519/SNMP,SNMP
/system/script/add,https://help.mikrotik.com/docs/spaces/ROS/pages/8978519/SNMP,SNMP
/system/script/comment,https://help.mikrotik.com/docs/spaces/ROS/pages/8978519/SNMP,SNMP
/system/script/edit,https://help.mikrotik.com/docs/spaces/ROS/pages/8978519/SNMP,SNMP
/system/script/environment,https://help.mikrotik.com/docs/spaces/ROS/pages/8978519/SNMP,SNMP
/system/script/export,https://help.mikrotik.com/docs/spaces/ROS/pages/8978519/SNMP,SNMP
/system/script/find,https://help.mikrotik.com/docs/spaces/ROS/pages/8978519/SNMP,SNMP
/system/script/get,https://help.mikrotik.com/docs/spaces/ROS/pages/8978519/SNMP,SNMP
/system/script/job,https://help.mikrotik.com/docs/spaces/ROS/pages/47579229/Scripting,Scripting
/system/script/job/comment,https://help.mikrotik.com/docs/spaces/ROS/pages/47579229/Scripting,Scripting
/system/script/job/edit,https://help.mikrotik.com/docs/spaces/ROS/pages/47579229/Scripting,Scripting
/system/script/job/find,https://help.mikrotik.com/docs/spaces/ROS/pages/47579229/Scripting,Scripting
/system/script/job/get,https://help.mikrotik.com/docs/spaces/ROS/pages/47579229/Scripting,Scripting
/system/script/job/print,https://help.mikrotik.com/docs/spaces/ROS/pages/47579229/Scripting,Scripting
/system/script/job/remove,https://help.mikrotik.com/docs/spaces/ROS/pages/47579229/Scripting,Scripting
/system/script/job/reset,https://help.mikrotik.com/docs/spaces/ROS/pages/47579229/Scripting,Scripting
/system/script/job/set,https://help.mikrotik.com/docs/spaces/ROS/pages/47579229/Scripting,Scripting
/system/script/print,https://help.mikrotik.com/docs/spaces/ROS/pages/8978519/SNMP,SNMP
/system/script/remove,https://help.mikrotik.com/docs/spaces/ROS/pages/8978519/SNMP,SNMP
/system/script/reset,https://help.mikrotik.com/docs/spaces/ROS/pages/8978519/SNMP,SNMP
/system/script/run,https://help.mikrotik.com/docs/spaces/ROS/pages/8978519/SNMP,SNMP
/system/script/set,https://help.mikrotik.com/docs/spaces/ROS/pages/8978519/SNMP,SNMP
/system/serial-terminal,https://help.mikrotik.com/docs/spaces/ROS/pages/328106/Supout.rif,Supout.rif
/system/shell,https://help.mikrotik.com/docs/spaces/ROS/pages/328106/Supout.rif,Supout.rif
/system/shutdown,https://help.mikrotik.com/docs/spaces/ROS/pages/328106/Supout.rif,Supout.rif
/system/ssh,https://help.mikrotik.com/docs/spaces/ROS/pages/328106/Supout.rif,Supout.rif
/system/ssh-exec,https://help.mikrotik.com/docs/spaces/ROS/pages/328106/Supout.rif,Supout.rif
/system/sup-output,https://help.mikrotik.com/docs/spaces/ROS/pages/328106/Supout.rif,Supout.rif
/system/telnet,https://help.mikrotik.com/docs/spaces/ROS/pages/328106/Supout.rif,Supout.rif
/system/ups,https://help.mikrotik.com/docs/spaces/ROS/pages/328106/Supout.rif,Supout.rif
/system/watchdog,https://help.mikrotik.com/docs/spaces/ROS/pages/328106/Supout.rif,Supout.rif
/tool,https://help.mikrotik.com/docs/spaces/ROS/pages/328206/Virtual%2BRouting%2Band%2BForwarding%2B-%2BVRF,"Virtual Routing and Forwarding - VRF"
/tool/bandwidth-server,https://help.mikrotik.com/docs/spaces/ROS/pages/328151/First%2BTime%2BConfiguration,"First Time Configuration"
/tool/bandwidth-server/edit,https://help.mikrotik.com/docs/spaces/ROS/pages/328151/First%2BTime%2BConfiguration,"First Time Configuration"
/tool/bandwidth-server/export,https://help.mikrotik.com/docs/spaces/ROS/pages/328151/First%2BTime%2BConfiguration,"First Time Configuration"
/tool/bandwidth-server/get,https://help.mikrotik.com/docs/spaces/ROS/pages/328151/First%2BTime%2BConfiguration,"First Time Configuration"
/tool/bandwidth-server/print,https://help.mikrotik.com/docs/spaces/ROS/pages/328151/First%2BTime%2BConfiguration,"First Time Configuration"
/tool/bandwidth-server/reset,https://help.mikrotik.com/docs/spaces/ROS/pages/328151/First%2BTime%2BConfiguration,"First Time Configuration"
/tool/bandwidth-server/session,https://help.mikrotik.com/docs/spaces/ROS/pages/7962644/Bandwidth%2BTest,"Bandwidth Test"
/tool/bandwidth-server/session/find,https://help.mikrotik.com/docs/spaces/ROS/pages/7962644/Bandwidth%2BTest,"Bandwidth Test"
/tool/bandwidth-server/session/get,https://help.mikrotik.com/docs/spaces/ROS/pages/7962644/Bandwidth%2BTest,"Bandwidth Test"
/tool/bandwidth-server/session/print,https://help.mikrotik.com/docs/spaces/ROS/pages/7962644/Bandwidth%2BTest,"Bandwidth Test"
/tool/bandwidth-server/session/remove,https://help.mikrotik.com/docs/spaces/ROS/pages/7962644/Bandwidth%2BTest,"Bandwidth Test"
/tool/bandwidth-server/set,https://help.mikrotik.com/docs/spaces/ROS/pages/328151/First%2BTime%2BConfiguration,"First Time Configuration"
/tool/bandwidth-test,https://help.mikrotik.com/docs/spaces/ROS/pages/328206/Virtual%2BRouting%2Band%2BForwarding%2B-%2BVRF,"Virtual Routing and Forwarding - VRF"
/tool/calea,https://help.mikrotik.com/docs/spaces/ROS/pages/328206/Virtual%2BRouting%2Band%2BForwarding%2B-%2BVRF,"Virtual Routing and Forwarding - VRF"
/tool/dns-update,https://help.mikrotik.com/docs/spaces/ROS/pages/328206/Virtual%2BRouting%2Band%2BForwarding%2B-%2BVRF,"Virtual Routing and Forwarding - VRF"
/tool/e-mail,https://help.mikrotik.com/docs/spaces/ROS/pages/328206/Virtual%2BRouting%2Band%2BForwarding%2B-%2BVRF,"Virtual Routing and Forwarding - VRF"
/tool/e-mail/edit,https://help.mikrotik.com/docs/spaces/ROS/pages/328206/Virtual%2BRouting%2Band%2BForwarding%2B-%2BVRF,"Virtual Routing and Forwarding - VRF"
/tool/e-mail/export,https://help.mikrotik.com/docs/spaces/ROS/pages/328206/Virtual%2BRouting%2Band%2BForwarding%2B-%2BVRF,"Virtual Routing and Forwarding - VRF"
/tool/e-mail/get,https://help.mikrotik.com/docs/spaces/ROS/pages/328206/Virtual%2BRouting%2Band%2BForwarding%2B-%2BVRF,"Virtual Routing and Forwarding - VRF"
/tool/e-mail/print,https://help.mikrotik.com/docs/spaces/ROS/pages/328206/Virtual%2BRouting%2Band%2BForwarding%2B-%2BVRF,"Virtual Routing and Forwarding - VRF"
/tool/e-mail/reset,https://help.mikrotik.com/docs/spaces/ROS/pages/328206/Virtual%2BRouting%2Band%2BForwarding%2B-%2BVRF,"Virtual Routing and Forwarding - VRF"
/tool/e-mail/send,https://help.mikrotik.com/docs/spaces/ROS/pages/328206/Virtual%2BRouting%2Band%2BForwarding%2B-%2BVRF,"Virtual Routing and Forwarding - VRF"
/tool/e-mail/set,https://help.mikrotik.com/docs/spaces/ROS/pages/328206/Virtual%2BRouting%2Band%2BForwarding%2B-%2BVRF,"Virtual Routing and Forwarding - VRF"
/tool/export,https://help.mikrotik.com/docs/spaces/ROS/pages/328206/Virtual%2BRouting%2Band%2BForwarding%2B-%2BVRF,"Virtual Routing and Forwarding - VRF"
/tool/fetch,https://help.mikrotik.com/docs/spaces/ROS/pages/328206/Virtual%2BRouting%2Band%2BForwarding%2B-%2BVRF,"Virtual Routing and Forwarding - VRF"
/tool/flood-ping,https://help.mikrotik.com/docs/spaces/ROS/pages/328206/Virtual%2BRouting%2Band%2BForwarding%2B-%2BVRF,"Virtual Routing and Forwarding - VRF"
/tool/graphing,https://help.mikrotik.com/docs/spaces/ROS/pages/328206/Virtual%2BRouting%2Band%2BForwarding%2B-%2BVRF,"Virtual Routing and Forwarding - VRF"
/tool/ip-scan,https://help.mikrotik.com/docs/spaces/ROS/pages/328206/Virtual%2BRouting%2Band%2BForwarding%2B-%2BVRF,"Virtual Routing and Forwarding - VRF"
/tool/mac-scan,https://help.mikrotik.com/docs/spaces/ROS/pages/328206/Virtual%2BRouting%2Band%2BForwarding%2B-%2BVRF,"Virtual Routing and Forwarding - VRF"
/tool/mac-server,https://help.mikrotik.com/docs/spaces/ROS/pages/328151/First%2BTime%2BConfiguration,"First Time Configuration"
/tool/mac-server/edit,https://help.mikrotik.com/docs/spaces/ROS/pages/328151/First%2BTime%2BConfiguration,"First Time Configuration"
/tool/mac-server/export,https://help.mikrotik.com/docs/spaces/ROS/pages/328151/First%2BTime%2BConfiguration,"First Time Configuration"
/tool/mac-server/get,https://help.mikrotik.com/docs/spaces/ROS/pages/328151/First%2BTime%2BConfiguration,"First Time Configuration"
/tool/mac-server/mac-winbox,https://help.mikrotik.com/docs/spaces/ROS/pages/328151/First%2BTime%2BConfiguration,"First Time Configuration"
/tool/mac-server/mac-winbox/edit,https://help.mikrotik.com/docs/spaces/ROS/pages/328151/First%2BTime%2BConfiguration,"First Time Configuration"
/tool/mac-server/mac-winbox/export,https://help.mikrotik.com/docs/spaces/ROS/pages/328151/First%2BTime%2BConfiguration,"First Time Configuration"
/tool/mac-server/mac-winbox/get,https://help.mikrotik.com/docs/spaces/ROS/pages/328151/First%2BTime%2BConfiguration,"First Time Configuration"
/tool/mac-server/mac-winbox/print,https://help.mikrotik.com/docs/spaces/ROS/pages/328151/First%2BTime%2BConfiguration,"First Time Configuration"
/tool/mac-server/mac-winbox/reset,https://help.mikrotik.com/docs/spaces/ROS/pages/328151/First%2BTime%2BConfiguration,"First Time Configuration"
/tool/mac-server/mac-winbox/set,https://help.mikrotik.com/docs/spaces/ROS/pages/328151/First%2BTime%2BConfiguration,"First Time Configuration"
/tool/mac-server/ping,https://help.mikrotik.com/docs/spaces/ROS/pages/328353/Securing%2Byour%2Brouter,"Securing your router"
/tool/mac-server/ping/edit,https://help.mikrotik.com/docs/spaces/ROS/pages/328353/Securing%2Byour%2Brouter,"Securing your router"
/tool/mac-server/ping/export,https://help.mikrotik.com/docs/spaces/ROS/pages/328353/Securing%2Byour%2Brouter,"Securing your router"
/tool/mac-server/ping/get,https://help.mikrotik.com/docs/spaces/ROS/pages/328353/Securing%2Byour%2Brouter,"Securing your router"
/tool/mac-server/ping/print,https://help.mikrotik.com/docs/spaces/ROS/pages/328353/Securing%2Byour%2Brouter,"Securing your router"
/tool/mac-server/ping/reset,https://help.mikrotik.com/docs/spaces/ROS/pages/328353/Securing%2Byour%2Brouter,"Securing your router"
/tool/mac-server/ping/set,https://help.mikrotik.com/docs/spaces/ROS/pages/328353/Securing%2Byour%2Brouter,"Securing your router"
/tool/mac-server/print,https://help.mikrotik.com/docs/spaces/ROS/pages/328151/First%2BTime%2BConfiguration,"First Time Configuration"
/tool/mac-server/reset,https://help.mikrotik.com/docs/spaces/ROS/pages/328151/First%2BTime%2BConfiguration,"First Time Configuration"
/tool/mac-server/sessions,https://help.mikrotik.com/docs/spaces/ROS/pages/328151/First%2BTime%2BConfiguration,"First Time Configuration"
/tool/mac-server/set,https://help.mikrotik.com/docs/spaces/ROS/pages/328151/First%2BTime%2BConfiguration,"First Time Configuration"
/tool/mac-telnet,https://help.mikrotik.com/docs/spaces/ROS/pages/328206/Virtual%2BRouting%2Band%2BForwarding%2B-%2BVRF,"Virtual Routing and Forwarding - VRF"
/tool/netwatch,https://help.mikrotik.com/docs/spaces/ROS/pages/328206/Virtual%2BRouting%2Band%2BForwarding%2B-%2BVRF,"Virtual Routing and Forwarding - VRF"
/tool/netwatch/add,https://help.mikrotik.com/docs/spaces/ROS/pages/328206/Virtual%2BRouting%2Band%2BForwarding%2B-%2BVRF,"Virtual Routing and Forwarding - VRF"
/tool/netwatch/comment,https://help.mikrotik.com/docs/spaces/ROS/pages/328206/Virtual%2BRouting%2Band%2BForwarding%2B-%2BVRF,"Virtual Routing and Forwarding - VRF"
/tool/netwatch/disable,https://help.mikrotik.com/docs/spaces/ROS/pages/328206/Virtual%2BRouting%2Band%2BForwarding%2B-%2BVRF,"Virtual Routing and Forwarding - VRF"
/tool/netwatch/edit,https://help.mikrotik.com/docs/spaces/ROS/pages/328206/Virtual%2BRouting%2Band%2BForwarding%2B-%2BVRF,"Virtual Routing and Forwarding - VRF"
/tool/netwatch/enable,https://help.mikrotik.com/docs/spaces/ROS/pages/328206/Virtual%2BRouting%2Band%2BForwarding%2B-%2BVRF,"Virtual Routing and Forwarding - VRF"
/tool/netwatch/export,https://help.mikrotik.com/docs/spaces/ROS/pages/328206/Virtual%2BRouting%2Band%2BForwarding%2B-%2BVRF,"Virtual Routing and Forwarding - VRF"
/tool/netwatch/find,https://help.mikrotik.com/docs/spaces/ROS/pages/328206/Virtual%2BRouting%2Band%2BForwarding%2B-%2BVRF,"Virtual Routing and Forwarding - VRF"
/tool/netwatch/get,https://help.mikrotik.com/docs/spaces/ROS/pages/328206/Virtual%2BRouting%2Band%2BForwarding%2B-%2BVRF,"Virtual Routing and Forwarding - VRF"
/tool/netwatch/print,https://help.mikrotik.com/docs/spaces/ROS/pages/328206/Virtual%2BRouting%2Band%2BForwarding%2B-%2BVRF,"Virtual Routing and Forwarding - VRF"
/tool/netwatch/remove,https://help.mikrotik.com/docs/spaces/ROS/pages/328206/Virtual%2BRouting%2Band%2BForwarding%2B-%2BVRF,"Virtual Routing and Forwarding - VRF"
/tool/netwatch/reset,https://help.mikrotik.com/docs/spaces/ROS/pages/328206/Virtual%2BRouting%2Band%2BForwarding%2B-%2BVRF,"Virtual Routing and Forwarding - VRF"
/tool/netwatch/set,https://help.mikrotik.com/docs/spaces/ROS/pages/328206/Virtual%2BRouting%2Band%2BForwarding%2B-%2BVRF,"Virtual Routing and Forwarding - VRF"
/tool/netwatch/unset,https://help.mikrotik.com/docs/spaces/ROS/pages/328206/Virtual%2BRouting%2Band%2BForwarding%2B-%2BVRF,"Virtual Routing and Forwarding - VRF"
/tool/ping,https://help.mikrotik.com/docs/spaces/ROS/pages/328206/Virtual%2BRouting%2Band%2BForwarding%2B-%2BVRF,"Virtual Routing and Forwarding - VRF"
/tool/ping-speed,https://help.mikrotik.com/docs/spaces/ROS/pages/328206/Virtual%2BRouting%2Band%2BForwarding%2B-%2BVRF,"Virtual Routing and Forwarding - VRF"
/tool/profile,https://help.mikrotik.com/docs/spaces/ROS/pages/328206/Virtual%2BRouting%2Band%2BForwarding%2B-%2BVRF,"Virtual Routing and Forwarding - VRF"
/tool/recursive-print,https://help.mikrotik.com/docs/spaces/ROS/pages/328206/Virtual%2BRouting%2Band%2BForwarding%2B-%2BVRF,"Virtual Routing and Forwarding - VRF"
/tool/romon,https://help.mikrotik.com/docs/spaces/ROS/pages/8978569/RoMON,RoMON
/tool/romon/discover,https://help.mikrotik.com/docs/spaces/ROS/pages/8978569/RoMON,RoMON
/tool/romon/edit,https://help.mikrotik.com/docs/spaces/ROS/pages/8978569/RoMON,RoMON
/tool/romon/export,https://help.mikrotik.com/docs/spaces/ROS/pages/8978569/RoMON,RoMON
/tool/romon/get,https://help.mikrotik.com/docs/spaces/ROS/pages/8978569/RoMON,RoMON
/tool/romon/ping,https://help.mikrotik.com/docs/spaces/ROS/pages/8978569/RoMON,RoMON
/tool/romon/port,https://help.mikrotik.com/docs/spaces/ROS/pages/8978569/RoMON,RoMON
/tool/romon/port/add,https://help.mikrotik.com/docs/spaces/ROS/pages/8978569/RoMON,RoMON
/tool/romon/port/comment,https://help.mikrotik.com/docs/spaces/ROS/pages/8978569/RoMON,RoMON
/tool/romon/port/disable,https://help.mikrotik.com/docs/spaces/ROS/pages/8978569/RoMON,RoMON
/tool/romon/port/edit,https://help.mikrotik.com/docs/spaces/ROS/pages/8978569/RoMON,RoMON
/tool/romon/port/enable,https://help.mikrotik.com/docs/spaces/ROS/pages/8978569/RoMON,RoMON
/tool/romon/port/export,https://help.mikrotik.com/docs/spaces/ROS/pages/8978569/RoMON,RoMON
/tool/romon/port/find,https://help.mikrotik.com/docs/spaces/ROS/pages/8978569/RoMON,RoMON
/tool/romon/port/get,https://help.mikrotik.com/docs/spaces/ROS/pages/8978569/RoMON,RoMON
/tool/romon/port/print,https://help.mikrotik.com/docs/spaces/ROS/pages/8978569/RoMON,RoMON
/tool/romon/port/remove,https://help.mikrotik.com/docs/spaces/ROS/pages/8978569/RoMON,RoMON
/tool/romon/port/reset,https://help.mikrotik.com/docs/spaces/ROS/pages/8978569/RoMON,RoMON
/tool/romon/port/set,https://help.mikrotik.com/docs/spaces/ROS/pages/8978569/RoMON,RoMON
/tool/romon/print,https://help.mikrotik.com/docs/spaces/ROS/pages/8978569/RoMON,RoMON
/tool/romon/reset,https://help.mikrotik.com/docs/spaces/ROS/pages/8978569/RoMON,RoMON
/tool/romon/set,https://help.mikrotik.com/docs/spaces/ROS/pages/8978569/RoMON,RoMON
/tool/romon/ssh,https://help.mikrotik.com/docs/spaces/ROS/pages/8978569/RoMON,RoMON
/tool/sms,https://help.mikrotik.com/docs/spaces/ROS/pages/62390313/SMS,SMS
/tool/sms/edit,https://help.mikrotik.com/docs/spaces/ROS/pages/62390313/SMS,SMS
/tool/sms/export,https://help.mikrotik.com/docs/spaces/ROS/pages/62390313/SMS,SMS
/tool/sms/get,https://help.mikrotik.com/docs/spaces/ROS/pages/62390313/SMS,SMS
/tool/sms/inbox,https://help.mikrotik.com/docs/spaces/ROS/pages/62390313/SMS,SMS
/tool/sms/inbox/find,https://help.mikrotik.com/docs/spaces/ROS/pages/62390313/SMS,SMS
/tool/sms/inbox/get,https://help.mikrotik.com/docs/spaces/ROS/pages/62390313/SMS,SMS
/tool/sms/inbox/print,https://help.mikrotik.com/docs/spaces/ROS/pages/62390313/SMS,SMS
/tool/sms/inbox/remove,https://help.mikrotik.com/docs/spaces/ROS/pages/62390313/SMS,SMS
/tool/sms/print,https://help.mikrotik.com/docs/spaces/ROS/pages/62390313/SMS,SMS
/tool/sms/reset,https://help.mikrotik.com/docs/spaces/ROS/pages/62390313/SMS,SMS
/tool/sms/send,https://help.mikrotik.com/docs/spaces/ROS/pages/62390313/SMS,SMS
/tool/sms/set,https://help.mikrotik.com/docs/spaces/ROS/pages/62390313/SMS,SMS
/tool/sniffer,https://help.mikrotik.com/docs/spaces/ROS/pages/8323088/Packet%2BSniffer,"Packet Sniffer"
/tool/sniffer/connection,https://help.mikrotik.com/docs/spaces/ROS/pages/8323088/Packet%2BSniffer,"Packet Sniffer"
/tool/sniffer/edit,https://help.mikrotik.com/docs/spaces/ROS/pages/8323088/Packet%2BSniffer,"Packet Sniffer"
/tool/sniffer/export,https://help.mikrotik.com/docs/spaces/ROS/pages/8323088/Packet%2BSniffer,"Packet Sniffer"
/tool/sniffer/get,https://help.mikrotik.com/docs/spaces/ROS/pages/8323088/Packet%2BSniffer,"Packet Sniffer"
/tool/sniffer/host,https://help.mikrotik.com/docs/spaces/ROS/pages/8323088/Packet%2BSniffer,"Packet Sniffer"
/tool/sniffer/host/find,https://help.mikrotik.com/docs/spaces/ROS/pages/8323088/Packet%2BSniffer,"Packet Sniffer"
/tool/sniffer/host/get,https://help.mikrotik.com/docs/spaces/ROS/pages/8323088/Packet%2BSniffer,"Packet Sniffer"
/tool/sniffer/host/print,https://help.mikrotik.com/docs/spaces/ROS/pages/8323088/Packet%2BSniffer,"Packet Sniffer"
/tool/sniffer/packet,https://help.mikrotik.com/docs/spaces/ROS/pages/8323088/Packet%2BSniffer,"Packet Sniffer"
/tool/sniffer/print,https://help.mikrotik.com/docs/spaces/ROS/pages/8323088/Packet%2BSniffer,"Packet Sniffer"
/tool/sniffer/protocol,https://help.mikrotik.com/docs/spaces/ROS/pages/8323088/Packet%2BSniffer,"Packet Sniffer"
/tool/sniffer/protocol/find,https://help.mikrotik.com/docs/spaces/ROS/pages/8323088/Packet%2BSniffer,"Packet Sniffer"
/tool/sniffer/protocol/get,https://help.mikrotik.com/docs/spaces/ROS/pages/8323088/Packet%2BSniffer,"Packet Sniffer"
/tool/sniffer/protocol/print,https://help.mikrotik.com/docs/spaces/ROS/pages/8323088/Packet%2BSniffer,"Packet Sniffer"
/tool/sniffer/quick,https://help.mikrotik.com/docs/spaces/ROS/pages/8323088/Packet%2BSniffer,"Packet Sniffer"
/tool/sniffer/reset,https://help.mikrotik.com/docs/spaces/ROS/pages/8323088/Packet%2BSniffer,"Packet Sniffer"
/tool/sniffer/save,https://help.mikrotik.com/docs/spaces/ROS/pages/8323088/Packet%2BSniffer,"Packet Sniffer"
/tool/sniffer/set,https://help.mikrotik.com/docs/spaces/ROS/pages/8323088/Packet%2BSniffer,"Packet Sniffer"
/tool/sniffer/start,https://help.mikrotik.com/docs/spaces/ROS/pages/8323088/Packet%2BSniffer,"Packet Sniffer"
/tool/sniffer/stop,https://help.mikrotik.com/docs/spaces/ROS/pages/8323088/Packet%2BSniffer,"Packet Sniffer"
/tool/snmp-get,https://help.mikrotik.com/docs/spaces/ROS/pages/328206/Virtual%2BRouting%2Band%2BForwarding%2B-%2BVRF,"Virtual Routing and Forwarding - VRF"
/tool/snmp-walk,https://help.mikrotik.com/docs/spaces/ROS/pages/328206/Virtual%2BRouting%2Band%2BForwarding%2B-%2BVRF,"Virtual Routing and Forwarding - VRF"
/tool/speed-test,https://help.mikrotik.com/docs/spaces/ROS/pages/328206/Virtual%2BRouting%2Band%2BForwarding%2B-%2BVRF,"Virtual Routing and Forwarding - VRF"
/tool/torch,https://help.mikrotik.com/docs/spaces/ROS/pages/328206/Virtual%2BRouting%2Band%2BForwarding%2B-%2BVRF,"Virtual Routing and Forwarding - VRF"
/tool/traceroute,https://help.mikrotik.com/docs/spaces/ROS/pages/328206/Virtual%2BRouting%2Band%2BForwarding%2B-%2BVRF,"Virtual Routing and Forwarding - VRF"
/tool/traffic-generator,https://help.mikrotik.com/docs/spaces/ROS/pages/61767728/PIM-SM,PIM-SM
/tool/traffic-generator/edit,https://help.mikrotik.com/docs/spaces/ROS/pages/61767728/PIM-SM,PIM-SM
/tool/traffic-generator/export,https://help.mikrotik.com/docs/spaces/ROS/pages/61767728/PIM-SM,PIM-SM
/tool/traffic-generator/get,https://help.mikrotik.com/docs/spaces/ROS/pages/61767728/PIM-SM,PIM-SM
/tool/traffic-generator/inject,https://help.mikrotik.com/docs/spaces/ROS/pages/61767728/PIM-SM,PIM-SM
/tool/traffic-generator/inject-pcap,https://help.mikrotik.com/docs/spaces/ROS/pages/61767728/PIM-SM,PIM-SM
/tool/traffic-generator/packet-template,https://help.mikrotik.com/docs/spaces/ROS/pages/61767728/PIM-SM,PIM-SM
/tool/traffic-generator/packet-template/add,https://help.mikrotik.com/docs/spaces/ROS/pages/61767728/PIM-SM,PIM-SM
/tool/traffic-generator/packet-template/comment,https://help.mikrotik.com/docs/spaces/ROS/pages/61767728/PIM-SM,PIM-SM
/tool/traffic-generator/packet-template/edit,https://help.mikrotik.com/docs/spaces/ROS/pages/61767728/PIM-SM,PIM-SM
/tool/traffic-generator/packet-template/export,https://help.mikrotik.com/docs/spaces/ROS/pages/61767728/PIM-SM,PIM-SM
/tool/traffic-generator/packet-template/find,https://help.mikrotik.com/docs/spaces/ROS/pages/61767728/PIM-SM,PIM-SM
/tool/traffic-generator/packet-template/get,https://help.mikrotik.com/docs/spaces/ROS/pages/61767728/PIM-SM,PIM-SM
/tool/traffic-generator/packet-template/print,https://help.mikrotik.com/docs/spaces/ROS/pages/61767728/PIM-SM,PIM-SM
/tool/traffic-generator/packet-template/remove,https://help.mikrotik.com/docs/spaces/ROS/pages/61767728/PIM-SM,PIM-SM
/tool/traffic-generator/packet-template/reset,https://help.mikrotik.com/docs/spaces/ROS/pages/61767728/PIM-SM,PIM-SM
/tool/traffic-generator/packet-template/set,https://help.mikrotik.com/docs/spaces/ROS/pages/61767728/PIM-SM,PIM-SM
/tool/traffic-generator/packet-template/unset,https://help.mikrotik.com/docs/spaces/ROS/pages/61767728/PIM-SM,PIM-SM
/tool/traffic-generator/port,https://help.mikrotik.com/docs/spaces/ROS/pages/128221376/Traffic%2BGenerator,"Traffic Generator"
/tool/traffic-generator/port/add,https://help.mikrotik.com/docs/spaces/ROS/pages/128221376/Traffic%2BGenerator,"Traffic Generator"
/tool/traffic-generator/port/disable,https://help.mikrotik.com/docs/spaces/ROS/pages/128221376/Traffic%2BGenerator,"Traffic Generator"
/tool/traffic-generator/port/edit,https://help.mikrotik.com/docs/spaces/ROS/pages/128221376/Traffic%2BGenerator,"Traffic Generator"
/tool/traffic-generator/port/enable,https://help.mikrotik.com/docs/spaces/ROS/pages/128221376/Traffic%2BGenerator,"Traffic Generator"
/tool/traffic-generator/port/export,https://help.mikrotik.com/docs/spaces/ROS/pages/128221376/Traffic%2BGenerator,"Traffic Generator"
/tool/traffic-generator/port/find,https://help.mikrotik.com/docs/spaces/ROS/pages/128221376/Traffic%2BGenerator,"Traffic Generator"
/tool/traffic-generator/port/get,https://help.mikrotik.com/docs/spaces/ROS/pages/128221376/Traffic%2BGenerator,"Traffic Generator"
/tool/traffic-generator/port/print,https://help.mikrotik.com/docs/spaces/ROS/pages/128221376/Traffic%2BGenerator,"Traffic Generator"
/tool/traffic-generator/port/remove,https://help.mikrotik.com/docs/spaces/ROS/pages/128221376/Traffic%2BGenerator,"Traffic Generator"
/tool/traffic-generator/port/reset,https://help.mikrotik.com/docs/spaces/ROS/pages/128221376/Traffic%2BGenerator,"Traffic Generator"
/tool/traffic-generator/port/set,https://help.mikrotik.com/docs/spaces/ROS/pages/128221376/Traffic%2BGenerator,"Traffic Generator"
/tool/traffic-generator/print,https://help.mikrotik.com/docs/spaces/ROS/pages/61767728/PIM-SM,PIM-SM
/tool/traffic-generator/quick,https://help.mikrotik.com/docs/spaces/ROS/pages/61767728/PIM-SM,PIM-SM
/tool/traffic-generator/raw-packet-template,https://help.mikrotik.com/docs/spaces/ROS/pages/61767728/PIM-SM,PIM-SM
/tool/traffic-generator/reset,https://help.mikrotik.com/docs/spaces/ROS/pages/61767728/PIM-SM,PIM-SM
/tool/traffic-generator/set,https://help.mikrotik.com/docs/spaces/ROS/pages/61767728/PIM-SM,PIM-SM
/tool/traffic-generator/start,https://help.mikrotik.com/docs/spaces/ROS/pages/61767728/PIM-SM,PIM-SM
/tool/traffic-generator/stats,https://help.mikrotik.com/docs/spaces/ROS/pages/128221376/Traffic%2BGenerator,"Traffic Generator"
/tool/traffic-generator/stats/latency-distribution,https://help.mikrotik.com/docs/spaces/ROS/pages/128221376/Traffic%2BGenerator,"Traffic Generator"
/tool/traffic-generator/stats/latency-distribution/find,https://help.mikrotik.com/docs/spaces/ROS/pages/128221376/Traffic%2BGenerator,"Traffic Generator"
/tool/traffic-generator/stats/latency-distribution/get,https://help.mikrotik.com/docs/spaces/ROS/pages/128221376/Traffic%2BGenerator,"Traffic Generator"
/tool/traffic-generator/stats/latency-distribution/print,https://help.mikrotik.com/docs/spaces/ROS/pages/128221376/Traffic%2BGenerator,"Traffic Generator"
/tool/traffic-generator/stats/port,https://help.mikrotik.com/docs/spaces/ROS/pages/128221376/Traffic%2BGenerator,"Traffic Generator"
/tool/traffic-generator/stats/port/find,https://help.mikrotik.com/docs/spaces/ROS/pages/128221376/Traffic%2BGenerator,"Traffic Generator"
/tool/traffic-generator/stats/port/get,https://help.mikrotik.com/docs/spaces/ROS/pages/128221376/Traffic%2BGenerator,"Traffic Generator"
/tool/traffic-generator/stats/port/print,https://help.mikrotik.com/docs/spaces/ROS/pages/128221376/Traffic%2BGenerator,"Traffic Generator"
/tool/traffic-generator/stats/raw,https://help.mikrotik.com/docs/spaces/ROS/pages/128221376/Traffic%2BGenerator,"Traffic Generator"
/tool/traffic-generator/stats/raw/find,https://help.mikrotik.com/docs/spaces/ROS/pages/128221376/Traffic%2BGenerator,"Traffic Generator"
/tool/traffic-generator/stats/raw/get,https://help.mikrotik.com/docs/spaces/ROS/pages/128221376/Traffic%2BGenerator,"Traffic Generator"
/tool/traffic-generator/stats/raw/print,https://help.mikrotik.com/docs/spaces/ROS/pages/128221376/Traffic%2BGenerator,"Traffic Generator"
/tool/traffic-generator/stats/stream,https://help.mikrotik.com/docs/spaces/ROS/pages/128221376/Traffic%2BGenerator,"Traffic Generator"
/tool/traffic-generator/stats/stream/find,https://help.mikrotik.com/docs/spaces/ROS/pages/128221376/Traffic%2BGenerator,"Traffic Generator"
/tool/traffic-generator/stats/stream/get,https://help.mikrotik.com/docs/spaces/ROS/pages/128221376/Traffic%2BGenerator,"Traffic Generator"
/tool/traffic-generator/stats/stream/print,https://help.mikrotik.com/docs/spaces/ROS/pages/128221376/Traffic%2BGenerator,"Traffic Generator"
/tool/traffic-generator/stop,https://help.mikrotik.com/docs/spaces/ROS/pages/61767728/PIM-SM,PIM-SM
/tool/traffic-generator/stream,https://help.mikrotik.com/docs/spaces/ROS/pages/128221376/Traffic%2BGenerator,"Traffic Generator"
/tool/traffic-generator/stream/add,https://help.mikrotik.com/docs/spaces/ROS/pages/128221376/Traffic%2BGenerator,"Traffic Generator"
/tool/traffic-generator/stream/disable,https://help.mikrotik.com/docs/spaces/ROS/pages/128221376/Traffic%2BGenerator,"Traffic Generator"
/tool/traffic-generator/stream/edit,https://help.mikrotik.com/docs/spaces/ROS/pages/128221376/Traffic%2BGenerator,"Traffic Generator"
/tool/traffic-generator/stream/enable,https://help.mikrotik.com/docs/spaces/ROS/pages/128221376/Traffic%2BGenerator,"Traffic Generator"
/tool/traffic-generator/stream/export,https://help.mikrotik.com/docs/spaces/ROS/pages/128221376/Traffic%2BGenerator,"Traffic Generator"
/tool/traffic-generator/stream/find,https://help.mikrotik.com/docs/spaces/ROS/pages/128221376/Traffic%2BGenerator,"Traffic Generator"
/tool/traffic-generator/stream/get,https://help.mikrotik.com/docs/spaces/ROS/pages/128221376/Traffic%2BGenerator,"Traffic Generator"
/tool/traffic-generator/stream/print,https://help.mikrotik.com/docs/spaces/ROS/pages/128221376/Traffic%2BGenerator,"Traffic Generator"
/tool/traffic-generator/stream/remove,https://help.mikrotik.com/docs/spaces/ROS/pages/128221376/Traffic%2BGenerator,"Traffic Generator"
/tool/traffic-generator/stream/reset,https://help.mikrotik.com/docs/spaces/ROS/pages/128221376/Traffic%2BGenerator,"Traffic Generator"
/tool/traffic-generator/stream/set,https://help.mikrotik.com/docs/spaces/ROS/pages/128221376/Traffic%2BGenerator,"Traffic Generator"
/tool/traffic-generator/stream/unset,https://help.mikrotik.com/docs/spaces/ROS/pages/128221376/Traffic%2BGenerator,"Traffic Generator"
/tool/traffic-monitor,https://help.mikrotik.com/docs/spaces/ROS/pages/328206/Virtual%2BRouting%2Band%2BForwarding%2B-%2BVRF,"Virtual Routing and Forwarding - VRF"
/tool/wol,https://help.mikrotik.com/docs/spaces/ROS/pages/328206/Virtual%2BRouting%2Band%2BForwarding%2B-%2BVRF,"Virtual Routing and Forwarding - VRF"
/tr069-client,https://help.mikrotik.com/docs/spaces/ROS/pages/9863195/TR-069,TR-069
/tr069-client/edit,https://help.mikrotik.com/docs/spaces/ROS/pages/9863195/TR-069,TR-069
/tr069-client/export,https://help.mikrotik.com/docs/spaces/ROS/pages/9863195/TR-069,TR-069
/tr069-client/get,https://help.mikrotik.com/docs/spaces/ROS/pages/9863195/TR-069,TR-069
/tr069-client/print,https://help.mikrotik.com/docs/spaces/ROS/pages/9863195/TR-069,TR-069
/tr069-client/reset,https://help.mikrotik.com/docs/spaces/ROS/pages/9863195/TR-069,TR-069
/tr069-client/reset-tr069-config,https://help.mikrotik.com/docs/spaces/ROS/pages/9863195/TR-069,TR-069
/tr069-client/set,https://help.mikrotik.com/docs/spaces/ROS/pages/9863195/TR-069,TR-069
/user,https://help.mikrotik.com/docs/spaces/ROS/pages/328139/Serial%2BConsole,"Serial Console"
/user-manager,https://help.mikrotik.com/docs/spaces/ROS/pages/2555940/User%2BManager,"User Manager"
/user-manager/advanced,https://help.mikrotik.com/docs/spaces/ROS/pages/2555940/User%2BManager,"User Manager"
/user-manager/attribute,https://help.mikrotik.com/docs/spaces/ROS/pages/2555940/User%2BManager,"User Manager"
/user-manager/database,https://help.mikrotik.com/docs/spaces/ROS/pages/2555940/User%2BManager,"User Manager"
/user-manager/edit,https://help.mikrotik.com/docs/spaces/ROS/pages/2555940/User%2BManager,"User Manager"
/user-manager/export,https://help.mikrotik.com/docs/spaces/ROS/pages/2555940/User%2BManager,"User Manager"
/user-manager/generate-report,https://help.mikrotik.com/docs/spaces/ROS/pages/2555940/User%2BManager,"User Manager"
/user-manager/get,https://help.mikrotik.com/docs/spaces/ROS/pages/2555940/User%2BManager,"User Manager"
/user-manager/limitation,https://help.mikrotik.com/docs/spaces/ROS/pages/2555940/User%2BManager,"User Manager"
/user-manager/monitor,https://help.mikrotik.com/docs/spaces/ROS/pages/2555940/User%2BManager,"User Manager"
/user-manager/payment,https://help.mikrotik.com/docs/spaces/ROS/pages/2555940/User%2BManager,"User Manager"
/user-manager/print,https://help.mikrotik.com/docs/spaces/ROS/pages/2555940/User%2BManager,"User Manager"
/user-manager/profile,https://help.mikrotik.com/docs/spaces/ROS/pages/2555940/User%2BManager,"User Manager"
/user-manager/profile-limitation,https://help.mikrotik.com/docs/spaces/ROS/pages/2555940/User%2BManager,"User Manager"
/user-manager/reset,https://help.mikrotik.com/docs/spaces/ROS/pages/2555940/User%2BManager,"User Manager"
/user-manager/router,https://help.mikrotik.com/docs/spaces/ROS/pages/2555940/User%2BManager,"User Manager"
/user-manager/router/add,https://help.mikrotik.com/docs/spaces/ROS/pages/2555940/User%2BManager,"User Manager"
/user-manager/router/comment,https://help.mikrotik.com/docs/spaces/ROS/pages/2555940/User%2BManager,"User Manager"
/user-manager/router/disable,https://help.mikrotik.com/docs/spaces/ROS/pages/2555940/User%2BManager,"User Manager"
/user-manager/router/edit,https://help.mikrotik.com/docs/spaces/ROS/pages/2555940/User%2BManager,"User Manager"
/user-manager/router/enable,https://help.mikrotik.com/docs/spaces/ROS/pages/2555940/User%2BManager,"User Manager"
/user-manager/router/export,https://help.mikrotik.com/docs/spaces/ROS/pages/2555940/User%2BManager,"User Manager"
/user-manager/router/find,https://help.mikrotik.com/docs/spaces/ROS/pages/2555940/User%2BManager,"User Manager"
/user-manager/router/get,https://help.mikrotik.com/docs/spaces/ROS/pages/2555940/User%2BManager,"User Manager"
/user-manager/router/monitor,https://help.mikrotik.com/docs/spaces/ROS/pages/2555940/User%2BManager,"User Manager"
/user-manager/router/print,https://help.mikrotik.com/docs/spaces/ROS/pages/2555940/User%2BManager,"User Manager"
/user-manager/router/remove,https://help.mikrotik.com/docs/spaces/ROS/pages/2555940/User%2BManager,"User Manager"
/user-manager/router/reset,https://help.mikrotik.com/docs/spaces/ROS/pages/2555940/User%2BManager,"User Manager"
/user-manager/router/reset-counters,https://help.mikrotik.com/docs/spaces/ROS/pages/2555940/User%2BManager,"User Manager"
/user-manager/router/set,https://help.mikrotik.com/docs/spaces/ROS/pages/2555940/User%2BManager,"User Manager"
/user-manager/session,https://help.mikrotik.com/docs/spaces/ROS/pages/2555940/User%2BManager,"User Manager"
/user-manager/set,https://help.mikrotik.com/docs/spaces/ROS/pages/2555940/User%2BManager,"User Manager"
/user-manager/user,https://help.mikrotik.com/docs/spaces/ROS/pages/2555940/User%2BManager,"User Manager"
/user-manager/user-profile,https://help.mikrotik.com/docs/spaces/ROS/pages/2555940/User%2BManager,"User Manager"
/user-manager/user/add,https://help.mikrotik.com/docs/spaces/ROS/pages/2555940/User%2BManager,"User Manager"
/user-manager/user/add-batch-users,https://help.mikrotik.com/docs/spaces/ROS/pages/2555940/User%2BManager,"User Manager"
/user-manager/user/comment,https://help.mikrotik.com/docs/spaces/ROS/pages/2555940/User%2BManager,"User Manager"
/user-manager/user/disable,https://help.mikrotik.com/docs/spaces/ROS/pages/2555940/User%2BManager,"User Manager"
/user-manager/user/edit,https://help.mikrotik.com/docs/spaces/ROS/pages/2555940/User%2BManager,"User Manager"
/user-manager/user/enable,https://help.mikrotik.com/docs/spaces/ROS/pages/2555940/User%2BManager,"User Manager"
/user-manager/user/export,https://help.mikrotik.com/docs/spaces/ROS/pages/2555940/User%2BManager,"User Manager"
/user-manager/user/find,https://help.mikrotik.com/docs/spaces/ROS/pages/2555940/User%2BManager,"User Manager"
/user-manager/user/generate-voucher,https://help.mikrotik.com/docs/spaces/ROS/pages/2555940/User%2BManager,"User Manager"
/user-manager/user/get,https://help.mikrotik.com/docs/spaces/ROS/pages/2555940/User%2BManager,"User Manager"
/user-manager/user/group,https://help.mikrotik.com/docs/spaces/ROS/pages/2555940/User%2BManager,"User Manager"
/user-manager/user/group/add,https://help.mikrotik.com/docs/spaces/ROS/pages/2555940/User%2BManager,"User Manager"
/user-manager/user/group/comment,https://help.mikrotik.com/docs/spaces/ROS/pages/2555940/User%2BManager,"User Manager"
/user-manager/user/group/edit,https://help.mikrotik.com/docs/spaces/ROS/pages/2555940/User%2BManager,"User Manager"
/user-manager/user/group/export,https://help.mikrotik.com/docs/spaces/ROS/pages/2555940/User%2BManager,"User Manager"
/user-manager/user/group/find,https://help.mikrotik.com/docs/spaces/ROS/pages/2555940/User%2BManager,"User Manager"
/user-manager/user/group/get,https://help.mikrotik.com/docs/spaces/ROS/pages/2555940/User%2BManager,"User Manager"
/user-manager/user/group/print,https://help.mikrotik.com/docs/spaces/ROS/pages/2555940/User%2BManager,"User Manager"
/user-manager/user/group/remove,https://help.mikrotik.com/docs/spaces/ROS/pages/2555940/User%2BManager,"User Manager"
/user-manager/user/group/reset,https://help.mikrotik.com/docs/spaces/ROS/pages/2555940/User%2BManager,"User Manager"
/user-manager/user/group/set,https://help.mikrotik.com/docs/spaces/ROS/pages/2555940/User%2BManager,"User Manager"
/user-manager/user/monitor,https://help.mikrotik.com/docs/spaces/ROS/pages/2555940/User%2BManager,"User Manager"
/user-manager/user/print,https://help.mikrotik.com/docs/spaces/ROS/pages/2555940/User%2BManager,"User Manager"
/user-manager/user/remove,https://help.mikrotik.com/docs/spaces/ROS/pages/2555940/User%2BManager,"User Manager"
/user-manager/user/reset,https://help.mikrotik.com/docs/spaces/ROS/pages/2555940/User%2BManager,"User Manager"
/user-manager/user/set,https://help.mikrotik.com/docs/spaces/ROS/pages/2555940/User%2BManager,"User Manager"
/user/aaa,https://help.mikrotik.com/docs/spaces/ROS/pages/172294200/Container%2B-%2Bfreeradius%2Bserver,"Container - freeradius server"
/user/aaa/edit,https://help.mikrotik.com/docs/spaces/ROS/pages/172294200/Container%2B-%2Bfreeradius%2Bserver,"Container - freeradius server"
/user/aaa/export,https://help.mikrotik.com/docs/spaces/ROS/pages/172294200/Container%2B-%2Bfreeradius%2Bserver,"Container - freeradius server"
/user/aaa/get,https://help.mikrotik.com/docs/spaces/ROS/pages/172294200/Container%2B-%2Bfreeradius%2Bserver,"Container - freeradius server"
/user/aaa/print,https://help.mikrotik.com/docs/spaces/ROS/pages/172294200/Container%2B-%2Bfreeradius%2Bserver,"Container - freeradius server"
/user/aaa/reset,https://help.mikrotik.com/docs/spaces/ROS/pages/172294200/Container%2B-%2Bfreeradius%2Bserver,"Container - freeradius server"
/user/aaa/set,https://help.mikrotik.com/docs/spaces/ROS/pages/172294200/Container%2B-%2Bfreeradius%2Bserver,"Container - freeradius server"
/user/active,https://help.mikrotik.com/docs/spaces/ROS/pages/8978504/User,User
/user/active/add,https://help.mikrotik.com/docs/spaces/ROS/pages/8978504/User,User
/user/active/find,https://help.mikrotik.com/docs/spaces/ROS/pages/8978504/User,User
/user/active/get,https://help.mikrotik.com/docs/spaces/ROS/pages/8978504/User,User
/user/active/print,https://help.mikrotik.com/docs/spaces/ROS/pages/8978504/User,User
/user/active/remove,https://help.mikrotik.com/docs/spaces/ROS/pages/8978504/User,User
/user/add,https://help.mikrotik.com/docs/spaces/ROS/pages/328139/Serial%2BConsole,"Serial Console"
/user/comment,https://help.mikrotik.com/docs/spaces/ROS/pages/328139/Serial%2BConsole,"Serial Console"
/user/disable,https://help.mikrotik.com/docs/spaces/ROS/pages/328139/Serial%2BConsole,"Serial Console"
/user/edit,https://help.mikrotik.com/docs/spaces/ROS/pages/328139/Serial%2BConsole,"Serial Console"
/user/enable,https://help.mikrotik.com/docs/spaces/ROS/pages/328139/Serial%2BConsole,"Serial Console"
/user/expire-password,https://help.mikrotik.com/docs/spaces/ROS/pages/328139/Serial%2BConsole,"Serial Console"
/user/export,https://help.mikrotik.com/docs/spaces/ROS/pages/328139/Serial%2BConsole,"Serial Console"
/user/find,https://help.mikrotik.com/docs/spaces/ROS/pages/328139/Serial%2BConsole,"Serial Console"
/user/get,https://help.mikrotik.com/docs/spaces/ROS/pages/328139/Serial%2BConsole,"Serial Console"
/user/group,https://help.mikrotik.com/docs/spaces/ROS/pages/328131/WebFig,WebFig
/user/group/add,https://help.mikrotik.com/docs/spaces/ROS/pages/328131/WebFig,WebFig
/user/group/comment,https://help.mikrotik.com/docs/spaces/ROS/pages/328131/WebFig,WebFig
/user/group/edit,https://help.mikrotik.com/docs/spaces/ROS/pages/328131/WebFig,WebFig
/user/group/export,https://help.mikrotik.com/docs/spaces/ROS/pages/328131/WebFig,WebFig
/user/group/find,https://help.mikrotik.com/docs/spaces/ROS/pages/328131/WebFig,WebFig
/user/group/get,https://help.mikrotik.com/docs/spaces/ROS/pages/328131/WebFig,WebFig
/user/group/print,https://help.mikrotik.com/docs/spaces/ROS/pages/328131/WebFig,WebFig
/user/group/remove,https://help.mikrotik.com/docs/spaces/ROS/pages/328131/WebFig,WebFig
/user/group/reset,https://help.mikrotik.com/docs/spaces/ROS/pages/328131/WebFig,WebFig
/user/group/set,https://help.mikrotik.com/docs/spaces/ROS/pages/328131/WebFig,WebFig
/user/print,https://help.mikrotik.com/docs/spaces/ROS/pages/328139/Serial%2BConsole,"Serial Console"
/user/recursive-print,https://help.mikrotik.com/docs/spaces/ROS/pages/328139/Serial%2BConsole,"Serial Console"
/user/remove,https://help.mikrotik.com/docs/spaces/ROS/pages/328139/Serial%2BConsole,"Serial Console"
/user/reset,https://help.mikrotik.com/docs/spaces/ROS/pages/328139/Serial%2BConsole,"Serial Console"
/user/set,https://help.mikrotik.com/docs/spaces/ROS/pages/328139/Serial%2BConsole,"Serial Console"
/user/settings,https://help.mikrotik.com/docs/spaces/ROS/pages/328139/Serial%2BConsole,"Serial Console"
/user/ssh-keys,https://help.mikrotik.com/docs/spaces/ROS/pages/132350014/SSH,SSH
/user/ssh-keys/add,https://help.mikrotik.com/docs/spaces/ROS/pages/132350014/SSH,SSH
/user/ssh-keys/find,https://help.mikrotik.com/docs/spaces/ROS/pages/132350014/SSH,SSH
/user/ssh-keys/get,https://help.mikrotik.com/docs/spaces/ROS/pages/132350014/SSH,SSH
/user/ssh-keys/import,https://help.mikrotik.com/docs/spaces/ROS/pages/132350014/SSH,SSH
/user/ssh-keys/print,https://help.mikrotik.com/docs/spaces/ROS/pages/132350014/SSH,SSH
/user/ssh-keys/private,https://help.mikrotik.com/docs/spaces/ROS/pages/132350014/SSH,SSH
/user/ssh-keys/private/find,https://help.mikrotik.com/docs/spaces/ROS/pages/132350014/SSH,SSH
/user/ssh-keys/private/get,https://help.mikrotik.com/docs/spaces/ROS/pages/132350014/SSH,SSH
/user/ssh-keys/private/import,https://help.mikrotik.com/docs/spaces/ROS/pages/132350014/SSH,SSH
/user/ssh-keys/private/print,https://help.mikrotik.com/docs/spaces/ROS/pages/132350014/SSH,SSH
/user/ssh-keys/private/remove,https://help.mikrotik.com/docs/spaces/ROS/pages/132350014/SSH,SSH
/user/ssh-keys/private/reset,https://help.mikrotik.com/docs/spaces/ROS/pages/132350014/SSH,SSH
/user/ssh-keys/remove,https://help.mikrotik.com/docs/spaces/ROS/pages/132350014/SSH,SSH
/zerotier,https://help.mikrotik.com/docs/spaces/ROS/pages/83755083/ZeroTier,ZeroTier
/zerotier/add,https://help.mikrotik.com/docs/spaces/ROS/pages/83755083/ZeroTier,ZeroTier
/zerotier/comment,https://help.mikrotik.com/docs/spaces/ROS/pages/83755083/ZeroTier,ZeroTier
/zerotier/controller,https://help.mikrotik.com/docs/spaces/ROS/pages/83755083/ZeroTier,ZeroTier
/zerotier/controller/add,https://help.mikrotik.com/docs/spaces/ROS/pages/83755083/ZeroTier,ZeroTier
/zerotier/controller/comment,https://help.mikrotik.com/docs/spaces/ROS/pages/83755083/ZeroTier,ZeroTier
/zerotier/controller/disable,https://help.mikrotik.com/docs/spaces/ROS/pages/83755083/ZeroTier,ZeroTier
/zerotier/controller/edit,https://help.mikrotik.com/docs/spaces/ROS/pages/83755083/ZeroTier,ZeroTier
/zerotier/controller/enable,https://help.mikrotik.com/docs/spaces/ROS/pages/83755083/ZeroTier,ZeroTier
/zerotier/controller/export,https://help.mikrotik.com/docs/spaces/ROS/pages/83755083/ZeroTier,ZeroTier
/zerotier/controller/find,https://help.mikrotik.com/docs/spaces/ROS/pages/83755083/ZeroTier,ZeroTier
/zerotier/controller/get,https://help.mikrotik.com/docs/spaces/ROS/pages/83755083/ZeroTier,ZeroTier
/zerotier/controller/member,https://help.mikrotik.com/docs/spaces/ROS/pages/83755083/ZeroTier,ZeroTier
/zerotier/controller/print,https://help.mikrotik.com/docs/spaces/ROS/pages/83755083/ZeroTier,ZeroTier
/zerotier/controller/remove,https://help.mikrotik.com/docs/spaces/ROS/pages/83755083/ZeroTier,ZeroTier
/zerotier/controller/reset,https://help.mikrotik.com/docs/spaces/ROS/pages/83755083/ZeroTier,ZeroTier
/zerotier/controller/set,https://help.mikrotik.com/docs/spaces/ROS/pages/83755083/ZeroTier,ZeroTier
/zerotier/disable,https://help.mikrotik.com/docs/spaces/ROS/pages/83755083/ZeroTier,ZeroTier
/zerotier/edit,https://help.mikrotik.com/docs/spaces/ROS/pages/83755083/ZeroTier,ZeroTier
/zerotier/enable,https://help.mikrotik.com/docs/spaces/ROS/pages/83755083/ZeroTier,ZeroTier
/zerotier/export,https://help.mikrotik.com/docs/spaces/ROS/pages/83755083/ZeroTier,ZeroTier
/zerotier/find,https://help.mikrotik.com/docs/spaces/ROS/pages/83755083/ZeroTier,ZeroTier
/zerotier/get,https://help.mikrotik.com/docs/spaces/ROS/pages/83755083/ZeroTier,ZeroTier
/zerotier/interface,https://help.mikrotik.com/docs/spaces/ROS/pages/83755083/ZeroTier,ZeroTier
/zerotier/peer,https://help.mikrotik.com/docs/spaces/ROS/pages/83755083/ZeroTier,ZeroTier
/zerotier/print,https://help.mikrotik.com/docs/spaces/ROS/pages/83755083/ZeroTier,ZeroTier
/zerotier/remove,https://help.mikrotik.com/docs/spaces/ROS/pages/83755083/ZeroTier,ZeroTier
/zerotier/reset,https://help.mikrotik.com/docs/spaces/ROS/pages/83755083/ZeroTier,ZeroTier
/zerotier/set,https://help.mikrotik.com/docs/spaces/ROS/pages/83755083/ZeroTier,ZeroTier
