rosetta_device_id	name	category	discontinued	device_id	product_name	product_code	architecture	cpu	source_hardware_slug	source_www_code	specs_json	alias_count
atl-5g-r16	ATL 5G R16	LTE products	0	1	ATL 5G R16	ATLGM&RG520F-EU	ARM 64bit	88F3720	atlgm-and-rg520f-eu	atl_5g_r16	{"Product code":"ATLGM&RG520F-EU","Suggested price":"$349.00","Architecture":"ARM 64bit","CPU":"88F3720","CPU core count":"2","CPU nominal frequency":"800 MHz","CPU Threads count":"2","RouterOS license":"3","Operating System":"RouterOS v7","Size of RAM":"512 MB","Storage size":"32 MB","Storage type":"FLASH","MTBF":"Approximately 200'000 hours at 25C","Tested ambient temperature":"-40°C to 70°C","Number of DC inputs":"1 (PoE-IN)","Max power consumption":"10 W","Max power consumption without attachments":"10 W","PoE in":"802.3af/at","Cooling type":"Passive","PoE in input Voltage":"12-56 V","3G Category":"R8 (42.2Mbps Downlink, 5.76Mbps Uplink)","3G bands":"1 (2100MHz) 5 (850MHz) 8 (900MHz)","LTE Category":"20 (2.0 Gbps Downlink, 200 Mbps Uplink)","MIMO DL":"4x4","LTE FDD bands":"1 (2100MHz) 3 (1800MHz) 5 (850MHz) 7 (2600MHz) 8 (900 MHz) 20 (800MHz) 28 (700MHz) 32 (1500 MHz)","LTE TDD bands":"38 (2600MHz) 40 (2300MHz) 41 (2500MHz) 42 (3500MHz) 43 (3700 MHz)","5G NSA FDD bands":"1 (2100 MHz) 3 (1800 MHz) 5 (850 MHz) 7 (2600 MHz) 8 (900 MHz) 20 (800 MHz) 28 (700 MHz)","5G NSA TDD bands":"38 (2600 MHz) 40 (2300 MHz) 41 (2500 MHz) 75 (1500 MHz) 76 (1500 MHz) 77 (3700 MHz) 78 (3500 MHz)","5G SA FDD bands":"1 (2100 MHz) 3 (1800 MHz) 5 (850 MHz) 7 (2600 MHz) 8 (900 MHz) 20 (800 MHz) 28 (700 MHz)","5G SA TDD bands":"38 (2600 MHz) 40 (2300 MHz) 41 (2500 MHz) 75 (1500 MHz) 76 (1500 MHz) 77 (3700 MHz) 78 (3500 MHz)","TAC":"86945405","10/100/1000 Ethernet ports":"1","Number of 1G Ethernet ports with Reverse PoE (PoE-in)":"1","Number of SIM slots":"1 Modem (Micro SIM)","Number of M.2 slots":"1","Mode button":"Yes","eSIM":"Yes","Certification":"CE, EAC, ROHS","IP":"66","_www_title":"ATL 5G R16","_www_tagline":"Our first outdoor 5G device with built-in eSIM support, powerful directional antennas, and a cutting-edge Release 16 modem – ideal for rural, urban, and IoT deployments.\r\nWith Gigabit Ethernet, PoE-in, and instant MikroTik Connectivity out of the box, it’s the smart, rugged choice for fast and flexible internet anywhere. IP66 certified.","_hardware_title":"ATLGM&RG520F-EU","_non_default_ips":["192.168.188.1"]}	9
atl-lte18-kit	ATL LTE18 kit	LTE products	0	2	ATL LTE18 kit	ATLGM&EG18-EA	ARM 64bit	88F3720	atlgm-and-eg18-ea	atl18	{"Product code":"ATLGM&EG18-EA","Suggested price":"$279.00","Architecture":"ARM 64bit","CPU":"88F3720","CPU core count":"2","CPU nominal frequency":"800 MHz","CPU Threads count":"2","RouterOS license":"3","Operating System":"RouterOS v7","Size of RAM":"256 MB","Storage size":"16 MB","Storage type":"FLASH","MTBF":"Approximately 200'000 hours at 25C","Tested ambient temperature":"-40°C to 70°C","Number of DC inputs":"1 (PoE-IN)","Max power consumption":"8 W","Max power consumption without attachments":"8 W","PoE in":"802.3af/at","Cooling type":"Passive","PoE in input Voltage":"12-57 V","3G Category":"R8 (42.2Mbps Downlink, 11.2Mbps Uplink)","3G bands":"1 (2100MHz) 3 (1800MHz) 5 (850MHz) 8 (900MHz)","LTE Category":"18 (1.2Gbps Downlink, 150Mbps Uplink)","MIMO DL":"4x4","MIMO UL":"1x1","LTE FDD bands":"1 (2100MHz) 3 (1800MHz) 5 (850MHz) 7 (2600MHz) 8 (900 MHz) 20 (800MHz) 28 (700MHz)","LTE TDD bands":"38 (2600MHz) 40 (2300MHz) 41 (2500MHz)","TAC":"86981604","10/100/1000 Ethernet ports":"1","Number of SIM slots":"1 Modem (Micro SIM)","Number of M.2 slots":"1","Mode button":"Yes","Certification":"CE, EAC, ROHS","IP":"54","_www_title":"ATL LTE18 kit","_www_tagline":"An advanced technology level (ATL) LTE solution with wide range MIMO 4x4 antennas for fast and stable connectivity in rural and urban areas. Make the most of your mobile coverage!","_hardware_title":"ATLGM&EG18-EA","_non_default_ips":["192.168.188.1"]}	8
basebox-5	BaseBox 5	Wireless systems	0	3	BaseBox 5	RB912UAG-5HPnD-OUT	MIPSBE	AR9342	basebox-series	RB912UAG-5HPnD-OUT	{"Product code":"RB912UAG-5HPnD-OUT","Suggested price":"$89.00","Architecture":"MIPSBE","CPU":"AR9342","CPU core count":"1","CPU nominal frequency":"600 MHz","Dimensions":"246x135x50mm","RouterOS license":"4","Operating System":"RouterOS","Size of RAM":"64 MB","Storage size":"128 MB","Storage type":"NAND","MTBF":"Approximately 100'000 hours at 25C","Tested ambient temperature":"-40°C to 70°C","Number of DC inputs":"1 (PoE-IN)","Max power consumption":"12 W","PoE in":"Passive PoE","Cooling type":"Passive","PoE in input Voltage":"8-30 V","Wireless 5 GHz Max data rate":"300 Mbit/s","Wireless 5 GHz Number of chains":"2","Wireless 5 GHz standards":"802.11a/n","Wireless 5 GHz chip model":"AR9342","Wireless 5 GHz generation":"Wi-Fi 4","10/100/1000 Ethernet ports":"1","Number of SIM slots":"1 Modem (Mini SIM)","MiniPCI-e slots":"1","Number of USB ports":"1","USB Power Reset":"Yes","USB slot type":"USB type A","Max USB current (A)":"1","PCB temperature monitor":"Yes","Voltage Monitor":"Yes","Beeper":"Yes","Certification":"CE, EAC, ROHS","_www_title":"BaseBox 5","_www_tagline":"5Ghz integrated AP/Backbone/CPE,\r\n2xRP-SMA Female connectors,\r\nminiPCI-e slot,\r\nGigabit Ethernet","_hardware_title":"BaseBox-series","_fcc_id":["TV7RB912G-2HPND","TV7RB912G-5HPNDM","TV7RB912G-6HPND"],"_ic":["7442A-912G2HPND","7442A-912G5HPNDM","7442A-912G6HPNDM"]}	7
cap	cAP	Indoor wireless	0	4	cAP	RBcAP2nD	MIPSBE	QCA9533	cap	RBcAP2nD	{"Product code":"RBcAP2nD","Suggested price":"$49.95","Architecture":"MIPSBE","CPU":"QCA9533","CPU core count":"1","CPU nominal frequency":"650 MHz","Dimensions":"185mm diameter, 31mm height","RouterOS license":"4","Operating System":"RouterOS","Size of RAM":"64 MB","Storage size":"16 MB","Storage type":"FLASH","MTBF":"Approximately 100'000 hours at 25C","Tested ambient temperature":"-40°C to 70°C","Wireless 2.4 GHz Max data rate":"300 Mbit/s","Wireless 2.4 GHz Number of chains":"2","Wireless 2.4 GHz standards":"802.11b/g/n","Antenna gain dBi for 2.4 GHz":"2","Wireless 2.4 GHz chip model":"QCA9533","Wireless 2.4 GHz generation":"Wi-Fi 4","10/100 Ethernet ports":"1","Number of DC inputs":"1 (PoE-IN)","Max power consumption":"4 W","PoE in":"802.3af/at","Cooling type":"Passive","PoE in input Voltage":"11-57 V","Certification":"CE, FCC, IC, EAC, ROHS","IP":"IP20","Mode button":"Yes","_www_title":"cAP","_www_tagline":"Ceiling AP, Dual-Chain 2.4GHz, 650MHz CPU, RouterOS L4, 802.3at/af support","_hardware_title":"cAP"}	2
cap-ac	cAP ac	Indoor wireless	0	5	cAP ac	RBcAPGi-5acD2nD	ARM 32bit	IPQ-4018	cap-ac	cap_ac	{"Product code":"RBcAPGi-5acD2nD","Suggested price":"$85.00","Architecture":"ARM 32bit","CPU":"IPQ-4018","CPU core count":"4","CPU nominal frequency":"488-896 (auto) MHz","CPU Threads count":"4","Switch chip model":"IPQ-4018","Dimensions":"Round case: ⌀ 136 mm, height: 30 mm; Square case: 145 mm x 145 mm x 30 mm","RouterOS license":"4","Operating System":"RouterOS","Size of RAM":"128 MB","Storage size":"16 MB","Storage type":"FLASH","MTBF":"Approximately 100'000 hours at 25C","Tested ambient temperature":"-40°C to 50°C","Wireless 2.4 GHz Max data rate":"300 Mbit/s","Wireless 2.4 GHz Number of chains":"2","Wireless 2.4 GHz standards":"802.11b/g/n","Antenna gain dBi for 2.4 GHz":"2","Wireless 2.4 GHz chip model":"IPQ-4018","Wireless 2.4 GHz generation":"Wi-Fi 4","Wireless 5 GHz Max data rate":"867 Mbit/s","Wireless 5 GHz Number of chains":"2","Wireless 5 GHz standards":"802.11a/n/ac","Antenna gain dBi for 5 GHz":"2.5","Wireless 5 GHz chip model":"IPQ-4018","Wireless 5 GHz generation":"Wi-Fi 5","WiFi speed":"AC1200","10/100/1000 Ethernet ports":"2","Number of DC inputs":"1 (PoE-IN)","Max power consumption":"24 W","Max power consumption without attachments":"12 W","PoE in":"802.3af/at","Cooling type":"Passive","PoE in input Voltage":"17-57 V","PoE-out ports":"Ether2","PoE out":"Passive PoE up to 57V","Low voltage PoE-Out current limit":"500 mA","High voltage PoE-Out current limit":"400 mA","Max total out (A)":"500 mA","Certification":"CE, FCC, IC, EAC, ROHS","IP":"20","Mode button":"Yes","_www_title":"cAP ac","_www_tagline":"Dual-band 2.4 / 5GHz wireless access point for mounting on a ceiling or wall with two Gigabit Ethernet ports (one with PoE output), 802.11ac support and IPsec hardware encryption support","_hardware_title":"cAP ac"}	6
cap-ax	cAP ax	Indoor wireless	0	6	cAP ax	cAPGi-5HaxD2HaxD	ARM 64bit	IPQ-6010	cap-ax	cap_ax	{"Product code":"cAPGi-5HaxD2HaxD","Suggested price":"$129.00","Architecture":"ARM 64bit","CPU":"IPQ-6010","CPU core count":"4","CPU nominal frequency":"auto (864 - 1800) MHz","CPU Threads count":"4","Switch chip model":"IPQ-6010","RouterOS license":"4","Operating System":"RouterOS v7","Size of RAM":"1 GB","Storage size":"128 MB","Storage type":"NAND","MTBF":"Approximately 200'000 hours at 25C","Tested ambient temperature":"-40°C to 70°C","Wireless 2.4 GHz Max data rate":"574 Mbit/s","Wireless 2.4 GHz Number of chains":"2","Wireless 2.4 GHz standards":"802.11b/g/n/ax","Antenna gain dBi for 2.4 GHz":"6","Wireless 2.4 GHz chip model":"QCN-5022","Wireless 2.4 GHz generation":"Wi-Fi 6","Wireless 5 GHz Max data rate":"1200 Mbit/s","Wireless 5 GHz Number of chains":"2","Wireless 5 GHz standards":"802.11a/n/ac/ax","Antenna gain dBi for 5 GHz":"5.5","Wireless 5 GHz chip model":"QCN-5052","Wireless 5 GHz generation":"Wi-Fi 6","WiFi speed":"AX1800","10/100/1000 Ethernet ports":"2","Number of 1G Ethernet ports with PoE-out":"1","Number of DC inputs":"2 (DC jack, PoE-IN)","DC jack input Voltage":"18-57 V","Max power consumption":"36 W","Max power consumption without attachments":"11 W","PoE in":"802.3af/at","Cooling type":"Passive","PoE in input Voltage":"18-57 V","PoE-out ports":"Ether2","PoE out":"Passive PoE up to 57V","Low voltage PoE-Out current limit":"600 mA","High voltage PoE-Out current limit":"400 mA","Max total out (A)":"600 mA","Total output current":"0.4","Total output power":"19.2","Certification":"CE, FCC, IC, EAC, ROHS","IP":"20","CPU temperature monitor":"Yes","Mode button":"Yes","_www_title":"cAP ax","_www_tagline":"The best-selling ceiling access point is back – stronger than ever! A new generation of wireless greatness for your office, hotel, mall, or any other setups in crowded areas. Modern quad-core CPU, 1GB of RAM, 2x Gigabit Ethernet ports, PoE, Gen 6 802.11ax wireless, PSU – included!","_hardware_title":"cAP ax"}	6
cap-lite	cAP lite	Indoor wireless	0	7	cAP lite	RBcAPL-2nD	MIPSBE	QCA9533	cap-lite	RBcAPL-2nD-307	{"Product code":"RBcAPL-2nD","Suggested price":"$29.00","Architecture":"MIPSBE","CPU":"QCA9533","CPU core count":"1","CPU nominal frequency":"650 MHz","Dimensions":"Wall case: 88 x 52 x 20 mm Ceiling case: ⌀88 mm x 20 mm","RouterOS license":"4","Operating System":"RouterOS","Size of RAM":"64 MB","Storage size":"16 MB","Storage type":"FLASH","MTBF":"Approximately 100'000 hours at 25C","Tested ambient temperature":"-40°C to 70°C","Wireless 2.4 GHz Max data rate":"300 Mbit/s","Wireless 2.4 GHz Number of chains":"2","Wireless 2.4 GHz standards":"802.11b/g/n","Antenna gain dBi for 2.4 GHz":"1.5","Wireless 2.4 GHz chip model":"QCA9533","Wireless 2.4 GHz generation":"Wi-Fi 4","10/100 Ethernet ports":"1","MicroUSB input Voltage":"5 V","Number of DC inputs":"2 (PoE-IN, MicroUSB)","Max power consumption":"4 W","PoE in":"802.3af/at","Cooling type":"Passive","PoE in input Voltage":"10-60 V","Certification":"CE, FCC, IC, EAC, ROHS","IP":"IP20","_www_title":"cAP lite","_www_tagline":"Low-cost dual-chain 2.4GHz AP with wall and ceiling enclosure","_hardware_title":"cAP lite"}	7
cap-lte12-ax	cAP LTE12 ax	LTE products	0	8	cAP LTE12 ax	cAPGi-5HaxD2HaxD&EG12-EA	ARM 64bit	IPQ-6010	cap-lte12-ax	cap_lte12_ax	{"Product code":"cAPGi-5HaxD2HaxD&EG12-EA","Suggested price":"$229.00","Architecture":"ARM 64bit","CPU":"IPQ-6010","CPU core count":"4","CPU nominal frequency":"auto (864 - 1800) MHz","CPU Threads count":"4","Switch chip model":"IPQ-6010","RouterOS license":"4","Operating System":"RouterOS v7","Size of RAM":"1 GB","Storage size":"128 MB","Storage type":"NAND","MTBF":"Approximately 200'000 hours at 25C","Tested ambient temperature":"-40°C to 50°C","Number of DC inputs":"2 (DC jack, PoE-IN)","DC jack input Voltage":"18-57 V","Max power consumption":"34 W","Max power consumption without attachments":"13 W","PoE in":"802.3af/at","Cooling type":"Passive","PoE in input Voltage":"18-57 V","PoE-out ports":"Ether2","PoE out":"Passive PoE up to 57V","Low voltage PoE-Out current limit":"0.6 A","High voltage PoE-Out current limit":"0.4 A","Max total out (A)":"0.6 A","Total output current":"0.6","Total output power":"22.8","3G Category":"R8 (42.2Mbps Downlink, 11.2Mbps Uplink)","3G bands":"1 (2100MHz) 3 (1800MHz) 5 (850MHz) 8 (900MHz)","LTE Category":"12 (600Mbps Downlink, 150Mbps Uplink)","MIMO DL":"4x4","MIMO UL":"1x1","LTE FDD bands":"1 (2100MHz) 3 (1800MHz) 5 (850MHz) 7 (2600MHz) 8 (900 MHz) 20 (800MHz) 28 (700MHz)","LTE TDD bands":"38 (2600MHz) 40 (2300MHz) 41 (2500MHz)","TAC":"86056104","Wireless 2.4 GHz Max data rate":"574 Mbit/s","Wireless 2.4 GHz Number of chains":"2","Wireless 2.4 GHz standards":"802.11b/g/n/ax","Antenna gain dBi for 2.4 GHz":"6","Wireless 2.4 GHz chip model":"QCN-5022","Wireless 2.4 GHz generation":"Wi-Fi 6","Wireless 5 GHz Max data rate":"1200 Mbit/s","Wireless 5 GHz Number of chains":"2","Wireless 5 GHz standards":"802.11a/n/ac/ax","Antenna gain dBi for 5 GHz":"5.5","Wireless 5 GHz chip model":"QCN-5022","Wireless 5 GHz generation":"Wi-Fi 6","10/100/1000 Ethernet ports":"2","Number of 1G Ethernet ports with PoE-out":"1","Number of SIM slots":"1 Modem (Micro SIM)","CPU temperature monitor":"Yes","Mode button":"Yes","Certification":"CE, EAC, ROHS","IP":"20","_www_title":"cAP LTE12 ax","_www_tagline":"A powerful ceiling access point that offers true Wi-Fi 6 mobility for your pop-up business - now with a CAT12 LTE modem!","_hardware_title":"cAP LTE12 ax"}	8
cap-xl-ac	cAP XL ac	Indoor wireless	0	9	cAP XL ac	RBcAPGi-5acD2nD-XLr4	ARM 32bit	IPQ-4018	cap-xl-ac	cap_xl_ac	{"Product code":"RBcAPGi-5acD2nD-XL","Suggested price":"$99.00","Architecture":"ARM 32bit","CPU":"IPQ-4018","CPU core count":"4","CPU nominal frequency":"488-896 (auto) MHz","CPU Threads count":"4","Switch chip model":"IPQ-4018","Dimensions":"191 x 42 mm","RouterOS license":"4","Operating System":"RouterOS","Size of RAM":"128 MB","Storage size":"16 MB","Storage type":"FLASH","MTBF":"Approximately 100'000 hours at 25C","Tested ambient temperature":"-40°C to 70°C","Wireless 2.4 GHz Max data rate":"300 Mbit/s","Wireless 2.4 GHz Number of chains":"2","Wireless 2.4 GHz standards":"802.11b/g/n","Antenna gain dBi for 2.4 GHz":"6","Wireless 2.4 GHz chip model":"IPQ-4018","Wireless 2.4 GHz generation":"Wi-Fi 4","Wireless 5 GHz Max data rate":"867 Mbit/s","Wireless 5 GHz Number of chains":"2","Wireless 5 GHz standards":"802.11a/n/ac","Antenna gain dBi for 5 GHz":"5.5","Wireless 5 GHz chip model":"IPQ-4018","Wireless 5 GHz generation":"Wi-Fi 5","WiFi speed":"AC1200","10/100/1000 Ethernet ports":"2","Number of 1G Ethernet ports with PoE-out":"1","Number of DC inputs":"1 (PoE-IN)","Max power consumption":"24 W","Max power consumption without attachments":"11 W","PoE in":"802.3af/at","Cooling type":"Passive","PoE in input Voltage":"18-57 V","PoE-out ports":"Ether2","PoE out":"Passive PoE up to 57V","Low voltage PoE-Out current limit":"500 mA","High voltage PoE-Out current limit":"330 mA","Max total out (A)":"500 mA","Certification":"CE, FCC, IC, EAC, ROHS","Mode button":"Yes","_www_title":"cAP XL ac","_www_tagline":"The ceiling AP on steroids! Our bestseller cAP is back – juiced up and stronger than ever. Compared to the previous cAP models, the improved high-gain antenna increases the covered area by up to 100%!","_hardware_title":"cAP XL ac","_fcc_id":["TV7CPGI52XL"]}	9
ccr2004-16g-2s-plus	CCR2004-16G-2S+	Ethernet routers	0	12	CCR2004-16G-2S+	CCR2004-16G-2S+r2	ARM 64bit	AL32400	ccr2004-16g-2s-plus	ccr2004_16g_2splus	{"Product code":"CCR2004-16G-2S+","Suggested price":"$465.00","Architecture":"ARM 64bit","CPU":"AL32400","CPU core count":"4","CPU nominal frequency":"1700 MHz","CPU Threads count":"4","Switch chip model":"88E6191X","Dimensions":"443 x 210 x 44 mm","RouterOS license":"6","Operating System":"RouterOS v7","Size of RAM":"4 GB","Storage size":"128 MB","Storage type":"NAND","MTBF":"Approximately 200'000 hours at 25C","Tested ambient temperature":"-20°C to 60°C","Number of AC inputs":"2","AC input range":"100-240","Number of PSU slots":"2","Frequency (Hz)":"50-60","Max power consumption":"48 W","Max power consumption without attachments":"35 W","Cooling type":"2 fans","10/100/1000 Ethernet ports":"16","SFP+ ports":"2","Serial console port":"RJ45","Number of USB ports":"1","CPU temperature monitor":"Yes","PCB temperature monitor":"Yes","Voltage Monitor":"Yes","Certification":"CE, EAC, ROHS","IP":"IP20","_www_title":"CCR2004-16G-2S+","_www_tagline":"This powerful and affordable router crushes all previous CCR models in single-core performance. 16x Gigabit Ethernet ports, USB, 2x10G SFP+ cages, active cooling and the best  single-core  performance  per  watt & best  overall  performance  per  watt  among  all  the  CCR  devices.","_hardware_title":"CCR2004-16G-2S+"}	6
ccr2004-16g-2s-plus-pc	CCR2004-16G-2S+PC	Ethernet routers	0	13	CCR2004-16G-2S+PC	CCR2004-16G-2S+PC	ARM 64bit	AL32400	ccr2004-16g-2s-plus-pc	ccr2004_16g_2s_pc	{"Product code":"CCR2004-16G-2S+PC","Suggested price":"$465.00","Architecture":"ARM 64bit","CPU":"AL32400","CPU core count":"4","CPU nominal frequency":"1200 MHz","CPU Threads count":"4","Switch chip model":"88E6191","Dimensions":"272 x 195 x 44 mm","RouterOS license":"6","Operating System":"RouterOS v7","Size of RAM":"4 GB","Storage size":"128 MB","Storage type":"NAND","MTBF":"Approximately 200'000 hours at 25C","Tested ambient temperature":"-20°C to 60°C","Number of DC inputs":"2 (DC jack, 2-pin terminal)","DC jack input Voltage":"36-57 V","2-pin terminal input Voltage":"36-57 V","Max power consumption":"36 W","Max power consumption without attachments":"30 W","Cooling type":"Passive","10/100/1000 Ethernet ports":"16","SFP+ ports":"2","Serial console port":"RJ45","Number of USB ports":"1","CPU temperature monitor":"Yes","PCB temperature monitor":"Yes","Voltage Monitor":"Yes","Certification":"CE, EAC, ROHS","IP":"IP 20","_www_title":"CCR2004-16G-2S+PC","_www_tagline":"Up to 300% faster than the previous CCR1009 routers - in a blissful silence!\r\nLuxury you deserve for the price you can afford. 16x Gigabit Ethernet ports, 2x10G SFP+ cages.","_hardware_title":"CCR2004-16G-2S+PC"}	5
ccr2004-1g-12s-plus-2xs	CCR2004-1G-12S+2XS	Ethernet routers	0	11	CCR2004-1G-12S+2XS	CCR2004-1G-12S+2XS	ARM 64bit	AL32400	ccr2004-1g-12s-plus-2xs	ccr2004_1g_12s_2xs	{"Product code":"CCR2004-1G-12S+2XS","Suggested price":"$595.00","Architecture":"ARM 64bit","CPU":"AL32400","CPU core count":"4","CPU nominal frequency":"1700 MHz","CPU Threads count":"4","Dimensions":"443 x 224 x 44 mm","RouterOS license":"6","Operating System":"RouterOS v7","Size of RAM":"4 GB","Storage size":"128 MB","Storage type":"NAND","MTBF":"Approximately 200'000 hours at 25C","Tested ambient temperature":"-20°C to 60°C","Number of AC inputs":"2","AC input range":"100-240","Max power consumption":"60 W","Max power consumption without attachments":"31 W","Cooling type":"2 fans","10/100/1000 Ethernet ports":"1","SFP+ ports":"12","Number of 25G SFP28 ports":"2","Serial console port":"RJ45","CPU temperature monitor":"Yes","PCB temperature monitor":"Yes","Voltage Monitor":"Yes","Certification":"CE, EAC, ROHS","IP":"20","_www_title":"CCR2004-1G-12S+2XS","_www_tagline":"The Connectivity Router - your best companion when it comes to SFP, SFP+ and SFP28 management! 1, 10 and 25 Gbps ports in a single device to make your life easier.","_hardware_title":"CCR2004-1G-12S+2XS"}	5
ccr2004-1g-2xs-pcie	CCR2004-1G-2XS-PCIe	Ethernet routers	0	10	CCR2004-1G-2XS-PCIe	CCR2004-1G-2XS-PCIe	ARM 64bit	AL52400	ccr2004-1g-2xs-pcie	ccr2004_1g_2xs_pcie	{"Product code":"CCR2004-1G-2XS-PCIe","Suggested price":"$199.00","Architecture":"ARM 64bit","CPU":"AL52400","CPU core count":"4","CPU nominal frequency":"1500 MHz","CPU Threads count":"4","Dimensions":"170 x 69 x 18 mm","RouterOS license":"6","Operating System":"RouterOS v7","Size of RAM":"4 GB","Storage size":"128 MB","Storage type":"NAND","MTBF":"Approximately 200'000 hours at 25C","Tested ambient temperature":"-20°C to 60°C","Max power consumption":"29 W","Max power consumption without attachments":"22 W","Cooling type":"1 fan","10/100/1000 Ethernet ports":"1","Number of 25G SFP28 ports":"2","CPU temperature monitor":"Yes","Current Monitor":"Yes","PCB temperature monitor":"Yes","Voltage Monitor":"Yes","Certification":"CE, EAC, ROHS","IP":"20","_www_title":"CCR2004-1G-2XS-PCIe","_www_tagline":"A smart PCIe network interface card that adds full-fledged router\r\ncapabilities to your servers. The smart and easy way to create 25\r\nGigabit networks if you want to save space in your server room!","_hardware_title":"CCR2004-1G-2XS-PCIe"}	3
ccr2116-12g-4s-plus	CCR2116-12G-4S+	Ethernet routers	0	14	CCR2116-12G-4S+	CCR2116-12G-4S+	ARM 64bit	AL73400	ccr2116-12g-4s-plus	ccr2116_12g_4splus	{"Product code":"CCR2116-12G-4S+","Suggested price":"$995.00","Architecture":"ARM 64bit","CPU":"AL73400","CPU core count":"16","CPU nominal frequency":"2000 MHz","CPU Threads count":"16","Switch chip model":"98DX3255","Dimensions":"443 x 199 x 44 mm","RouterOS license":"6","Operating System":"RouterOS v7","Size of RAM":"16 GB","Storage size":"128 MB","Storage type":"NAND","MTBF":"Approximately 200'000 hours at 25C","Tested ambient temperature":"-20°C to 60°C","Number of AC inputs":"2","AC input range":"100-240","Number of PSU slots":"2","Frequency (Hz)":"47-63","Max power consumption":"83 W","Max power consumption without attachments":"60 W","Cooling type":"4 fans","10/100/1000 Ethernet ports":"13","SFP+ ports":"4","Serial console port":"RJ45","Number of M.2 slots":"1","CPU temperature monitor":"Yes","PCB temperature monitor":"Yes","Voltage Monitor":"Yes","Mode button":"Yes","Certification":"CE, EAC, ROHS","_www_title":"CCR2116-12G-4S+","_www_tagline":"Forget about CPU limitations in 10G setups with this powerful 16-core \r\nARM CPU based CCR. Double the performance of our previous 36-\r\ncore CCR, 6x faster BGP performance. Includes an M.2 PCIe slot.","_hardware_title":"CCR2116-12G-4S+"}	4
ccr2216-1g-12xs-2xq	CCR2216-1G-12XS-2XQ	Ethernet routers	0	15	CCR2216-1G-12XS-2XQ	CCR2216-1G-12XS-2XQ	ARM 64bit	AL73400	ccr2216-1g-12xs-2xq	ccr2216_1g_12xs_2xq	{"Product code":"CCR2216-1G-12XS-2XQ","Suggested price":"$2,795.00","Architecture":"ARM 64bit","CPU":"AL73400","CPU core count":"16","CPU nominal frequency":"2000 MHz","CPU Threads count":"16","Switch chip model":"98DX8525","Dimensions":"443 x 367 x 44 mm","RouterOS license":"6","Operating System":"RouterOS v7","Size of RAM":"16 GB","Storage size":"128 MB","Storage type":"NAND","MTBF":"Approximately 200'000 hours at 25C","Tested ambient temperature":"-20°C to 60°C","Number of AC inputs":"2","AC input range":"100-240","Number of PSU slots":"2","Frequency (Hz)":"50-60","Max power consumption":"128 W","Max power consumption without attachments":"80 W","Cooling type":"4 fans","10/100/1000 Ethernet ports":"1","Number of 25G SFP28 ports":"12","Number of 100G QSFP28 ports":"2","Serial console port":"RJ45","Number of M.2 slots":"2","CPU temperature monitor":"Yes","PCB temperature monitor":"Yes","Voltage Monitor":"Yes","Certification":"CE, EAC, ROHS","IP":"20","_www_title":"CCR2216-1G-12XS-2XQ","_www_tagline":"The new MikroTik flagship with the power of a whole fleet.\r\nUnleash the power of 100 Gigabit networking with L3 Hardware\r\nOffloading! This router can be a handy drop-in upgrade for existing\r\nCCR1072 setups.","_hardware_title":"CCR2216-1G-12XS-2XQ"}	3
chateau-5g-r17-ax	Chateau 5G R17 ax	LTE products	0	16	Chateau 5G R17 ax	S53UG+5HaxD2HaxD-TC&RG650E-EU	ARM 64bit	IPQ-6010	chateau-5g-r17-ax	chateau_5g_r17_ax	{"Product code":"S53UG+5HaxD2HaxD-TC&RG650E-EU","Suggested price":"$349.00","Architecture":"ARM 64bit","CPU":"IPQ-6010","CPU core count":"4","CPU nominal frequency":"864-1800 MHz","CPU Threads count":"4","Switch chip model":"IPQ-6010","RouterOS license":"4","Operating System":"RouterOS v7","Size of RAM":"1 GB","Storage size":"128 MB","Storage type":"NAND","MTBF":"Approximately 200'000 hours at 25C","Tested ambient temperature":"-40°C to 70°C","Number of DC inputs":"1 (DC jack)","DC jack input Voltage":"12-28 V","Max power consumption":"27 W","Max power consumption without attachments":"18 W","Cooling type":"Passive","3G Category":"R8 (42.2Mbps Downlink, 5.76Mbps Uplink)","3G bands":"1 (2100MHz) 5 (850MHz) 8 (900MHz)","LTE Category":"20 (2.0 Gbps Downlink, 211 Mbps Uplink)","MIMO DL":"4x4","MIMO UL":"1x1 (5G SA MIMO UL 2x2)","LTE FDD bands":"1 (2100MHz) 3 (1800MHz) 5 (850MHz) 7 (2600MHz) 8 (900 MHz) 20 (800MHz) 28 (700MHz) 32 (1500 MHz)","LTE TDD bands":"38 (2600MHz) 40 (2300MHz) 41 (2500MHz) 42 (3500MHz) 43 (3700MHz)","5G NSA FDD bands":"1 (2100 MHz) 3 (1800 MHz) 5 (850 MHz) 7 (2600 MHz) 8 (900 MHz) 20 (800 MHz) 26 (850 MHz) 28 (700 MHz) 67 (700 MHz) 75 (1500 MHz) 76 (1500 MHz)","5G NSA TDD bands":"38 (2600 MHz) 40 (2300 MHz) 41 (2500 MHz) 77 (3700 MHz) 78 (3500 MHz)","5G SA FDD bands":"1 (2100 MHz) 3 (1800 MHz) 5 (850 MHz) 7 (2600 MHz) 8 (900 MHz) 20 (800 MHz) 26 (850 MHz) 28 (700 MHz) 67 (700 MHz) 75 (1500 MHz) 76 (1500 MHz)","5G SA TDD bands":"38 (2600 MHz) 40 (2300 MHz) 41 (2500 MHz) 77 (3700 MHz) 78 (3500 MHz)","TAC":"86896506","Wireless 2.4 GHz Max data rate":"574 Mbit/s","Wireless 2.4 GHz Number of chains":"2","Wireless 2.4 GHz standards":"802.11b/g/n/ax","Antenna gain dBi for 2.4 GHz":"3","Wireless 2.4 GHz chip model":"QCN-5022","Wireless 2.4 GHz generation":"Wi-Fi 6","Wireless 5 GHz Max data rate":"1200 Mbit/s","Wireless 5 GHz Number of chains":"2","Wireless 5 GHz standards":"802.11a/n/ac/ax","Antenna gain dBi for 5 GHz":"6","Wireless 5 GHz chip model":"QCN-5052","Wireless 5 GHz generation":"Wi-Fi 6","10/100/1000 Ethernet ports":"4","Number of 2.5G Ethernet ports":"1","Number of SIM slots":"1 Modem (Micro SIM)","Number of USB ports":"1","USB Power Reset":"Yes","USB slot type":"USB type A","Max USB current (A)":"1.5","CPU temperature monitor":"Yes","PCB temperature monitor":"Yes","Voltage Monitor":"Yes","Mode button":"Yes","eSIM":"Yes","Certification":"CE, EAC, ROHS","IP":"20","_www_title":"Chateau 5G R17 ax","_www_tagline":"Get online instantly – even without a SIM card. The iconic MikroTik 5G home router gets its smartest upgrade yet... full eSIM support!","_hardware_title":"Chateau 5G R17 ax"}	10
chateau-lte12-2025	Chateau LTE12 (2025)			20	Chateau LTE12 (2025)	D53G-5HacD2HnD-TC&EG120K-EA	ARM 32bit	IPQ-4019				6
chateau-lte18-ax	Chateau LTE18 ax	LTE products	0	21	Chateau LTE18 ax	S53UG+5HaxD2HaxD-TC&EG18-EA	ARM 64bit	IPQ-6010	chateau-lte18-ax	chateaulte18_ax	{"Product code":"S53UG+5HaxD2HaxD-TC&EG18-EA","Suggested price":"$299.00","Architecture":"ARM 64bit","CPU":"IPQ-6010","CPU core count":"4","CPU nominal frequency":"auto (864 -1800) MHz","CPU Threads count":"4","Switch chip model":"IPQ-6010","Dimensions":"240 x 156 x 44 mm","RouterOS license":"4","Operating System":"RouterOS v7","Size of RAM":"1 GB","Storage size":"128 MB","Storage type":"NAND","MTBF":"Approximately 200'000 hours at 25C","Tested ambient temperature":"-40°C to 65°C","Number of DC inputs":"1 (DC jack)","DC jack input Voltage":"12-28 V","Max power consumption":"19 W","Max power consumption without attachments":"16 W","Cooling type":"Passive","3G Category":"R8 (42.2Mbps Downlink, 11.2Mbps Uplink)","3G bands":"1 (2100MHz) 3 (1800MHz) 5 (850MHz) 8 (900MHz)","LTE Category":"18 (1.2Gbps Downlink, 150Mbps Uplink)","MIMO DL":"4x4","MIMO UL":"1x1","LTE FDD bands":"1 (2100MHz) 3 (1800MHz) 5 (850MHz) 7 (2600MHz) 8 (900 MHz) 20 (800MHz) 28 (700MHz)","LTE TDD bands":"38 (2600MHz) 40 (2300MHz) 41 (2500MHz)","TAC":"86981604","Wireless 2.4 GHz Max data rate":"574 Mbit/s","Wireless 2.4 GHz Number of chains":"2","Wireless 2.4 GHz standards":"802.11b/g/n/ax","Antenna gain dBi for 2.4 GHz":"3","Wireless 2.4 GHz chip model":"QCN-5022","Wireless 2.4 GHz generation":"Wi-Fi 6","Wireless 5 GHz Max data rate":"1200 Mbit/s","Wireless 5 GHz Number of chains":"2","Wireless 5 GHz standards":"802.11a/n/ac/ax","Antenna gain dBi for 5 GHz":"6","Wireless 5 GHz chip model":"QCN-5052","Wireless 5 GHz generation":"Wi-Fi 6","10/100/1000 Ethernet ports":"4","Number of 2.5G Ethernet ports":"1","Number of SIM slots":"1 Modem (Micro SIM)","Number of USB ports":"1","USB Power Reset":"Yes","USB slot type":"USB type A","Max USB current (A)":"1","PCB temperature monitor":"Yes","Voltage Monitor":"Yes","Mode button":"Yes","Certification":"CE, EAC, ROHS","IP":"20","_www_title":"Chateau LTE18 ax","_www_tagline":"The best home AP just got even better. Generation 6 version of the Chateau LTE18. Much faster wireless, improved CPU, and now – with 2.5 Gigabit Ethernet!","_hardware_title":"Chateau LTE18 ax"}	6
chateau-lte6-us	Chateau LTE6-US	LTE products	0	17	Chateau LTE6-US	D53G-5HacD2HnD-TC&EG06-A	ARM 32bit	IPQ-4019	chateau-lte6-us	chateau_lte6_us	{"Product code":"D53G-5HacD2HnD-TC&EG06-A","Suggested price":"$189.00","Architecture":"ARM 32bit","CPU":"IPQ-4019","CPU core count":"4","CPU nominal frequency":"488-896 (auto) MHz","CPU Threads count":"4","Switch chip model":"IPQ-4019","Dimensions":"240 x 156 x 44 mm","RouterOS license":"4","Operating System":"RouterOS v7","Size of RAM":"256 MB","Storage size":"16 MB","Storage type":"FLASH","MTBF":"Approximately 200'000 hours at 25C","Tested ambient temperature":"-40°C to 70°C","Number of DC inputs":"1 (DC jack)","DC jack input Voltage":"12-28 V","Max power consumption":"19 W","Max power consumption without attachments":"14.3 W","Cooling type":"Passive","3G Category":"R8 (42.2Mbps Downlink, 5.76Mbps Uplink)","3G bands":"2 (1900MHz) 4 (1700MHz) 5 (850MHz)","LTE Category":"6 (300Mbit/s Downlink, 50Mbit/s Uplink)","LTE FDD bands":"2 (1900MHz) 4 (1700MHz) 5 (850MHz) 7 (2600MHz) 12 (700MHz) 13 (700 MHz) 25 (1900MHz) 26 (850MHz) 29 (700 MHz) 30 (2300 MHz) 66 (1700MHz)","TAC":"01619900","Wireless 2.4 GHz Max data rate":"300 Mbit/s","Wireless 2.4 GHz Number of chains":"2","Wireless 2.4 GHz standards":"802.11b/g/n","Antenna gain dBi for 2.4 GHz":"3","Wireless 2.4 GHz chip model":"IPQ-4019","Wireless 2.4 GHz generation":"Wi-Fi 4","Wireless 5 GHz Max data rate":"867 Mbit/s","Wireless 5 GHz Number of chains":"2","Wireless 5 GHz standards":"802.11a/n/ac","Antenna gain dBi for 5 GHz":"5.5","Wireless 5 GHz chip model":"IPQ-4019","Wireless 5 GHz generation":"Wi-Fi 5","10/100/1000 Ethernet ports":"5","Number of SIM slots":"1 Modem (Micro SIM)","Number of USB ports":"1","USB Power Reset":"Yes","USB slot type":"USB type A","Max USB current (A)":"1","Mode button":"Yes","Certification":"CE, FCC, EAC, ROHS","_www_title":"Chateau LTE6-US","_www_tagline":"US carrier-certified (AT&T, T-Mobile) home access point with LTE6 support for speeds up to 300 Mbps. With 5x Gigabit Ethernet ports, a powerful quad-core CPU, and a refreshingly tasteful design, this device is the right choice for most homes.","_hardware_title":"Chateau LTE6-US","_fcc_id":["TV7D53G-5ACD2ND"]}	7
chateau-lte7	Chateau LTE7	LTE products	0	18	Chateau LTE7	D53G-5HacD2HnD-TC&R11e-LTE7	ARM 32bit	IPQ-4019	chateau-lte7	chateau_lte7	{"Product code":"D53G-5HacD2HnD-TC&R11e-LTE7","Suggested price":"$119.00","Architecture":"ARM 32bit","CPU":"IPQ-4019","CPU core count":"4","CPU nominal frequency":"448-896 (auto) MHz","CPU Threads count":"4","Switch chip model":"IPQ-4019","RouterOS license":"4","Operating System":"RouterOS v7","Size of RAM":"256 MB","Storage size":"16 MB","Storage type":"FLASH","MTBF":"Approximately 200'000 hours at 25C","Tested ambient temperature":"-40°C to 70°C","Number of DC inputs":"1 (DC jack)","DC jack input Voltage":"12-28 V","Max power consumption":"20 W","Max power consumption without attachments":"14.1 W","Cooling type":"Passive","3G Category":"R8 (DL: 42.2 Mbps; UL: 5.76 Mbps)","3G bands":"1 (2100 MHz) 3 (1800 MHz) 5 (850 MHz) 8 (900 MHz)","LTE Category":"7 (DL: 300 Mbps; UL: 100 Mbps)","MIMO DL":"2x2","MIMO UL":"1x1","LTE FDD bands":"1 (2100 MHz) 3 (1800 MHz) 5 (850 MHz) 7 (2600 MHz) 8 (900 MHz) 20 (800 MHz) 28 (700 MHz)","LTE TDD bands":"38 (2600 MHz) 40 (2300 MHz) 41 (2500 MHz)","TAC":"35312597","Wireless 2.4 GHz Max data rate":"300 Mbit/s","Wireless 2.4 GHz Number of chains":"2","Wireless 2.4 GHz standards":"802.11b/g/n","Antenna gain dBi for 2.4 GHz":"2","Wireless 2.4 GHz chip model":"IPQ-4019","Wireless 2.4 GHz generation":"Wi-Fi 4","Wireless 5 GHz Max data rate":"867 Mbit/s","Wireless 5 GHz Number of chains":"2","Wireless 5 GHz standards":"802.11a/n/ac","Antenna gain dBi for 5 GHz":"4","Wireless 5 GHz chip model":"IPQ-4019","Wireless 5 GHz generation":"Wi-Fi 5","10/100/1000 Ethernet ports":"5","Number of SIM slots":"1 Modem (Micro SIM)","Number of USB ports":"1","USB Power Reset":"Yes","USB slot type":"USB type A","Max USB current (A)":"1","Mode button":"Yes","Certification":"CE, EAC, ROHS","IP":"20","_www_title":"Chateau LTE7","_www_tagline":"Our most versatile home router, featuring the new CAT7 modem and a speedy quad-core CPU for all your household network security and management tasks. Dual-band, dual-chain Wi-Fi, 5x Gigabit ports, and full RouterOS v7 features – all at a significantly lower price than the previous LTE6 version.Perfect for secure VPN work, home offices, or small business networks that care about both function and aesthetics.","_hardware_title":"Chateau LTE7"}	6
chateau-lte7-ax	Chateau LTE7 ax	LTE products	0	19	Chateau LTE7 ax	S53UG+5HaxD2HaxD-TC&R11e-LTE7	ARM 64bit	IPQ-6010	chateau-lte7-ax	chateau_lte7_ax	{"Product code":"S53UG+5HaxD2HaxD-TC&R11e-LTE7","Suggested price":"$169.00","Architecture":"ARM 64bit","CPU":"IPQ-6010","CPU core count":"4","CPU nominal frequency":"auto MHz","CPU Threads count":"4","Switch chip model":"IPQ-6010","RouterOS license":"4","Operating System":"RouterOS v7","Size of RAM":"1 GB","Storage size":"128 MB","Storage type":"NAND","MTBF":"Approximately 200'000 hours at 25C","Tested ambient temperature":"-40°C to 70°C","Number of DC inputs":"1 (DC jack)","DC jack input Voltage":"12-28 V","Max power consumption":"21.5 W","Max power consumption without attachments":"15.5 W","Cooling type":"Passive","3G Category":"R8 (DL: 42.2 Mbps; UL: 5.76 Mbps)","3G bands":"1 (2100 MHz) 3 (1800 MHz) 5 (850 MHz) 8 (900 MHz)","LTE Category":"7 (DL: 300 Mbps; UL: 100 Mbps)","MIMO DL":"2x2","MIMO UL":"1x1","LTE FDD bands":"1 (2100 MHz) 3 (1800 MHz) 5 (850 MHz) 7 (2600 MHz) 8 (900 MHz) 20 (800 MHz) 28 (700 MHz) 32 (1500 MHz)","LTE TDD bands":"38 (2600 MHz) 40 (2300 MHz) 41 (2500 MHz)","TAC":"35312597","Wireless 2.4 GHz Max data rate":"574 Mbit/s","Wireless 2.4 GHz Number of chains":"2","Wireless 2.4 GHz standards":"802.11b/g/n/ax","Antenna gain dBi for 2.4 GHz":"3","Wireless 2.4 GHz chip model":"QCN-5022","Wireless 2.4 GHz generation":"Wi-Fi 6","Wireless 5 GHz Max data rate":"1200 Mbit/s","Wireless 5 GHz Number of chains":"2","Wireless 5 GHz standards":"802.11a/n/ac/ax","Antenna gain dBi for 5 GHz":"6","Wireless 5 GHz chip model":"QCN-5052","Wireless 5 GHz generation":"Wi-Fi 6","10/100/1000 Ethernet ports":"4","Number of 2.5G Ethernet ports":"1","Number of SIM slots":"1 Modem (Micro SIM)","Number of USB ports":"1","USB Power Reset":"Yes","USB slot type":"USB type A","Max USB current (A)":"1","CPU temperature monitor":"Yes","PCB temperature monitor":"Yes","Voltage Monitor":"Yes","Mode button":"Yes","Certification":"CE, EAC, ROHS","IP":"20","_www_title":"Chateau LTE7 ax","_www_tagline":"Your favorite high-performance home and office LTE router just got a major upgrade. Chateau LTE7 ax keeps the same powerful hardware, sleek design, and Wi-Fi 6 performance – but now features an LTE Category 7 modem, expanded frequency support, and a significantly lower price than the previous LTE6 ax version.","_hardware_title":"Chateau LTE7 ax"}	6
chateau-pro-ax	Chateau PRO ax	Indoor wireless	0	22	Chateau PRO ax	H53UiG-5HaxQ2HaxQ	ARM 64bit	IPQ-8072A	chateau-pro-ax	chateau_pro_ax	{"Product code":"H53UiG-5HaxQ2HaxQ","Suggested price":"$199.00","Architecture":"ARM 64bit","CPU":"IPQ-8072A","CPU core count":"4","CPU nominal frequency":"2208 MHz","CPU Threads count":"4","Switch chip model":"IPQ-8072","RouterOS license":"6","Operating System":"RouterOS v7","Size of RAM":"1 GB","Storage size":"128 MB","Storage type":"NAND","MTBF":"Approximately 200'000 hours at 25C","Tested ambient temperature":"-40°C to 70°C","Wireless 2.4 GHz Max data rate":"1148 Mbit/s","Wireless 2.4 GHz Number of chains":"4","Wireless 2.4 GHz standards":"802.11b/g/n/ax","Antenna gain dBi for 2.4 GHz":"5","Wireless 2.4 GHz chip model":"QCN-5024","Wireless 2.4 GHz generation":"Wi-Fi 6","Wireless 5 GHz Max data rate":"2400 Mbit/s","Wireless 5 GHz Number of chains":"4","Wireless 5 GHz standards":"802.11a/n/ac/ax","Antenna gain dBi for 5 GHz":"6","Wireless 5 GHz chip model":"QCN-5054","Wireless 5 GHz generation":"Wi-Fi 6","WiFi speed":"AX3600","10/100/1000 Ethernet ports":"5","Number of 1G Ethernet ports with PoE-out":"1","Number of USB ports":"1","USB Power Reset":"Yes","USB slot type":"USB 3.0 type A","Max USB current (A)":"1.5","Number of DC inputs":"1 (DC jack)","DC jack input Voltage":"18-57 V","Max power consumption":"55 W (Networked standby (HiNA) ≤ 8 W)","Max power consumption without attachments":"18 W","Cooling type":"Passive","PoE-out ports":"Ether5","PoE out":"Passive PoE up to 57V","Low voltage PoE-Out current limit":"600 mA","High voltage PoE-Out current limit":"500 mA","Max total out (A)":"0.600 A","Total output current":"0.600","Total output power":"22.8","Certification":"CE, FCC, IC, EAC, ROHS","IP":"20","CPU temperature monitor":"Yes","PCB temperature monitor":"Yes","Voltage Monitor":"Yes","Mode button":"Yes","_www_title":"Chateau PRO ax","_www_tagline":"A Wi-Fi 6 home access point for the advanced users – it comes with an exceptionally powerful wireless system and a matching CPU.","_hardware_title":"Chateau PRO ax"}	6
cme-gateway	CME Gateway	IoT products	0	23	CME Gateway	CME22-2n-BG77	MIPSBE	QCA9531	cme22-2n-bg77	cme_gateway	{"Product code":"CME22-2n-BG77","Suggested price":"$89.00","Architecture":"MIPSBE","CPU":"QCA9531","CPU core count":"1","CPU nominal frequency":"650 MHz","Switch chip model":"QCA9531","RouterOS license":"4","Operating System":"RouterOS v7","Size of RAM":"64 MB","Storage size":"16 MB","Storage type":"FLASH","MTBF":"Approximately 100'000 hours at 25C","Tested ambient temperature":"-40°C to 70°C","Number of DC inputs":"2 (PoE-IN, 2-pin terminal)","2-pin terminal input Voltage":"12-57 V","Max power consumption":"31 W","Max power consumption without attachments":"6 W","PoE in":"802.3af/at","PoE in input Voltage":"18-57 V","PoE-out ports":"Ether2","PoE out":"Passive PoE up to 57V","Low voltage PoE-Out current limit":"600 mA","High voltage PoE-Out current limit":"450 mA","Max total out (A)":"0.6 A","Wireless 2.4 GHz Max data rate":"150 Mbit/s","Wireless 2.4 GHz Number of chains":"1","Wireless 2.4 GHz standards":"802.11b/g/n","Antenna gain dBi for 2.4 GHz":"2","Wireless 2.4 GHz chip model":"QCA9531","Wireless 2.4 GHz generation":"Wi-Fi 4","10/100 Ethernet ports":"2","Number of SIM slots":"1 Modem (Nano SIM)","Certification":"CE, FCC, IC, EAC, ROHS","IP":"66","_www_title":"CME Gateway","_www_tagline":"A rugged low-cost, low-bandwidth modem to connect Ethernet devices to CAT-M mobile network... on the tightest budget ever!","_hardware_title":"CME22-2n-BG77"}	5
crs106-1c-5s	CRS106-1C-5S	Switches	0	24	CRS106-1C-5S	CRS106-1C-5S	MIPSBE	QCA8511	crs106-1c-5s	CRS106-1C-5S	{"Product code":"CRS106-1C-5S","Suggested price":"$59.00","Architecture":"MIPSBE","CPU":"QCA8511","CPU core count":"1","CPU nominal frequency":"400 MHz","Switch chip model":"QCA8511","Dimensions":"114 x 137 x 29mm","RouterOS license":"5","Operating System":"RouterOS","Size of RAM":"128 MB","Storage size":"16 MB","Storage type":"FLASH","MTBF":"Approximately 100'000 hours at 25C","Tested ambient temperature":"-20°C to 70°C","Number of DC inputs":"2 (DC jack, PoE-IN)","DC jack input Voltage":"11-30 V","Max power consumption":"11 W","PoE in":"Passive PoE","Cooling type":"Passive","PoE in input Voltage":"11-30 V","Ethernet Combo ports":"1","SFP ports":"5","Serial console port":"RJ45","Certification":"CE, EAC, ROHS","IP":"IP20","_www_title":"CRS106-1C-5S","_www_tagline":"Smart Switch, 5x SFP cages, 1x Combo port (SFP or Gigabit Ethernet), 400MHz CPU, 128MB RAM, desktop case, RouterOS L5","_hardware_title":"CRS106-1C-5S"}	2
crs112-8p-4s-in	CRS112-8P-4S-IN	Switches	0	25	CRS112-8P-4S-IN	CRS112-8P-4S-IN	MIPSBE	QCA8511	crs112-8p-4s-in	crs112_8p_4s_in	{"Product code":"CRS112-8P-4S-IN","Suggested price":"$209.00","Architecture":"MIPSBE","CPU":"QCA8511","CPU core count":"1","CPU nominal frequency":"400 MHz","Switch chip model":"QCA8511","Dimensions":"200 x 142 x 44 mm","RouterOS license":"5","Operating System":"RouterOS","Size of RAM":"128 MB","Storage size":"16 MB","Storage type":"FLASH","MTBF":"Approximately 200'000 hours at 25C","Tested ambient temperature":"-20°C to 60°C","Number of DC inputs":"2 (DC jack)","DC jack input Voltage":"18-28 V / 48-57 V","Max power consumption":"160 W","Max power consumption without attachments":"10 W","Cooling type":"Passive","PoE-out ports":"Ether1-Ether8","PoE out":"802.3af/at","Low voltage PoE-Out current limit":"1 A","High voltage PoE-Out current limit":"450 mA","Max total out (A)":"2.8A (18V-28V) & 1.4A (48V-57V) A","10/100/1000 Ethernet ports":"8","Number of 1G Ethernet ports with PoE-out":"8","SFP ports":"4","Serial console port":"RJ45","PCB temperature monitor":"Yes","Certification":"CE, EAC, ROHS","IP":"IP20","_www_title":"CRS112-8P-4S-IN","_www_tagline":"8x Gigabit Ethernet Smart Switch with PoE-out, 4x SFP cages, 400MHz CPU, 128MB RAM, desktop case, RouterOS L5","_hardware_title":"CRS112-8P-4S-IN"}	3
crs304-4xg-in	CRS304-4XG-IN	Switches	0	26	CRS304-4XG-IN	CRS304-4XG-IN	ARM 64bit	98DX2528	crs304-4xg-in	crs304_4xg_in	{"Product code":"CRS304-4XG-IN","Suggested price":"$199.00","Architecture":"ARM 64bit","CPU":"98DX2528","CPU core count":"2","CPU nominal frequency":"1200 MHz","CPU Threads count":"2","Switch chip model":"98DX2528","RouterOS license":"5","Operating System":"RouterOS v7","Size of RAM":"512 MB","Storage size":"32 MB","Storage type":"FLASH","MTBF":"Approximately 200'000 hours at 25C","Tested ambient temperature":"-40°C to 70°C","Number of DC inputs":"4 (DC jack, PoE-IN, 2-pin terminal)","DC jack input Voltage":"12-57 V / 12-57 V","2-pin terminal input Voltage":"12-57 V","Max power consumption":"21 W","Max power consumption without attachments":"15 W","PoE in":"802.3af/at","Cooling type":"Passive","PoE in input Voltage":"36-57 V","10/100/1000 Ethernet ports":"1","Number of 1G/2.5G/5G/10G Ethernet ports":"4","Certification":"CE, EAC, ROHS","IP":"20","_www_title":"CRS304-4XG-IN","_www_tagline":"Compact, powerful, and ready to simplify your 10 Gigabit network setups with 4x10G Ethernet ports ready to use out-of-the-box. No extra modules needed!","_hardware_title":"CRS304-4XG-IN"}	3
crs305-1g-4s-plus-in	CRS305-1G-4S+IN	Switches	0	27	CRS305-1G-4S+IN	CRS305-1G-4S+IN	ARM 32bit	98DX3236	crs305-1g-4s-plus-in	crs305_1g_4s_in	{"Product code":"CRS305-1G-4S+IN","Suggested price":"$149.00","Architecture":"ARM 32bit","CPU":"98DX3236","CPU core count":"2","CPU nominal frequency":"800 MHz","Switch chip model":"98DX3236","Dimensions":"141 x 115 x 28 mm","RouterOS license":"5","Operating System":"RouterOS / SwitchOS","Size of RAM":"512 MB","Storage size":"16 MB","Storage type":"FLASH","MTBF":"Approximately 200'000 hours at 25C","Tested ambient temperature":"-40°C to 70°C","Number of DC inputs":"3 (DC jack, PoE-IN)","DC jack input Voltage":"12-57 V","Max power consumption":"18 W","Max power consumption without attachments":"10 W","PoE in":"802.3af/at","Cooling type":"Passive","PoE in input Voltage":"12-57 V","10/100/1000 Ethernet ports":"1","SFP+ ports":"4","CPU temperature monitor":"Yes","Certification":"CE, EAC, ROHS","IP":"IP20","_www_title":"CRS305-1G-4S+IN","_www_tagline":"Five-port desktop switch with one Gigabit Ethernet port and four SFP+ 10Gbps ports","_hardware_title":"CRS305-1G-4S+IN"}	5
crs309-1g-8s-plus-in	CRS309-1G-8S+IN	Switches	0	28	CRS309-1G-8S+IN	CRS309-1G-8S+IN	ARM 32bit	98DX8208	crs309-1g-8s-plus-in	crs309_1g_8s_in	{"Product code":"CRS309-1G-8S+IN","Suggested price":"$269.00","Architecture":"ARM 32bit","CPU":"98DX8208","CPU core count":"2","CPU nominal frequency":"800 MHz","CPU Threads count":"2","Switch chip model":"98DX8208","Dimensions":"272 x 191 x 44 mm","RouterOS license":"5","Operating System":"RouterOS / SwitchOS","Size of RAM":"512 MB","Storage size":"16 MB","Storage type":"FLASH","MTBF":"Approximately 200'000 hours at 25C","Tested ambient temperature":"-40°C to 70°C","Number of DC inputs":"2 (DC jack, PoE-IN)","DC jack input Voltage":"12-57 V","Max power consumption":"23 W","Max power consumption without attachments":"17 W","PoE in":"802.3af/at","Cooling type":"Passive","PoE in input Voltage":"18-57 V","10/100/1000 Ethernet ports":"1","SFP+ ports":"8","Serial console port":"RS232","CPU temperature monitor":"Yes","Beeper":"Yes","Certification":"CE, EAC, ROHS","IP":"IP20","_www_title":"CRS309-1G-8S+IN","_www_tagline":"Desktop switch with one Gigabit Ethernet port and eight SFP+ 10Gbps ports","_hardware_title":"CRS309-1G-8S+IN"}	5
crs310-1g-5s-4s-plus-in	CRS310-1G-5S-4S+IN	Switches	0	29	CRS310-1G-5S-4S+IN	CRS310-1G-5S-4S+IN	ARM 32bit	98DX226S	crs310-1g-5s-4s-plus-in	crs310_1g_5s_4s_in	{"Product code":"CRS310-1G-5S-4S+IN","Suggested price":"$199.00","Architecture":"ARM 32bit","CPU":"98DX226S","CPU core count":"2","CPU nominal frequency":"800 MHz","Switch chip model":"98DX226S","Dimensions":"200 x 166 x 44 mm","RouterOS license":"5","Operating System":"RouterOS v7 / SwitchOS","Size of RAM":"256 MB","Storage size":"16 MB","Storage type":"FLASH","MTBF":"Approximately 200'000 hours at 25C","Tested ambient temperature":"-40°C to 70°C","Number of DC inputs":"2 (DC jack, PoE-IN)","DC jack input Voltage":"18-57 V","Max power consumption":"20 W","Max power consumption without attachments":"8 W","PoE in":"802.3af/at","Cooling type":"1 fan","PoE in input Voltage":"18-57 V","10/100/1000 Ethernet ports":"1","SFP ports":"5","SFP+ ports":"4","Serial console port":"RJ45","CPU temperature monitor":"Yes","PCB temperature monitor":"Yes","Voltage Monitor":"Yes","Certification":"CE, EAC, ROHS","IP":"20","_www_title":"CRS310-1G-5S-4S+IN","_www_tagline":"10 Gigabit fibre connectivity way over a 100 meters – for small offices or ISPs. Hardware offloaded VLAN-filtering and even some L3 routing on a budget!","_hardware_title":"CRS310-1G-5S-4S+IN"}	5
crs310-8g-plus-2s-plus-in	CRS310-8G+2S+IN	Switches	0	30	CRS310-8G+2S+IN	CRS310-8G+2S+IN	ARM 32bit	98DX226S	crs310-8g-plus-2s-plus-in	crs310_8g_2s_in	{"Product code":"CRS310-8G+2S+IN","Suggested price":"$219.00","Architecture":"ARM 32bit","CPU":"98DX226S","CPU core count":"2","CPU nominal frequency":"800 MHz","Switch chip model":"98DX226S","Dimensions":"200 x 206,1 x 44","RouterOS license":"5","Operating System":"RouterOS v7 / SwitchOS","Size of RAM":"256 MB","Storage size":"32 MB","Storage type":"FLASH","MTBF":"Approximately 200'000 hours at 25C","Tested ambient temperature":"-40°C to 60°C","Number of DC inputs":"1 (DC jack)","DC jack input Voltage":"18-57 V","Max power consumption":"34 W","Max power consumption without attachments":"21 W","Cooling type":"1 fan","Number of 2.5G Ethernet ports":"8","SFP+ ports":"2","Number of USB ports":"1","USB Power Reset":"Yes","USB slot type":"USB type A","Max USB current (A)":"1","CPU temperature monitor":"Yes","PCB temperature monitor":"Yes","Certification":"CE, EAC, ROHS","IP":"20","_www_title":"CRS310-8G+2S+IN","_www_tagline":"Take advantage of the blazing fast 2.5/10 Gigabit combo and upgrade your workspace! This switch can utilize the full potential of RouterOS v7: run VLANs, Jumbo frames, link aggregation, ACL rules, and so much more!","_hardware_title":"CRS310-8G+2S+IN"}	5
crs312-4c-plus-8xg-rm	CRS312-4C+8XG-RM	Switches	0	31	CRS312-4C+8XG-RM	CRS312-4C+8XG-RM	MIPSBE	QCA9531	crs312-4c-plus-8xg-rm	crs312_4c_8xg_rm	{"Product code":"CRS312-4C+8XG-RM","Suggested price":"$699.00","Architecture":"MIPSBE","CPU":"QCA9531","CPU core count":"1","CPU nominal frequency":"650 MHz","Switch chip model":"98DX8212","Dimensions":"443 x 183 x 44 mm","RouterOS license":"5","Operating System":"RouterOS v7 / SwitchOS","Size of RAM":"64 MB","Storage size":"16 MB","Storage type":"FLASH","MTBF":"Approximately 200'000 hours at 25C","Tested ambient temperature":"-30°C to 70°C","Number of AC inputs":"2","AC input range":"100-240","Frequency (Hz)":"50-60","Max power consumption":"60 W","Cooling type":"4 fans","10/100 Ethernet ports":"1","Number of Combo 10G Ethernet/ SFP+ ports":"4","Number of 1G/2.5G/5G/10G Ethernet ports":"8","Serial console port":"RJ45","Number of USB ports":"1","USB Power Reset":"Yes","USB slot type":"USB type A","Max USB current (A)":"1","Voltage Monitor":"Yes","Certification":"CE, EAC, ROHS","IP":"20","_www_title":"CRS312-4C+8XG-RM","_www_tagline":"Switch of the future: the first MikroTik product with 10G RJ45 Ethernet ports and SFP+","_hardware_title":"CRS312-4C+8XG-RM"}	5
crs317-1g-16s-plus-rm	CRS317-1G-16S+RM	Switches	0	32	CRS317-1G-16S+RM	CRS317-1G-16S+RM	ARM 32bit	98DX8216	crs317-1g-16s-plus-rm	crs317_1g_16s_rm	{"Product code":"CRS317-1G-16S+RM","Suggested price":"$499.00","Architecture":"ARM 32bit","CPU":"98DX8216","CPU core count":"2","CPU nominal frequency":"800 MHz","CPU Threads count":"2","Switch chip model":"98DX8216","Dimensions":"443 x 224 x 44 mm","RouterOS license":"6","Operating System":"RouterOS / SwitchOS","Size of RAM":"1 GB","Storage size":"16 MB","Storage type":"FLASH","MTBF":"Approximately 200'000 hours at 25C","Tested ambient temperature":"-20°C to 60°C","Number of AC inputs":"2","AC input range":"100-240","Number of PSU slots":"2","Frequency (Hz)":"50-60","Max power consumption":"44 W","Cooling type":"2 fans","10/100/1000 Ethernet ports":"1","SFP+ ports":"16","Serial console port":"RJ45","CPU temperature monitor":"Yes","Beeper":"Yes","Certification":"CE, EAC, ROHS","_www_title":"CRS317-1G-16S+RM","_www_tagline":"Smart Switch, 1 x Gigabit LAN, 16 x SFP+ cages, Dual Core 800MHz CPU, 1GB RAM, 1U rackmount passive cooling case, Dual Power Supplies","_hardware_title":"CRS317-1G-16S+RM"}	5
crs320-8p-8b-4s-plus-rm	CRS320-8P-8B-4S+RM	Switches	0	33	CRS320-8P-8B-4S+RM	CRS320-8P-8B-4S+RM	ARM 32bit	98DX226S	crs320-8p-8b-4s-plus-rm	crs320_8p_8b_4s_rm	{"Product code":"CRS320-8P-8B-4S+RM","Suggested price":"$489.00","Architecture":"ARM 32bit","CPU":"98DX226S","CPU core count":"2","CPU nominal frequency":"800 MHz","Switch chip model":"98DX226S","RouterOS license":"5","Operating System":"RouterOS v7 / SwitchOS","Size of RAM":"256 MB","Storage size":"32 MB","Storage type":"FLASH","MTBF":"Approximately 200'000 hours at 25C","Tested ambient temperature":"-10°C to 50°C","Number of AC inputs":"1","AC input range":"100-240","Number of PSU slots":"2","Frequency (Hz)":"50-60","Max power consumption":"600W (1150W with additional PSU)","Max power consumption without attachments":"36 W","Cooling type":"3 fans","PoE-out ports":"Ether1-Ether8 (af/at), Ether9-Ether16 (bt)","PoE out":"802.3af/at/bt","High voltage PoE-Out current limit":"560 (af/at) / 1667 (bt) mA","Max total out (A)":"17.82 A","Total output current":"17.82","Total output power":"963","10/100/1000 Ethernet ports":"17","Number of 1G Ethernet ports with PoE-out":"16","SFP+ ports":"4","Serial console port":"RJ45","CPU temperature monitor":"Yes","PCB temperature monitor":"Yes","Voltage Monitor":"Yes","Certification":"CE, EAC, ROHS","IP":"20","_www_title":"CRS320-8P-8B-4S+RM","_www_tagline":"The first MikroTik high-power PoE++ switch – for easy\r\nand cost-effective powering of industry standard 802.3af/at/bt devices. Forget about countless power cables – create a cleaner space with PoE++!","_hardware_title":"CRS320-8P-8B-4S+RM"}	5
crs326-24g-2s-plus-in	CRS326-24G-2S+IN	Switches	0	35	CRS326-24G-2S+IN	CRS326-24G-2S+INr2	ARM 32bit	98DX3236	crs326-24g-2s-plus-in	crs326_24g_2s_in	{"Product code":"CRS326-24G-2S+IN","Suggested price":"$199.00","Architecture":"ARM 32bit","CPU":"98DX3236","CPU core count":"2","CPU nominal frequency":"800 MHz","Switch chip model":"98DX3236","Dimensions":"285 x 144 x 44 mm","RouterOS license":"5","Operating System":"RouterOS / SwitchOS","Size of RAM":"512 MB","Storage size":"16 MB","Storage type":"FLASH","MTBF":"Approximately 200'000 hours at 25C","Tested ambient temperature":"-40°C to 60°C","Number of DC inputs":"2 (DC jack, PoE-IN)","DC jack input Voltage":"10-30 V","Max power consumption":"21 W","PoE in":"Passive PoE","Cooling type":"Passive","PoE in input Voltage":"10-30 V","10/100/1000 Ethernet ports":"24","SFP+ ports":"2","Serial console port":"RJ45","Certification":"CE, EAC, ROHS","IP":"IP20","_www_title":"CRS326-24G-2S+IN","_www_tagline":"24 Gigabit ports, 2 SFP+ cages and a desktop case – server room power for your home!","_hardware_title":"CRS326-24G-2S+IN"}	7
crs326-24g-2s-plus-rm	CRS326-24G-2S+RM	Switches	0	36	CRS326-24G-2S+RM	CRS326-24G-2S+RM	ARM 32bit	98DX3236	crs326-24g-2s-plus-rm	CRS326-24G-2SplusRM	{"Product code":"CRS326-24G-2S+RM","Suggested price":"$209.00","Architecture":"ARM 32bit","CPU":"98DX3236","CPU core count":"2","CPU nominal frequency":"800 MHz","Switch chip model":"98DX3236","Dimensions":"443 x 144 x 44 mm","RouterOS license":"5","Operating System":"RouterOS / SwitchOS","Size of RAM":"512 MB","Storage size":"16 MB","Storage type":"FLASH","MTBF":"Approximately 200'000 hours at 25C","Tested ambient temperature":"-40°C to 60°C","Number of DC inputs":"2 (DC jack, PoE-IN)","DC jack input Voltage":"10-30 V","Max power consumption":"24 W","PoE in":"Passive PoE","Cooling type":"Passive","PoE in input Voltage":"10-30 V","10/100/1000 Ethernet ports":"24","SFP+ ports":"2","Serial console port":"RJ45","Certification":"CE, EAC, ROHS","IP":"IP20","_www_title":"CRS326-24G-2S+RM","_www_tagline":"24 Gigabit port switch with 2 x SFP+ cages in 1U rackmount case, Dual boot (RouterOS or SwitchOS)","_hardware_title":"CRS326-24G-2S+RM"}	4
crs326-24s-plus-2q-plus-rm	CRS326-24S+2Q+RM	Switches	0	37	CRS326-24S+2Q+RM	CRS326-24S+2Q+RM	MIPSBE	QCA9531	crs326-24s-plus-2q-plus-rm	crs326_24s_2q_rm	{"Product code":"CRS326-24S+2Q+RM","Suggested price":"$599.00","Architecture":"MIPSBE","CPU":"QCA9531","CPU core count":"1","CPU nominal frequency":"650 MHz","Switch chip model":"98DX8332","Dimensions":"443 x 200 x 44 mm","RouterOS license":"5","Operating System":"RouterOS v7 / SwitchOS","Size of RAM":"128 MB","Storage size":"32 MB","Storage type":"FLASH","MTBF":"Approximately 200'000 hours at 25C","Tested ambient temperature":"-20°C to 60°C","Number of AC inputs":"2","AC input range":"100-240","Number of PSU slots":"2","Frequency (Hz)":"50-60","Max power consumption":"69 W","Max power consumption without attachments":"42 W","Cooling type":"3 fans","10/100 Ethernet ports":"1","SFP+ ports":"24","Number of 40G QSFP+ ports":"2","Serial console port":"RJ45","Number of USB ports":"1","USB Power Reset":"Yes","USB slot type":"USB type A","Max USB current (A)":"1","Certification":"CE, EAC, ROHS","IP":"IP20","_www_title":"CRS326-24S+2Q+RM","_www_tagline":"One of our faster switches  for the most demanding setups.","_hardware_title":"CRS326-24S+2Q+RM"}	5
crs326-4c-plus-20g-plus-2q-plus-rm	CRS326-4C+20G+2Q+RM	Switches	0	34	CRS326-4C+20G+2Q+RM	CRS326-4C+20G+2Q+RM	MIPSBE	QCA9531	crs326-4c-plus-20g-plus-2q-plus-rm	crs326_4c_20g_2q_rm	{"Product code":"CRS326-4C+20G+2Q+RM","Suggested price":"$999.00","Architecture":"MIPSBE","CPU":"QCA9531","CPU core count":"1","CPU nominal frequency":"650 MHz","Switch chip model":"98DX8332","RouterOS license":"6","Operating System":"RouterOS v7","Size of RAM":"128 MB","Storage size":"32 MB","Storage type":"FLASH","MTBF":"Approximately 200'000 hours at 25C","Tested ambient temperature":"-20°C to 60°C","Number of AC inputs":"2","AC input range":"100-240","Number of PSU slots":"2","Frequency (Hz)":"50-60","Max power consumption":"70 W","Max power consumption without attachments":"51 W","Cooling type":"2 fans","10/100 Ethernet ports":"1","Number of 2.5G Ethernet ports":"20","Number of Combo 10G Ethernet/ SFP+ ports":"4* (2.5G ETH/10G SFP+)","Number of 40G QSFP+ ports":"2","Serial console port":"RJ45","PCB temperature monitor":"Yes","Voltage Monitor":"Yes","Certification":"CE, EAC, ROHS","IP":"20","_www_title":"CRS326-4C+20G+2Q+RM","_www_tagline":"Our top-of-the-line switch with incredible 2.5 Gigabit port density, \r\ncombo ports, and even a pair of 40 Gbps QSFP+ cages. Enterprise-level gamechanger… for the price of a smartphone!","_hardware_title":"CRS326-4C+20G+2Q+RM"}	5
crs328-24p-4s-plus-rm	CRS328-24P-4S+RM	Switches	0	39	CRS328-24P-4S+RM	CRS328-24P-4S+RM	ARM 32bit	98DX3236	crs328-24p-4s-plus-rm	crs328_24p_4s_rm	{"Product code":"CRS328-24P-4S+RM","Suggested price":"$489.00","Architecture":"ARM 32bit","CPU":"98DX3236","CPU core count":"1","CPU nominal frequency":"800 MHz","Switch chip model":"98DX3236","Dimensions":"443 x 300 x 44 mm","RouterOS license":"5","Operating System":"RouterOS / SwitchOS","Size of RAM":"512 MB","Storage size":"16 MB","Storage type":"FLASH","MTBF":"Approximately 200'000 hours at 25C","Tested ambient temperature":"-20°C to 60°C","Number of AC inputs":"1","AC input range":"100-240","Number of PSU slots":"1","Max power consumption":"494 W","Max power consumption without attachments":"44 W","Cooling type":"2 fans","PoE-out ports":"Ether1-Ether24","PoE out":"802.3af/at","Low voltage PoE-Out current limit":"1000 mA","High voltage PoE-Out current limit":"450 mA","Max total out (A)":"20 A","10/100/1000 Ethernet ports":"24","SFP+ ports":"4","Serial console port":"RJ45","CPU temperature monitor":"Yes","Current Monitor":"Yes","PCB temperature monitor":"Yes","Voltage Monitor":"Yes","Mode button":"Yes","Certification":"CE, EAC, ROHS","IP":"IP00","_www_title":"CRS328-24P-4S+RM","_www_tagline":"24 port Gigabit Ethernet router/switch with four 10Gbps SFP+ ports in 1U rackmount case, Dual Boot and PoE output, 500W","_hardware_title":"CRS328-24P-4S+RM"}	5
crs328-4c-20s-4s-plus-rm	CRS328-4C-20S-4S+RM	Switches	0	38	CRS328-4C-20S-4S+RM	CRS328-4C-20S-4S+RM	ARM 32bit	98DX3236	crs328-4c-20s-4s-plus-rm	crs328_4c_20s_4s_rm	{"Product code":"CRS328-4C-20S-4S+RM","Suggested price":"$449.00","Architecture":"ARM 32bit","CPU":"98DX3236","CPU core count":"2","CPU nominal frequency":"800 MHz","Switch chip model":"98DX3236","Dimensions":"443 x 194 x 44 mm","RouterOS license":"5","Operating System":"RouterOS / SwitchOS","Size of RAM":"512 MB","Storage size":"16 MB","Storage type":"FLASH","MTBF":"Approximately 200'000 hours at 25C","Tested ambient temperature":"-20°C to 60°C","Number of AC inputs":"2","AC input range":"100-240","Number of PSU slots":"2","Frequency (Hz)":"50-60","Max power consumption":"43 W","Cooling type":"2 fans","Ethernet Combo ports":"4","SFP ports":"20","SFP+ ports":"4","Serial console port":"RJ45","CPU temperature monitor":"Yes","Voltage Monitor":"Yes","Mode button":"Yes","Certification":"CE, EAC, ROHS","_www_title":"CRS328-4C-20S-4S+RM","_www_tagline":"Smart Switch, 20 x SFP cages, 4 x SFP+ cages, 4 x Combo ports (Gigabit Ethernet or SFP), 800MHz CPU, 512MB RAM, 1U rackmount case, Dual Power Supplies, RouterOS L5 or SwitchOS (Dual Boot)","_hardware_title":"CRS328-4C-20S-4S+RM"}	5
crs354-48g-4s-plus-2q-plus-rm	CRS354-48G-4S+2Q+RM	Switches	0	40	CRS354-48G-4S+2Q+RM	CRS354-48G-4S+2Q+RM	MIPSBE	QCA9531	crs354-48g-4s-plus-2q-plus-rm	crs354_48g_4splus2qplusrm	{"Product code":"CRS354-48G-4S+2Q+RM","Suggested price":"$599.00","Architecture":"MIPSBE","CPU":"QCA9531","CPU core count":"1","CPU nominal frequency":"650 MHz","Switch chip model":"98DX3257","Dimensions":"297 x 443 x 44 mm","RouterOS license":"5","Operating System":"RouterOS v7 / SwitchOS","Size of RAM":"128 MB","Storage size":"32 MB","Storage type":"FLASH","MTBF":"Approximately 200'000 hours at 25C","Tested ambient temperature":"-20°C to 60°C","Number of AC inputs":"2","AC input range":"100-240","Number of PSU slots":"2","Frequency (Hz)":"50-60","Max power consumption":"60 W","Max power consumption without attachments":"50 W","Cooling type":"3 fans","10/100 Ethernet ports":"1","10/100/1000 Ethernet ports":"48","SFP+ ports":"4","Number of 40G QSFP+ ports":"2","Serial console port":"RJ45","CPU temperature monitor":"Yes","PCB temperature monitor":"Yes","Voltage Monitor":"Yes","Certification":"CE, EAC, ROHS","IP":"IP20","_www_title":"CRS354-48G-4S+2Q+RM","_www_tagline":"Best price and best performance on the market – this 48 port switch\r\nwill rock any setup, including 40 Gbps devices!","_hardware_title":"CRS354-48G-4S+2Q+RM"}	4
crs354-48p-4s-plus-2q-plus-rm	CRS354-48P-4S+2Q+RM	Switches	0	41	CRS354-48P-4S+2Q+RM	CRS354-48P-4S+2Q+RM	MIPSBE	QCA9531	crs354-48p-4s-plus-2q-plus-rm	crs354_48p_4s_2q_rm	{"Product code":"CRS354-48P-4S+2Q+RM","Suggested price":"$999.00","Architecture":"MIPSBE","CPU":"QCA9531","CPU core count":"1","CPU nominal frequency":"650 MHz","Switch chip model":"98DX3257","Dimensions":"443 x 382 x 44 mm","RouterOS license":"5","Operating System":"RouterOS v7 / SwitchOS","Size of RAM":"128 MB","Storage size":"32 MB","Storage type":"FLASH","MTBF":"Approximately 200'000 hours at 25C","Tested ambient temperature":"-20°C to 60°C","Number of AC inputs":"1","AC input range":"100-240","Number of PSU slots":"1","Frequency (Hz)":"50-60","Max power consumption":"800 W","Max power consumption without attachments":"85 W","Cooling type":"4 fans","PoE-out ports":"Ether1-Ether48","PoE out":"802.3af/at","Low voltage PoE-Out current limit":"1000 mA","High voltage PoE-Out current limit":"570 mA","Total output current":"27A at 26V OR 13.2A at 53V","Total output power":"700W","10/100 Ethernet ports":"1","10/100/1000 Ethernet ports":"48","SFP+ ports":"4","Number of 40G QSFP+ ports":"2","Serial console port":"RJ45","CPU temperature monitor":"Yes","Current Monitor":"Yes","PCB temperature monitor":"Yes","Voltage Monitor":"Yes","Certification":"CE, EAC, ROHS","IP":"IP20","_www_title":"CRS354-48P-4S+2Q+RM","_www_tagline":"The 48 port champion you’ve been waiting for - now with PoE-out!","_hardware_title":"CRS354-48P-4S+2Q+RM"}	5
crs418-8p-8g-2s-plus-5axq2axq-rm	CRS418-8P-8G-2S+5axQ2axQ-RM	Switches	0	42	CRS418-8P-8G-2S+5axQ2axQ-RM	CRS418-8P-8G-2S+5axQ2axQ-RM	ARM 64bit	IPQ-8072A	crs418-8p-8g-2s-plus-5axq2axq-rm	crs418_8p_8g_2s_wifi	{"Product code":"CRS418-8P-8G-2S+5axQ2axQ-RM","Suggested price":"$499.00","Architecture":"ARM 64bit","CPU":"IPQ-8072A","CPU core count":"4","CPU nominal frequency":"2208 MHz","CPU Threads count":"4","Switch chip model":"98DX226S","RouterOS license":"5","Operating System":"RouterOS v7","Size of RAM":"1 GB","Storage size":"128 MB","Storage type":"NAND","MTBF":"Approximately 200'000 hours at 25C","Tested ambient temperature":"-20°C to 70°C","Number of AC inputs":"2","AC input range":"100-240","Number of PSU slots":"2","Frequency (Hz)":"50-60","Max power consumption":"227 W","Max power consumption without attachments":"43 W","Cooling type":"4 fans","PoE-out ports":"Ether9-Ether16","PoE out":"802.3af/at","Low voltage PoE-Out current limit":"1.1 A","High voltage PoE-Out current limit":"0.56 A","Total output power":"150","Wireless 2.4 GHz Max data rate":"1148 Mbit/s","Wireless 2.4 GHz Number of chains":"4","Wireless 2.4 GHz standards":"802.11b/g/n/ax","Antenna gain dBi for 2.4 GHz":"5","Wireless 2.4 GHz chip model":"QCN-5024","Wireless 2.4 GHz generation":"Wi-Fi 6","Wireless 5 GHz Max data rate":"2400 Mbit/s","Wireless 5 GHz Number of chains":"4","Wireless 5 GHz standards":"802.11a/n/ac/ax","Antenna gain dBi for 5 GHz":"6","Wireless 5 GHz chip model":"QCN-5054","Wireless 5 GHz generation":"Wi-Fi 6","10/100/1000 Ethernet ports":"17","Number of 1G Ethernet ports with PoE-out":"8","SFP+ ports":"2","Serial console port":"RJ45","Number of USB ports":"1","USB Power Reset":"Yes","USB slot type":"USB 3.0 type A","Max USB current (A)":"1","CPU temperature monitor":"Yes","Current Monitor":"Yes","PCB temperature monitor":"Yes","Voltage Monitor":"Yes","Mode button":"Yes","Certification":"CE, FCC, IC, EAC, ROHS","IP":"20","_www_title":"CRS418-8P-8G-2S+5axQ2axQ-RM","_www_tagline":"The Wi-Fi version of CRS418... with our strongest 4x4 MIMO Wi-Fi 6! L3 HW offloading, quad-core 2.2 GHz ARM CPU, 16x Gigabit Ethernet ports + a Gigabit management port with a direct CPU line, 2x 10G SFP+ ports, PoE-out.","_hardware_title":"CRS418-8P-8G-2S+5axQ2axQ-RM"}	5
crs418-8p-8g-2s-plus-rm	CRS418-8P-8G-2S+RM	Switches	0	43	CRS418-8P-8G-2S+RM	CRS418-8P-8G-2S+RM	ARM 64bit	IPQ-8072	crs418-8p-8g-2s-plus-rm	crs418_8p_8g_2s_rm	{"Product code":"CRS418-8P-8G-2S+RM","Suggested price":"$449.00","Architecture":"ARM 64bit","CPU":"IPQ-8072","CPU core count":"4","CPU nominal frequency":"2208 MHz","CPU Threads count":"4","Switch chip model":"98DX226S","RouterOS license":"5","Operating System":"RouterOS v7","Size of RAM":"1 GB","Storage size":"128 MB","Storage type":"NAND","MTBF":"Approximately 200'000 hours at 25C","Tested ambient temperature":"-20°C to 70°C","Number of AC inputs":"2","AC input range":"100-240","Number of PSU slots":"2","Frequency (Hz)":"50-60","Max power consumption":"215 W","Max power consumption without attachments":"28 W","Cooling type":"4 fans","PoE-out ports":"Ether9 - Ether16","PoE out":"802.3af/at","Low voltage PoE-Out current limit":"1.1 A","High voltage PoE-Out current limit":"0.56 A","Max total out (A)":"5.4 A","Total output current":"5.4","Total output power":"150","10/100/1000 Ethernet ports":"17","Number of 1G Ethernet ports with PoE-out":"8","SFP+ ports":"2","Serial console port":"RJ45","Number of USB ports":"1","USB Power Reset":"Yes","USB slot type":"USB 3.0 type A","Max USB current (A)":"1","CPU temperature monitor":"Yes","Current Monitor":"Yes","PCB temperature monitor":"Yes","Voltage Monitor":"Yes","Mode button":"Yes","Certification":"CE, EAC, ROHS","IP":"20","_www_title":"CRS418-8P-8G-2S+RM","_www_tagline":"You wanted a switch that could do more. So we built one that does everything!\r\n\r\n16x (+1) Gigabit Ethernet ports (8x with PoE-out), dual 10G uplinks, and a powerful quad-core 2.2 GHz ARM CPU. Powerful enough to replace most small/medium office routers, ~3x faster than a CRS320 or a CRS328… and for a better price!","_hardware_title":"CRS418-8P-8G-2S+RM"}	5
crs504-4xq-in	CRS504-4XQ-IN	Switches	0	44	CRS504-4XQ-IN	CRS504-4XQ-IN	MIPSBE	QCA9531	crs504-4xq-in	crs504_4xq_in	{"Product code":"CRS504-4XQ-IN","Suggested price":"$799.00","Architecture":"MIPSBE","CPU":"QCA9531","CPU core count":"1","CPU nominal frequency":"650 MHz","Switch chip model":"98DX4310","Dimensions":"320 x 185 x 44 mm","RouterOS license":"5","Operating System":"RouterOS v7","Size of RAM":"64 MB","Storage size":"16 MB","Storage type":"FLASH","MTBF":"Approximately 200'000 hours at 25C","Tested ambient temperature":"-40°C to 70°C","Number of AC inputs":"2","AC input range":"100-240","Number of DC inputs":"3 (DC jack, PoE-IN, 2-pin terminal)","DC jack input Voltage":"36-57 V","Number of PSU slots":"2","2-pin terminal input Voltage":"36-57 V","Frequency (Hz)":"47-63","Max power consumption":"41 W","Max power consumption without attachments":"25 W","PoE in":"802.3 bt","Cooling type":"2 fans","PoE in input Voltage":"43-57 V","10/100 Ethernet ports":"1","Number of 100G QSFP28 ports":"4","Serial console port":"RJ45","PCB temperature monitor":"Yes","Certification":"CE, EAC, ROHS","IP":"20","_www_title":"CRS504-4XQ-IN","_www_tagline":"Your most affordable, compact, energy-efficient\r\ndoorway to the world of 100 Gigabit networking.\r\nThis switch is the next step in upgrading existing 10 or 25 Gigabit networks. Multiple powering options, dual hot-swap power supplies.","_hardware_title":"CRS504-4XQ-IN"}	3
crs504-4xq-out	CRS504-4XQ-OUT	Switches	0	45	CRS504-4XQ-OUT	CRS504-4XQ-OUT	MIPSBE	QCA9531	crs504-4xq-out	crs504_4xq_out	{"Product code":"CRS504-4XQ-OUT","Suggested price":"$899.00","Architecture":"MIPSBE","CPU":"QCA9531","CPU core count":"1","CPU nominal frequency":"650 MHz","Switch chip model":"98DX4310","RouterOS license":"5","Operating System":"RouterOS v7","Size of RAM":"128 MB","Storage size":"32 MB","Storage type":"FLASH","MTBF":"Approximately 200'000 hours at 25C","Tested ambient temperature":"-40°C to 70°C","Number of DC inputs":"3 (DC jack, PoE-IN, 2-pin terminal)","DC jack input Voltage":"36-57 V","2-pin terminal input Voltage":"36-57 V","Max power consumption":"44 W","Max power consumption without attachments":"25 W","PoE in":"802.3 bt","Cooling type":"Passive","PoE in input Voltage":"43-57 V","10/100 Ethernet ports":"1","Number of 100G QSFP28 ports":"4","Serial console port":"RJ45","PCB temperature monitor":"Yes","Voltage Monitor":"Yes","Certification":"CE, EAC, ROHS","IP":"66","_www_title":"CRS504-4XQ-OUT","_www_tagline":"Affordable, compact, energy-efficient 100 Gbps networking anytime, ANYWHERE!\r\nIP66 weatherproof enclosure, 4x 100 Gigabit ports, multiple powering options.","_hardware_title":"CRS504-4XQ-OUT"}	3
crs510-8xs-2xq-in	CRS510-8XS-2XQ-IN	Switches	0	46	CRS510-8XS-2XQ-IN	CRS510-8XS-2XQ-IN	MIPSBE	QCA9531	crs510-8xs-2xq-in	crs510_8xs_2xq_in	{"Product code":"CRS510-8XS-2XQ-IN","Suggested price":"$999.00","Architecture":"MIPSBE","CPU":"QCA9531","CPU core count":"1","CPU nominal frequency":"650 MHz","Switch chip model":"98DX4310","RouterOS license":"5","Operating System":"RouterOS v7","Size of RAM":"128 MB","Storage size":"32 MB","Storage type":"FLASH","MTBF":"Approximately 200'000 hours at 25C","Tested ambient temperature":"-40°C to 70°C","Number of AC inputs":"2","AC input range":"100-240","Number of DC inputs":"3 (DC jack, PoE-IN, 2-pin terminal)","DC jack input Voltage":"36-57 V","Number of PSU slots":"2","2-pin terminal input Voltage":"36-57 V","Frequency (Hz)":"47-63","Max power consumption":"45 W","Max power consumption without attachments":"27 W","PoE in":"802.3 bt","Cooling type":"2 fans","PoE in input Voltage":"42.5-57 V","10/100 Ethernet ports":"1","Number of 25G SFP28 ports":"8","Number of 100G QSFP28 ports":"2","Serial console port":"RJ45","PCB temperature monitor":"Yes","Voltage Monitor":"Yes","Certification":"CE, EAC, ROHS","IP":"20","_www_title":"CRS510-8XS-2XQ-IN","_www_tagline":"A versatile 100 Gigabit switch that offers speed, value, and diverse connectivity options. 2x 100 Gigabit QSFP28 ports, 8x 25 Gigabit SFP28 ports, dual hot-swap power supplies.","_hardware_title":"CRS510-8XS-2XQ-IN"}	3
crs518-16xs-2xq-rm	CRS518-16XS-2XQ-RM	Switches	0	47	CRS518-16XS-2XQ-RM	CRS518-16XS-2XQ-RM	MIPSBE	QCA9531	crs518-16xs-2xq-rm	crs518_16xs_2xq	{"Product code":"CRS518-16XS-2XQ-RM","Suggested price":"$1,595.00","Architecture":"MIPSBE","CPU":"QCA9531","CPU core count":"1","CPU nominal frequency":"650 MHz","Switch chip model":"98DX8525","RouterOS license":"6","Operating System":"RouterOS v7","Size of RAM":"64 MB","Storage size":"16 MB","Storage type":"FLASH","MTBF":"Approximately 200'000 hours at 25C","Tested ambient temperature":"-40°C to 70°C","Number of AC inputs":"2","AC input range":"100-240","Number of PSU slots":"2","Frequency (Hz)":"47-63","Max power consumption":"95 W","Max power consumption without attachments":"45 W","Cooling type":"4 fans","10/100 Ethernet ports":"1","Number of 25G SFP28 ports":"16","Number of 100G QSFP28 ports":"2","Serial console port":"RJ45","Number of USB ports":"1","USB Power Reset":"Yes","USB slot type":"USB type A","Max USB current (A)":"1","PCB temperature monitor":"Yes","Voltage Monitor":"Yes","Certification":"CE, EAC, ROHS","IP":"20","_www_title":"CRS518-16XS-2XQ-RM","_www_tagline":"A 100 Gigabit switch for enterprise networks and data centers.\r\nHot-swappable parts and insane port density with 1.2 Tbps switching\r\ncapacity!","_hardware_title":"CRS518-16XS-2XQ-RM"}	4
crs520-4xs-16xq-rm	CRS520-4XS-16XQ-RM	Switches	0	48	CRS520-4XS-16XQ-RM	CRS520-4XS-16XQ-RM	ARM 64bit	AL52400	crs520-4xs-16xq-rm	crs520_4xs_16xq_rm	{"Product code":"CRS520-4XS-16XQ-RM","Suggested price":"$2,195.00","Architecture":"ARM 64bit","CPU":"AL52400","CPU core count":"4","CPU nominal frequency":"2 GHz","CPU Threads count":"4","Switch chip model":"98CX8410","RouterOS license":"5","Operating System":"RouterOS v7","Size of RAM":"4 GB","Storage size":"128 MB","Storage type":"NAND","MTBF":"Approximately 200'000 hours at 25C","Tested ambient temperature":"-20°C to 50°C","Number of AC inputs":"2","AC input range":"100-240","Number of PSU slots":"2","Frequency (Hz)":"50-60","Max power consumption":"150 W (220 W with both PSUs)","Max power consumption without attachments":"123 W","Cooling type":"4 fans","Number of 1G/2.5G/5G/10G Ethernet ports":"2 (supported: 10M/100M/1G/10G)","Number of 25G SFP28 ports":"4","Number of 100G QSFP28 ports":"16","Serial console port":"RJ45","CPU temperature monitor":"Yes","PCB temperature monitor":"Yes","Voltage Monitor":"Yes","Certification":"CE, EAC, ROHS","IP":"20","_www_title":"CRS520-4XS-16XQ-RM","_www_tagline":"An ultra-fast enterprise switch with extra processing power due to the CCR series CPU & the best price per 100 Gigabit port on the market!","_hardware_title":"CRS520-4XS-16XQ-RM"}	3
crs804-ddq	CRS804 DDQ	Switches	0	49	CRS804 DDQ	CRS804-4DDQ-hRM	ARM 64bit	AL52400	crs804-4ddq-hrm	crs804_ddq	{"Product code":"CRS804-4DDQ-hRM","Suggested price":"$1,295.00","Architecture":"ARM 64bit","CPU":"AL52400","CPU core count":"4","CPU nominal frequency":"2000 MHz","CPU Threads count":"4","Switch chip model":"98DX7335","RouterOS license":"6","Operating System":"RouterOS v7","Size of RAM":"4 GB","Storage size":"512 MB","Storage type":"NAND","MTBF":"Approximately 200'000 hours at 25C","Tested ambient temperature":"-10°C to 60°C","Number of AC inputs":"2","AC input range":"100-240","Frequency (Hz)":"50-60","Max power consumption":"123 W","Max power consumption without attachments":"92 W","Cooling type":"2 fans","Number of 1G/2.5G/5G/10G Ethernet ports":"2 (supported: 10M/100M/1G/10G)","Number of 400G QSFP56-DD ports":"4","Serial console port":"RJ45","CPU temperature monitor":"Yes","PCB temperature monitor":"Yes","Voltage Monitor":"Yes","Certification":"CE, EAC, ROHS","IP":"20","_www_title":"CRS804 DDQ","_www_tagline":"A compact 1U 400G switch built for AI clusters, storage fabrics, and high-speed aggregation, featuring four 400G QSFP56-DD ports, dual 10 Gigabit Ethernet, and RouterOS v7. With hot-swap power supplies, robust cooling, and low power consumption, it delivers ultra-high bandwidth, wire-speed performance, and future-proof scalability at an accessible price point.","_hardware_title":"CRS804-4DDQ-hRM"}	5
crs812-ddq	CRS812 DDQ	Switches	0	50	CRS812 DDQ	CRS812-8DS-2DQ-2DDQ-RM	ARM 64bit	AL52400	crs812-8ds-2dq-2ddq-rm	crs812_ddq	{"Product code":"CRS812-8DS-2DQ-2DDQ-RM","Suggested price":"$1,295.00","Architecture":"ARM 64bit","CPU":"AL52400","CPU core count":"4","CPU nominal frequency":"2000 MHz","CPU Threads count":"4","Switch chip model":"98DX7335","RouterOS license":"6","Operating System":"RouterOS v7","Size of RAM":"4 GB","Storage size":"512 MB","Storage type":"NAND","MTBF":"Approximately 200'000 hours at 25C","Tested ambient temperature":"-10°C to 50°C","Number of AC inputs":"2","AC input range":"100-240","Number of PSU slots":"2","Frequency (Hz)":"50-60","Max power consumption":"134 W","Max power consumption without attachments":"81 W","Cooling type":"4 fans","Number of 1G/2.5G/5G/10G Ethernet ports":"2 (supported: 10M/100M/1G/10G)","Number of 50G SFP56 ports":"8","Number of 200G QSFP56 ports":"2","Number of 400G QSFP56-DD ports":"2","Serial console port":"RJ45","CPU temperature monitor":"Yes","PCB temperature monitor":"Yes","Voltage Monitor":"Yes","Certification":"CE, EAC, ROHS","IP":"20","_www_title":"CRS812 DDQ","_www_tagline":"This switch  is your next leap forward –  a powerful, efficient, and cost-effective way to bring 50G, 200G, and 400G into your rack. Quad-core 2 GHz ARM CPU, dual-redundant power supplies and 4x hot-swap cooling fans, 2x 10G Ethernet, 8x 50G SFP56, 2x 200G QSFP56, and 2x 400G QSFP56-DD ports.","_hardware_title":"CRS812-8DS-2DQ-2DDQ-RM"}	5
css318-16g-2s-plus-in	CSS318-16G-2S+IN	Switches	0	51	CSS318-16G-2S+IN	CSS318-16G-2S+IN			css318-16g-2s-plus-in	css318_16g_2s_in	{"Product code":"CSS318-16G-2S+IN","Suggested price":"$139.00","Switch chip model":"98DX2518","Operating System":"SwOS","Storage size":"16 MB","Storage type":"FLASH","MTBF":"Approximately 200'000 hours at 25C","Tested ambient temperature":"-40°C to 70°C","Number of AC inputs":"1","AC input range":"100-240","Frequency (Hz)":"50-60","Max power consumption":"13 W","Max power consumption without attachments":"10 W","Cooling type":"Passive","10/100/1000 Ethernet ports":"16","SFP+ ports":"2","CPU temperature monitor":"Yes","Certification":"CE, EAC, ROHS","IP":"20","_www_title":"CSS318-16G-2S+IN","_www_tagline":"With 16 Gigabit Ethernet ports and 2 SFP+ 10G uplink ports, you get all the connectivity you need without unnecessary bulk. Stack two units side by side in a single 1U rack space for even greater flexibility and scalability.","_hardware_title":"CSS318-16G-2S+IN"}	5
css326-24g-2s-plus-rm	CSS326-24G-2S+RM	Switches	0	52	CSS326-24G-2S+RM	CSS326-24G-2S+RM			css326-24g-2s-plus-rm	CSS326-24G-2SplusRM	{"Product code":"CSS326-24G-2S+RM","Suggested price":"$159.00","Switch chip model":"98DX3216","Dimensions":"443 x 144 x 44 mm","Operating System":"SwOS","Storage size":"2 MB","Storage type":"FLASH","MTBF":"Approximately 200'000 hours at 25C","Tested ambient temperature":"-20°C to 70°C","Number of DC inputs":"2 (DC jack, PoE-IN)","DC jack input Voltage":"10-30 V","Max power consumption":"19 W","PoE in":"Passive PoE","Cooling type":"Passive","PoE in input Voltage":"10-30 V","10/100/1000 Ethernet ports":"24","SFP+ ports":"2","Certification":"CE, EAC, ROHS","IP":"20","_www_title":"CSS326-24G-2S+RM","_www_tagline":"SwOS powered 24 port Gigabit Ethernet switch with two SFP+ ports in 1U rackmount case","_hardware_title":"CSS326-24G-2S+RM"}	4
css610-8g-2s-plus-in	CSS610-8G-2S+IN	Switches	0	53	CSS610-8G-2S+IN	CSS610-8G-2S+IN			css610-8g-2s-plus-in	css610_8g_2s_in	{"Product code":"CSS610-8G-2S+IN","Suggested price":"$119.00","Switch chip model":"88E6193X","Dimensions":"200 x 164 x 44 mm","Operating System":"SwitchOS Lite","Storage size":"64 KB","Storage type":"FLASH","MTBF":"Approximately 200'000 hours at 25C","Tested ambient temperature":"-20°C to 60°C","Number of DC inputs":"2 (DC jack, PoE-IN)","DC jack input Voltage":"12-57 V","Max power consumption":"11 W","Max power consumption without attachments":"5 W","PoE in":"Passive PoE","Cooling type":"Passive","PoE in input Voltage":"12-57 V","10/100/1000 Ethernet ports":"8","SFP+ ports":"2","Certification":"CE, EAC, ROHS","IP":"IP20","_www_title":"CSS610-8G-2S+IN","_www_tagline":"Eight 1G Ethernet ports and two SFP+ ports for 10G fiber connectivity.\r\nPortable, powerful and extremely cost-effective – this switch is an instant classic!","_hardware_title":"CSS610-8G-2S+IN"}	5
css610-8p-2s-plus-in	CSS610-8P-2S+IN	Switches	0	54	CSS610-8P-2S+IN	CSS610-8P-2S+IN			css610-8p-2s-plus-in	css610_8p_2s_in	{"Product code":"CSS610-8P-2S+IN","Suggested price":"$229.00","Switch chip model":"88E6193X","Dimensions":"272x208x44mm","Operating System":"SwitchOS Lite","Storage size":"64 KB","Storage type":"FLASH","MTBF":"Approximately 200'000 hours at 25C","Tested ambient temperature":"-40°C to 70°C","Number of AC inputs":"1","AC input range":"100-240","Number of DC inputs":"1 (DC jack)","DC jack input Voltage":"48-57 V","Number of PSU slots":"1","Frequency (Hz)":"50-60","Max power consumption":"162 W","Max power consumption without attachments":"12 W","Cooling type":"Passive","PoE-out ports":"Ether1-Ether8","PoE out":"802.3af/at","Low voltage PoE-Out current limit":"1000 mA","High voltage PoE-Out current limit":"625 mA","Total output power":"140","10/100/1000 Ethernet ports":"8","Number of 1G Ethernet ports with PoE-out":"8","SFP+ ports":"2","CPU temperature monitor":"Yes","Voltage Monitor":"Yes","Certification":"CE, EAC, ROHS","IP":"20","_www_title":"CSS610-8P-2S+IN","_www_tagline":"Your compact, affordable PoE powerhouse with 8x Gigabit PoE-out ports and 2x 10 Gigabit SFP+ ports.","_hardware_title":"CSS610-8P-2S+IN"}	5
cube-60pro-ac	Cube 60Pro ac		0	55	Cube 60Pro ac	CubeG-5ac60ay	ARM 32bit	IPQ-4019		cube_60pro_ac	{"Product code":"CubeG-5ac60ay","Suggested price":"$149.00","Architecture":"ARM 32bit","CPU":"IPQ-4019","CPU core count":"4","CPU nominal frequency":"448-896 (auto) MHz","CPU Threads count":"4","Dimensions":"115 x 95 x 82 mm","RouterOS license":"4","Operating System":"RouterOS","Size of RAM":"256 MB","Storage size":"64 MB","Storage type":"FLASH","MTBF":"Approximately 200'000 hours at 25C","Tested ambient temperature":"-40°C to 70°C","Number of DC inputs":"1 (PoE-IN)","Max power consumption":"10 W","PoE in":"802.3af/at","Cooling type":"Passive","PoE in input Voltage":"18-57 V","Wireless 5 GHz Max data rate":"433 Mbit/s","Wireless 5 GHz Number of chains":"1","Wireless 5 GHz standards":"802.11a/n/ac","Antenna gain dBi for 5 GHz":"11.5","Wireless 5 GHz chip model":"IPQ4019","Wireless 5 GHz generation":"Wi-Fi 5","10/100/1000 Ethernet ports":"1","GNSS standards":"GPS","Certification":"CE, FCC, IC, EAC, ROHS","IP":"66","_www_title":"Cube 60Pro ac","_www_tagline":"A powerful point-to-point 60 GHz 802.11ay CPE for bridging distances up to 2.4 km."}	5
cubesa-60pro-ac	CubeSA 60Pro ac			56	CubeSA 60Pro ac	CubeG-5ac60ay-SA	ARM 32bit	IPQ-4019				4
fiberbox-plus	FiberBox Plus	Switches	0	57	FiberBox Plus	CRS305-1G-4S+OUTr2	ARM 32bit	98DX226S	fiberbox-plus	fiberboxplus	{"Product code":"CRS305-1G-4S+OUT","Suggested price":"$229.00","Architecture":"ARM 32bit","CPU":"98DX226S","CPU core count":"2","CPU nominal frequency":"800 MHz","Switch chip model":"98DX226S","RouterOS license":"5","Operating System":"RouterOS v7 / SwOS","Size of RAM":"256 MB","Storage size":"16 MB","Storage type":"FLASH","MTBF":"Approximately 200'000 hours at 25C","Tested ambient temperature":"-40°C to 70°C","Number of DC inputs":"3 (DC jack, PoE-IN, 2-pin terminal)","DC jack input Voltage":"24-57 V","2-pin terminal input Voltage":"24-57 V","Max power consumption":"17 W","Max power consumption without attachments":"7 W","PoE in":"802.3af/at","Cooling type":"Passive","PoE in input Voltage":"42-57 V","10/100/1000 Ethernet ports":"1","SFP+ ports":"4","Serial console port":"RJ45","CPU temperature monitor":"Yes","Certification":"CE, EAC, ROHS","IP":"IP66","_www_title":"FiberBox Plus","_www_tagline":"Ultimate value pick for 10 Gigabit outdoor networking. High masts, poles, or towers – your connection will be safe! A powerful budget version of the netFiber 9.","_hardware_title":"FiberBox Plus"}	7
ftc11xg	FTC11XG	Accessories	0	58	FTC11XG	FTC11XG			ftc11xg	ftc11xg	{"Product code":"FTC11XG","Suggested price":"$139.00","Switch chip model":"88E6193","Operating System":"SwitchOS Lite","Storage size":"64 KB","Storage type":"FLASH","MTBF":"Approximately 200'000 hours at 25C","Tested ambient temperature":"-40°C to 70°C","Number of DC inputs":"2 (DC jack, PoE-IN)","DC jack input Voltage":"18-57 V","Max power consumption":"10 W","Max power consumption without attachments":"9 W","PoE in":"802.3 bt","Cooling type":"Passive","PoE in input Voltage":"43-57 V","10/100/1000 Ethernet ports":"1","Number of 1G/2.5G/5G/10G Ethernet ports":"1","SFP+ ports":"1","CPU temperature monitor":"Yes","Certification":"CE, EAC, ROHS","IP":"55","_www_title":"FTC11XG","_www_tagline":"A weatherproof IP55 Fiber-to-Copper converter to transform your 10 Gigabit SFP+ fiber connections into RJ45 10 Gigabit Ethernet. It runs a full version of SwOS Lite and has its own switch-chip!","_hardware_title":"FTC11XG"}	1
ftc21-ups	FTC21-ups			59	FTC21-ups	FTC21-ups						2
gpen21	GPEN21	Accessories	0	60	GPEN21	GPEN21			gpen21	gpen21	{"Product code":"GPEN21","Suggested price":"$40.00","Switch chip model":"88E6341","Operating System":"SwitchOS Lite","Input voltage":"12 - 57 V, Passive or 802.3af/at","MTBF":"Approximately 100'000 hours at 25C","Tested ambient temperature":"-20°C to 70°C","Number of DC inputs":"2 (DC jack, PoE-IN)","DC jack input Voltage":"12-57 V","Max power consumption":"30 W","Max power consumption without attachments":"3 W","PoE in":"802.3af/at","Cooling type":"Passive","PoE in input Voltage":"12-57 V","PoE-out ports":"Ether2","PoE out":"Passive PoE up to 57V","Low voltage PoE-Out current limit":"850 mA","High voltage PoE-Out current limit":"625 mA","Max total out (A)":"850 mA","10/100/1000 Ethernet ports":"2","Number of 1G Ethernet ports with PoE-out":"1","SFP ports":"1","Output Voltage":"Yes, Passive PoE up to 57 V","Mode button":"Yes","Certification":"CE, EAC, ROHS","IP":"IP20","_www_title":"GPEN21","_www_tagline":"Smart power injector that serves as an advanced software controlled repeater","_hardware_title":"GPEN21"}	1
gperx6	GPERx6	Switches	0	61	GPERx6	CSS606-1G-2Gi-3S+OUT			gperx6	gperx6	{"Product code":"CSS606-1G-2Gi-3S+OUT","Suggested price":"$139.00","Switch chip model":"88E6193X","Operating System":"SwOS","MTBF":"Approximately 200'000 hours at 25C","Tested ambient temperature":"-40°C to 70°C","Number of DC inputs":"2 (DC jack, PoE-IN)","DC jack input Voltage":"12-57 V","Max power consumption":"160 W","Max power consumption without attachments":"6 W","PoE in":"802.3 bt","Cooling type":"Passive","PoE in input Voltage":"42-57 V","PoE-out ports":"Ether2-Ether3","PoE out":"Passive PoE up to 57V","Low voltage PoE-Out current limit":"1.2 A","High voltage PoE-Out current limit":"0.625 A","Max total out (A)":"2.4 A","Total output power":"150","10/100/1000 Ethernet ports":"3","Number of 1G Ethernet ports with Reverse PoE (PoE-in)":"1","Number of 1G Ethernet ports with PoE-out":"2","SFP+ ports":"3","CPU temperature monitor":"Yes","Certification":"CE, EAC, ROHS","IP":"66","_www_title":"GPERx6","_www_tagline":"Cut the cable clutter – extend power and fiber together, anywhere – with a single hybrid cable. At the far end, the GPERx6 splits it all neatly: SFP+ for further long-distance uplinks, PoE-out for powering other switches or access points, and DC outputs for IoT gear or specialized devices.","_hardware_title":"GPERx6"}	3
groove-52	Groove 52	Wireless systems	0	62	Groove 52	RBGroove52HPnr2	MIPSBE	AR9342	groove-series	RBGroove52HPnr2	{"Product code":"RBGroove52HPn","Suggested price":"$59.00","Architecture":"MIPSBE","CPU":"AR9342","CPU core count":"1","CPU nominal frequency":"600 MHz","Dimensions":"180x49x44mm, 193g","RouterOS license":"3","Operating System":"RouterOS","Size of RAM":"64 MB","Storage size":"16 MB","Storage type":"FLASH","MTBF":"Approximately 100'000 hours at 25C","Tested ambient temperature":"-40°C to 70°C","Number of DC inputs":"1 (PoE-IN)","Max power consumption":"6 W","PoE in":"Passive PoE","Cooling type":"Passive","PoE in input Voltage":"9-30 V","Wireless 2.4 GHz/5 GHz Max data rate":"150 Mbit/s","Wireless 2.4 GHz/5 GHz Number of chains":"1","Wireless 2.4 GHz/5 GHz standards":"802.11a/b/g/n","Wireless 2.4 GHz/5 GHz chip model":"AR9342","Wireless 2.4 GHz/5 GHz generation":"Wi-Fi 4","10/100 Ethernet ports":"1","PCB temperature monitor":"Yes","Voltage Monitor":"Yes","Beeper":"Yes","Certification":"CE, FCC, IC, EAC, ROHS","_www_title":"Groove 52","_www_tagline":"2.4GHz/5GHz Backbone/CPE,\r\nN-male connector","_hardware_title":"Groove-series","_fcc_id":["TV7GRV-A52HPN"]}	5
groovea-52	GrooveA 52	Wireless systems	0	63	GrooveA 52	RBGrooveA-52HPnr2	MIPSBE	AR9342	groove-series	RBGrooveA-52HPnr2	{"Product code":"RBGrooveA-52HPn","Suggested price":"$79.00","Architecture":"MIPSBE","CPU":"AR9342","CPU core count":"1","CPU nominal frequency":"600 MHz","Dimensions":"177x44x44mm, 193g","RouterOS license":"4","Operating System":"RouterOS","Size of RAM":"64 MB","Storage size":"16 MB","Storage type":"FLASH","MTBF":"Approximately 100'000 hours at 25C","Tested ambient temperature":"-40°C to 70°C","Number of DC inputs":"1 (PoE-IN)","Max power consumption":"6 W","PoE in":"Passive PoE","Cooling type":"Passive","PoE in input Voltage":"9-30 V","Wireless 2.4 GHz/5 GHz Max data rate":"150 Mbit/s","Wireless 2.4 GHz/5 GHz Number of chains":"1","Wireless 2.4 GHz/5 GHz standards":"802.11b/g/n, 802.11a/n","Antenna gain dBi for 2.4 GHz/5 GHz":"6","Wireless 2.4 GHz/5 GHz chip model":"AR9342","Wireless 2.4 GHz/5 GHz generation":"Wi-Fi 4","10/100 Ethernet ports":"1","PCB temperature monitor":"Yes","Voltage Monitor":"Yes","Beeper":"Yes","Certification":"CE, FCC, IC, EAC, ROHS","_www_title":"GrooveA 52","_www_tagline":"2.4GHz/5GHz AP/Backbone/CPE,\r\nN-male connector,\r\nincludes 2.4GHz/5GHz 6dBi Omni Antenna","_hardware_title":"Groove-series","_fcc_id":["TV7GRV-A52HPN"]}	6
groovea-52-ac	GrooveA 52 ac	Wireless systems	0	64	GrooveA 52 ac	RBGrooveGA-52HPacn	MIPSBE	QCA9556	groove-series	RBGrooveGA-52HPacn	{"Product code":"RBGrooveGA-52HPacn","Suggested price":"$99.00","Architecture":"MIPSBE","CPU":"QCA9556","CPU core count":"1","CPU nominal frequency":"720 MHz","Dimensions":"177 x 44 x 44 mm","RouterOS license":"4","Operating System":"RouterOS","Size of RAM":"64 MB","Storage size":"16 MB","Storage type":"FLASH","MTBF":"Approximately 100'000 hours at 25C","Tested ambient temperature":"-40°C to 70°C","Number of DC inputs":"1 (PoE-IN)","Max power consumption":"5 W","PoE in":"Passive PoE","Cooling type":"Passive","PoE in input Voltage":"10-30 V","Wireless 2.4 GHz/5 GHz Max data rate":"433 Mbit/s","Wireless 2.4 GHz/5 GHz Number of chains":"1","Wireless 2.4 GHz/5 GHz standards":"802.11b/g/n, 802.11a/n/ac","Antenna gain dBi for 2.4 GHz/5 GHz":"6","Wireless 2.4 GHz/5 GHz chip model":"QCA9889","Wireless 2.4 GHz/5 GHz generation":"Wi-Fi 5","10/100/1000 Ethernet ports":"1","PCB temperature monitor":"Yes","Voltage Monitor":"Yes","Beeper":"Yes","Certification":"CE, FCC, IC, EAC, ROHS","IP":"IP55","_www_title":"GrooveA 52 ac","_www_tagline":"2.4GHz/5GHz AP/Backbone/CPE with 802.11ac and Gigabit Ethernet, N-male connector + Omni antenna","_hardware_title":"Groove-series","_fcc_id":["TV7GRV-A52HPC"]}	4
hap	hAP	Indoor wireless	0	65	hAP	RB951Ui-2nD	MIPSBE	QCA9531	hap	RB951Ui-2nD	{"Product code":"RB951Ui-2nD","Suggested price":"$45.00","Architecture":"MIPSBE","CPU":"QCA9531","CPU core count":"1","CPU nominal frequency":"650 MHz","Switch chip model":"QCA9531","Dimensions":"113 x 89 x 28mm","RouterOS license":"4","Operating System":"RouterOS","Size of RAM":"64 MB","Storage size":"16 MB","Storage type":"FLASH","MTBF":"Approximately 100'000 hours at 25C","Tested ambient temperature":"-30°C to 70°C","Wireless 2.4 GHz Max data rate":"300 Mbit/s","Wireless 2.4 GHz Number of chains":"2","Wireless 2.4 GHz standards":"802.11b/g/n","Antenna gain dBi for 2.4 GHz":"1.5","Wireless 2.4 GHz chip model":"QCA9531","Wireless 2.4 GHz generation":"Wi-Fi 4","10/100 Ethernet ports":"5","Number of USB ports":"1","USB Power Reset":"Yes","USB slot type":"USB type A","Max USB current (A)":"1","Number of DC inputs":"2 (DC jack, PoE-IN)","DC jack input Voltage":"10-28 V","Max power consumption":"5 W","PoE in":"Passive PoE","Cooling type":"Passive","PoE in input Voltage":"10-28 V","PoE-out ports":"Ether5","PoE out":"Passive PoE","Low voltage PoE-Out current limit":"500 mA","Max total out (A)":"500 mA","Certification":"CE, FCC, IC, EAC, ROHS","IP":"IP20","_www_title":"hAP","_www_tagline":"2.4GHz AP, Five Ethernet ports, PoE-out on port 5, USB for 3G/4G support","_hardware_title":"hAP"}	3
hap-ac	hAP ac	Indoor wireless	0	66	hAP ac	RB962UiGS-5HacT2HnT	MIPSBE	QCA9558	hap-ac	RB962UiGS-5HacT2HnT	{"Product code":"RB962UiGS-5HacT2HnT","Suggested price":"$129.00","Architecture":"MIPSBE","CPU":"QCA9558","CPU core count":"1","CPU nominal frequency":"720 MHz","Switch chip model":"QCA8337","Dimensions":"114 x 137 x 29mm","RouterOS license":"4","Operating System":"RouterOS v7","Size of RAM":"128 MB","Storage size":"16 MB","Storage type":"FLASH","MTBF":"Approximately 200'000 hours at 25C","Tested ambient temperature":"-40°C to 70°C","Wireless 2.4 GHz Max data rate":"450 Mbit/s","Wireless 2.4 GHz Number of chains":"3","Wireless 2.4 GHz standards":"802.11b/g/n","Antenna gain dBi for 2.4 GHz":"2.5","Wireless 2.4 GHz chip model":"QCA9558","Wireless 2.4 GHz generation":"Wi-Fi 4","Wireless 5 GHz Max data rate":"1300 Mbit/s","Wireless 5 GHz Number of chains":"3","Wireless 5 GHz standards":"802.11a/n/ac","Antenna gain dBi for 5 GHz":"2","Wireless 5 GHz chip model":"QCA9880","Wireless 5 GHz generation":"Wi-Fi 5","WiFi speed":"AC1750","10/100/1000 Ethernet ports":"5","SFP ports":"1","Number of USB ports":"1","USB Power Reset":"Yes","USB slot type":"USB type A","Max USB current (A)":"1","Number of DC inputs":"2 (DC jack, PoE-IN)","DC jack input Voltage":"11-57 V","Max power consumption":"17 W","PoE in":"Passive PoE","Cooling type":"Passive","PoE in input Voltage":"11-57 V","PoE-out ports":"Ether5","PoE out":"Passive PoE","Low voltage PoE-Out current limit":"700 mA","High voltage PoE-Out current limit":"350 mA","Max total out (A)":"700 mA","Certification":"CE, FCC, IC, EAC, ROHS","IP":"IP20","PCB temperature monitor":"Yes","Voltage Monitor":"Yes","Beeper":"Yes","_www_title":"hAP ac","_www_tagline":"Dual concurrent triple chain 2.4/5GHz AP, 802.11ac/a/n/b/g, Five Gigabit Ethernet ports, PoE-out on port 5, SFP, USB for 3G/4G support or storage","_hardware_title":"hAP ac"}	5
hap-ac-lite	hAP ac lite	Indoor wireless	0	67	hAP ac lite	RB952Ui-5ac2nD	MIPSBE	QCA9531	hap-ac-lite	RB952Ui-5ac2nD	{"Product code":"RB952Ui-5ac2nD","Suggested price":"$59.00","Architecture":"MIPSBE","CPU":"QCA9531","CPU core count":"1","CPU nominal frequency":"650 MHz","Switch chip model":"QCA9531","Dimensions":"113 x 89 x 28mm","RouterOS license":"4","Operating System":"RouterOS","Size of RAM":"64 MB","Storage size":"16 MB","Storage type":"FLASH","MTBF":"Approximately 100'000 hours at 25C","Tested ambient temperature":"-30°C to 70°C","Wireless 2.4 GHz Max data rate":"300 Mbit/s","Wireless 2.4 GHz Number of chains":"2","Wireless 2.4 GHz standards":"802.11b/g/n","Antenna gain dBi for 2.4 GHz":"1.5","Wireless 2.4 GHz chip model":"QCA9531","Wireless 2.4 GHz generation":"Wi-Fi 4","Wireless 5 GHz Max data rate":"433 Mbit/s","Wireless 5 GHz Number of chains":"1","Wireless 5 GHz standards":"802.11a/n/ac","Antenna gain dBi for 5 GHz":"2","Wireless 5 GHz chip model":"QCA9887","Wireless 5 GHz generation":"Wi-Fi 5","WiFi speed":"AC750","10/100 Ethernet ports":"5","Number of USB ports":"1","USB Power Reset":"Yes","USB slot type":"USB type A","Max USB current (A)":"1","Number of DC inputs":"2 (DC jack, PoE-IN)","DC jack input Voltage":"10-28 V","Max power consumption":"20 W","Max power consumption without attachments":"8 W","PoE in":"Passive PoE","Cooling type":"Passive","PoE in input Voltage":"10-28 V","PoE-out ports":"Ether5","PoE out":"Passive PoE","Low voltage PoE-Out current limit":"500 mA","Max total out (A)":"500 mA","Certification":"CE, FCC, IC, EAC, ROHS","IP":"IP20","_www_title":"hAP ac lite","_www_tagline":"Dual-Concurrent 2.4/5GHz AP, 802.11ac, Five Ethernet ports, PoE-out on port 5, USB for 3G/4G support","_hardware_title":"hAP ac lite"}	5
hap-ac-lite-tc	hAP ac lite TC	Indoor wireless	0	68	hAP ac lite TC	RB952Ui-5ac2nD-TC	MIPSBE	QCA9531	hap-ac-lite-tc	RB952Ui-5ac2nD-TC	{"Product code":"RB952Ui-5ac2nD-TC","Suggested price":"$59.00","Architecture":"MIPSBE","CPU":"QCA9531","CPU core count":"1","CPU nominal frequency":"650 MHz","Switch chip model":"QCA9531","Dimensions":"34 x 119 x 98mm","RouterOS license":"4","Operating System":"RouterOS","Size of RAM":"64 MB","Storage size":"16 MB","Storage type":"FLASH","MTBF":"Approximately 100'000 hours at 25C","Tested ambient temperature":"-30°C to 70°C","Wireless 2.4 GHz Max data rate":"300 Mbit/s","Wireless 2.4 GHz Number of chains":"2","Wireless 2.4 GHz standards":"802.11b/g/n","Antenna gain dBi for 2.4 GHz":"1.5","Wireless 2.4 GHz chip model":"QCA9531","Wireless 2.4 GHz generation":"Wi-Fi 4","Wireless 5 GHz Max data rate":"433 Mbit/s","Wireless 5 GHz Number of chains":"1","Wireless 5 GHz standards":"802.11a/n/ac","Antenna gain dBi for 5 GHz":"2","Wireless 5 GHz chip model":"QCA9887","Wireless 5 GHz generation":"Wi-Fi 5","WiFi speed":"AC750","10/100 Ethernet ports":"5","Number of USB ports":"1","USB Power Reset":"Yes","USB slot type":"USB type A","Max USB current (A)":"1","Number of DC inputs":"2 (DC jack, PoE-IN)","DC jack input Voltage":"10-28 V","Max power consumption":"20 W","Max power consumption without attachments":"8 W","PoE in":"Passive PoE","Cooling type":"Passive","PoE in input Voltage":"10-28 V","PoE-out ports":"Ether5","PoE out":"Passive PoE","Low voltage PoE-Out current limit":"500 mA","Max total out (A)":"500 mA","Certification":"CE, FCC, IC, EAC, ROHS","IP":"IP20","_www_title":"hAP ac lite TC","_www_tagline":"Dual-Concurrent 2.4/5GHz AP, 802.11ac, Five Ethernet ports, PoE-out on port 5, USB for 3G/4G support, universal tower case","_hardware_title":"hAP ac lite TC"}	5
hap-ac2	hAP ac²	Indoor wireless	0	69	hAP ac2	RBD52G-5HacD2HnD-TCr2	ARM 32bit	IPQ-4018	hap-ac-2	hap_ac2	{"Product code":"RBD52G-5HacD2HnD-TC","Suggested price":"$79.00","Architecture":"ARM 32bit","CPU":"IPQ-4018","CPU core count":"4","CPU nominal frequency":"488-896 (auto) MHz","CPU Threads count":"4","Switch chip model":"IPQ-4018","Dimensions":"34 x 119 x 98mm","RouterOS license":"4","Operating System":"RouterOS","Size of RAM":"128 MB","Storage size":"16 MB","Storage type":"FLASH","MTBF":"Approximately 100'000 hours at 25C","Tested ambient temperature":"-40°C to 50°C","Wireless 2.4 GHz Max data rate":"300 Mbit/s","Wireless 2.4 GHz Number of chains":"2","Wireless 2.4 GHz standards":"802.11b/g/n","Antenna gain dBi for 2.4 GHz":"2.5","Wireless 2.4 GHz chip model":"IPQ-4018","Wireless 2.4 GHz generation":"Wi-Fi 4","Wireless 5 GHz Max data rate":"867 Mbit/s","Wireless 5 GHz Number of chains":"2","Wireless 5 GHz standards":"802.11a/n/ac","Antenna gain dBi for 5 GHz":"2.5","Wireless 5 GHz chip model":"IPQ-4018","Wireless 5 GHz generation":"Wi-Fi 5","WiFi speed":"AC1200","10/100/1000 Ethernet ports":"5","Number of USB ports":"1","USB Power Reset":"Yes","USB slot type":"USB type A","Max USB current (A)":"1","Number of DC inputs":"2 (DC jack, PoE-IN)","DC jack input Voltage":"12-30 V","Max power consumption":"21 W","Max power consumption without attachments":"16 W","PoE in":"Passive PoE","Cooling type":"Passive","PoE in input Voltage":"18-28 V","Certification":"CE, FCC, IC, EAC, ROHS","IP":"IP20","Mode button":"Yes","_www_title":"hAP ac²","_www_tagline":"Dual-Concurrent 2.4/5GHz AP, 802.11a/b/g/n/ac, Five Gigabit Ethernet ports, USB for 3G/4G support, universal tower case and IPsec hardware encryption support","_hardware_title":"hAP ac²"}	8
hap-ac3	hAP ac³	Indoor wireless	0	70	hAP ac3	RBD53iG-5HacD2HnD	ARM 32bit	IPQ-4019	hap-ac3	hap_ac3	{"Product code":"RBD53iG-5HacD2HnD","Suggested price":"$109.00","Architecture":"ARM 32bit","CPU":"IPQ-4019","CPU core count":"4","CPU nominal frequency":"448-896 (auto) MHz","CPU Threads count":"4","Switch chip model":"IPQ-4019","Dimensions":"251 x 129 x 39 mm","RouterOS license":"4","Operating System":"RouterOS","Size of RAM":"256 MB","Storage size":"128 MB","Storage type":"NAND","MTBF":"Approximately 200'000 hours at 25C","Tested ambient temperature":"-40°C to 70°C","Wireless 2.4 GHz Max data rate":"300 Mbit/s","Wireless 2.4 GHz Number of chains":"2","Wireless 2.4 GHz standards":"802.11b/g/n","Antenna gain dBi for 2.4 GHz":"3","Wireless 2.4 GHz chip model":"IPQ-4019","Wireless 2.4 GHz generation":"Wi-Fi 4","Wireless 5 GHz Max data rate":"867 Mbit/s","Wireless 5 GHz Number of chains":"2","Wireless 5 GHz standards":"802.11a/n/ac","Antenna gain dBi for 5 GHz":"5.5","Wireless 5 GHz chip model":"IPQ-4019","Wireless 5 GHz generation":"Wi-Fi 5","WiFi speed":"AC1200","10/100/1000 Ethernet ports":"5","Number of 1G Ethernet ports with PoE-out":"1","Number of USB ports":"1","USB Power Reset":"Yes","USB slot type":"USB type A","Max USB current (A)":"1","Number of DC inputs":"2 (DC jack, PoE-IN)","DC jack input Voltage":"12-28 V","Max power consumption":"30 W","Max power consumption without attachments":"12 W","PoE in":"Passive PoE","Cooling type":"Passive","PoE in input Voltage":"18-28 V","PoE-out ports":"Ether5","PoE out":"Passive PoE","Low voltage PoE-Out current limit":"0.5 A","Max total out (A)":"0.5 A","Certification":"CE, FCC, IC, EAC, ROHS","IP":"IP20","Mode button":"Yes","_www_title":"hAP ac³","_www_tagline":"A wireless dual-band router with 5 Gigabit Ethernet ports and external high gain antennas for more coverage.","_hardware_title":"hAP ac3","_fcc_id":["TV7D53I-5ACD2ND"]}	7
hap-ax-lite	hAP ax lite	Indoor wireless	0	71	hAP ax lite	L41G-2axD	ARM 32bit	IPQ-5010	hap-ax-lite	hap_ax_lite	{"Product code":"L41G-2axD","Suggested price":"$59.00","Architecture":"ARM 32bit","CPU":"IPQ-5010","CPU core count":"2","CPU nominal frequency":"800 MHz","CPU Threads count":"2","Switch chip model":"MT7531BE","RouterOS license":"4","Operating System":"RouterOS v7","Size of RAM":"256 MB","Storage size":"128 MB","Storage type":"NAND","MTBF":"Approximately 100'000 hours at 25C","Tested ambient temperature":"-40°C to 70°C","Wireless 2.4 GHz Max data rate":"574 Mbit/s","Wireless 2.4 GHz Number of chains":"2","Wireless 2.4 GHz standards":"802.11b/g/n/ax","Antenna gain dBi for 2.4 GHz":"4.3","Wireless 2.4 GHz chip model":"IPQ-5010","Wireless 2.4 GHz generation":"Wi-Fi 6","WiFi speed":"AX600","10/100/1000 Ethernet ports":"4","Number of DC inputs":"1 (USB-C) (USB-C)","Supported Voltage":"5 V","Max power consumption":"8 W","Cooling type":"Passive","USB C input Voltage":"5 V","Certification":"CE, FCC, IC, EAC, ROHS","IP":"20","Mode button":"Yes","_www_title":"hAP ax lite","_www_tagline":"Gen6 wireless on a budget – tiny, fast, and strong enough to harvest the power of RouterOS v7!","_hardware_title":"hAP ax lite"}	6
hap-ax-s	hAP ax S	Indoor wireless	0	72	hAP ax S	E62iUGS-2axD5axT	ARM 32bit	EN7562CT	hap-ax-s	hap_ax_s	{"Product code":"E62iUGS-2axD5axT","Suggested price":"$79.00","Architecture":"ARM 32bit","CPU":"EN7562CT","CPU core count":"2","CPU nominal frequency":"950 MHz","CPU Threads count":"2","Switch chip model":"EN7523","RouterOS license":"4","Operating System":"RouterOS v7","Size of RAM":"512 MB","Storage size":"128 MB","Storage type":"NAND","MTBF":"Approximately 100'000 hours at 25C","Tested ambient temperature":"-40°C to 70°C","Wireless 2.4 GHz Max data rate":"574 Mbit/s","Wireless 2.4 GHz Number of chains":"2","Wireless 2.4 GHz standards":"802.11b/g/n/ax","Antenna gain dBi for 2.4 GHz":"5.5","Wireless 2.4 GHz chip model":"MT7916","Wireless 2.4 GHz generation":"Wi-Fi 6","Wireless 5 GHz Max data rate":"2400 Mbit/s","Wireless 5 GHz Number of chains":"3","Wireless 5 GHz standards":"802.11a/n/ac/ax","Antenna gain dBi for 5 GHz":"6.5","Wireless 5 GHz chip model":"MT7976","Wireless 5 GHz generation":"Wi-Fi 6","WiFi speed":"AX3000","10/100/1000 Ethernet ports":"5","Number of 1G Ethernet ports with PoE-out":"1","SFP ports":"1 (2.5G supported)","Number of USB ports":"1","USB Power Reset":"Yes","USB slot type":"USB type A","Max USB current (A)":"1","Number of DC inputs":"2 (DC jack, PoE-IN)","DC jack input Voltage":"12-28 V","Max power consumption":"34 W","Max power consumption without attachments":"11 W","PoE in":"Passive PoE","Cooling type":"Passive","PoE in input Voltage":"18-28 V","PoE-out ports":"Ether5","PoE out":"Passive PoE","Low voltage PoE-Out current limit":"0.6 A","Max total out (A)":"0.6 A","Total output current":"0.6","Total output power":"16.8","Certification":"CE, FCC, IC, EAC, ROHS","IP":"20","CPU temperature monitor":"Yes","_www_title":"hAP ax S","_www_tagline":"Our most cost-effective Wi-Fi 6 access point yet. Triple-chain 5 GHz radio (up to 900 Mbit/s throughput), dual-band Wi-Fi 6, 5x Gigabit Ethernet ports, and a 2.5G SFP. Powered by a dual-core ARM CPU, with PoE-in/PoE-out flexibility, a standard DC jack, USB, and a sturdy high-end enclosure that can be mounted on the wall.","_hardware_title":"hAP ax S"}	6
hap-ax2	hAP ax²	Indoor wireless	0	73	hAP ax2	C52iG-5HaxD2HaxD-TC	ARM 64bit	IPQ-6010	hap-ax	hap_ax2	{"Product code":"C52iG-5HaxD2HaxD-TC","Suggested price":"$99.00","Architecture":"ARM 64bit","CPU":"IPQ-6010","CPU core count":"4","CPU nominal frequency":"864 MHz","CPU Threads count":"4","Switch chip model":"IPQ-6010","RouterOS license":"4","Operating System":"RouterOS v7","Size of RAM":"1 GB","Storage size":"128 MB","Storage type":"NAND","MTBF":"Approximately 100'000 hours at 25C","Tested ambient temperature":"-40°C to 50°C","Wireless 2.4 GHz Max data rate":"574 Mbit/s","Wireless 2.4 GHz Number of chains":"2","Wireless 2.4 GHz standards":"802.11b/g/n/ax","Antenna gain dBi for 2.4 GHz":"4","Wireless 2.4 GHz chip model":"QCN-5022","Wireless 2.4 GHz generation":"Wi-Fi 6","Wireless 5 GHz Max data rate":"1200 Mbit/s","Wireless 5 GHz Number of chains":"2","Wireless 5 GHz standards":"802.11a/n/ac/ax","Antenna gain dBi for 5 GHz":"4.5","Wireless 5 GHz chip model":"QCN-5052","Wireless 5 GHz generation":"Wi-Fi 6","WiFi speed":"AX1800","10/100/1000 Ethernet ports":"5","Number of 1G Ethernet ports with PoE-out":"1","Number of DC inputs":"2 (DC jack, PoE-IN)","DC jack input Voltage":"12-28 V","Max power consumption":"27 W","Max power consumption without attachments":"12 W","PoE in":"Passive PoE","Cooling type":"Passive","PoE in input Voltage":"18-28 V","PoE-out ports":"Ether 1","PoE out":"Passive PoE","Low voltage PoE-Out current limit":"600 mA","Max total out (A)":"0.6 A","Total output current":"0.6","Total output power":"16.8W","Certification":"CE, FCC, IC, EAC, ROHS","IP":"20","CPU temperature monitor":"Yes","Mode button":"Yes","_www_title":"hAP ax²","_www_tagline":"A Generation 6 version of the legendary hAP ac². With PoE-in and PoE-out,  much faster wireless, more RAM, and  a modern CPU.  The smallest fully-fledged AX router on the market!","_hardware_title":"hAP ax²","_fcc_id":["TV7C52-5AXD2AXD"]}	7
hap-ax3	hAP ax³	Indoor wireless	0	74	hAP ax3	C53UiG+5HPaxD2HPaxD	ARM 64bit	IPQ-6010	hap-ax-2	hap_ax3	{"Product code":"C53UiG+5HPaxD2HPaxD","Suggested price":"$139.00","Architecture":"ARM 64bit","CPU":"IPQ-6010","CPU core count":"4","CPU nominal frequency":"auto (864 - 1800) MHz","CPU Threads count":"4","Switch chip model":"IPQ-6010","RouterOS license":"6","Operating System":"RouterOS v7","Size of RAM":"1 GB","Storage size":"128 MB","Storage type":"NAND","MTBF":"Approximately 200'000 hours at 25C","Tested ambient temperature":"-40°C to 70°C","Wireless 2.4 GHz Max data rate":"574 Mbit/s","Wireless 2.4 GHz Number of chains":"2","Wireless 2.4 GHz standards":"802.11b/g/n/ax","Antenna gain dBi for 2.4 GHz":"3.3","Wireless 2.4 GHz chip model":"QCN-5022","Wireless 2.4 GHz generation":"Wi-Fi 6","Wireless 5 GHz Max data rate":"1200 Mbit/s","Wireless 5 GHz Number of chains":"2","Wireless 5 GHz standards":"802.11a/n/ac/ax","Antenna gain dBi for 5 GHz":"5.5","Wireless 5 GHz chip model":"QCN-5052","Wireless 5 GHz generation":"Wi-Fi 6","WiFi speed":"AX1800","10/100/1000 Ethernet ports":"4","Number of 1G Ethernet ports with PoE-out":"1","Number of 2.5G Ethernet ports":"1","Number of USB ports":"1","USB Power Reset":"Yes","USB slot type":"USB 3.0 type A","Max USB current (A)":"1.5","Number of DC inputs":"2 (DC jack, PoE-IN)","DC jack input Voltage":"12-28 V","Max power consumption":"38 W","Max power consumption without attachments":"15 W","PoE in":"Passive PoE","Cooling type":"Passive","PoE in input Voltage":"18-28 V","PoE-out ports":"Ether 1","PoE out":"Passive PoE","Low voltage PoE-Out current limit":"0.625 A","Max total out (A)":"0.625 A","Total output current":"0.625","Total output power":"15","Certification":"CE, FCC, IC, EAC, ROHS","IP":"20","CPU temperature monitor":"Yes","Mode button":"Yes","_www_title":"hAP ax³","_www_tagline":"Our top-of-the-line AX home access point. With all the processing power and speed \r\nyour household might ever need.\r\nGen 6 wireless, 2.5 Gigabit Ethernet, PoE, WPA3, and more!","_hardware_title":"hAP ax³"}	6
hap-be-lite	hAP be lite	Indoor wireless	0	75	hAP be lite	A42G-HbeP	ARM 32bit	AN7563PT	hap-be-lite	hap_be_lite	{"Product code":"A42G-HbeP","Suggested price":"$79.00","Architecture":"ARM 32bit","CPU":"AN7563PT","CPU core count":"2","CPU nominal frequency":"950 MHz","CPU Threads count":"2","Switch chip model":"AN7563PT","RouterOS license":"4","Operating System":"RouterOS v7","Size of RAM":"512 MB","Storage size":"128 MB","Storage type":"NAND","MTBF":"Approximately 100'000 hours at 25C","Tested ambient temperature":"-40°C to 50°C","Wireless 2.4 GHz Max data rate":"688 Mbit/s","Wireless 2.4 GHz Number of chains":"2","Wireless 2.4 GHz standards":"802.11b/g/n/ax/be","Antenna gain dBi for 2.4 GHz":"4.4","Wireless 2.4 GHz chip model":"MT7991","Wireless 2.4 GHz generation":"Wi-Fi 7","Wireless 5 GHz Max data rate":"2882 Mbit/s","Wireless 5 GHz Number of chains":"3","Wireless 5 GHz standards":"802.11a/n/ac/ax/be","Antenna gain dBi for 5 GHz":"7","Wireless 5 GHz chip model":"MT7991","Wireless 5 GHz generation":"Wi-Fi 7","WiFi speed":"BE3600","10/100/1000 Ethernet ports":"3","Number of 2.5G Ethernet ports":"1","Number of DC inputs":"1 (USB-C)","Max power consumption":"12 W","Cooling type":"Passive","USB C input Voltage":"5 V","Certification":"CE, FCC, IC, EAC, ROHS","IP":"20","CPU temperature monitor":"Yes","_www_title":"hAP be lite","_www_tagline":"The most affordable Wi-Fi 7 router & access point for networks that need the flexibility and the power of RouterOS. USB-C powering, 2.5 Gigabit & Gigabit Ethernet, Wi-Fi 7 Multi-Link Operation, BE3600","_hardware_title":"hAP be lite"}	6
hap-be3-media	hAP be³ Media	Indoor wireless	0	76	hAP be3 Media	MA53UG+HbeH	ARM 64bit	IPQ-5322	hap-be-media	hap_be3_media	{"Product code":"MA53UG+HbeH","Suggested price":"$179.00","Architecture":"ARM 64bit","CPU":"IPQ-5322","CPU core count":"4","CPU nominal frequency":"Up to 1.5 GHz (auto)","CPU Threads count":"4","Switch chip model":"QCA8386","RouterOS license":"6","Operating System":"RouterOS v7","Size of RAM":"2 GB","Storage size":"512 MB","Storage type":"NAND","MTBF":"Approximately 200'000 hours at 25C","Tested ambient temperature":"-30°C to 50°C","Wireless 2.4 GHz Max data rate":"688 Mbit/s","Wireless 2.4 GHz Number of chains":"2","Wireless 2.4 GHz standards":"802.11b/g/n/ax/be","Antenna gain dBi for 2.4 GHz":"4","Wireless 2.4 GHz chip model":"IPQ-5322","Wireless 2.4 GHz generation":"Wi-Fi 7","Wireless 5 GHz Max data rate":"2882 Mbit/s","Wireless 5 GHz Number of chains":"2","Wireless 5 GHz standards":"802.11a/n/ac/ax/be","Antenna gain dBi for 5 GHz":"7.5","Wireless 5 GHz chip model":"QCM-8083","Wireless 5 GHz generation":"Wi-Fi 7","WiFi speed":"BE9300","Wireless 6 GHz Max data rate":"5764 Mbit/s","Wireless 6 GHz Number of chains":"2","Wireless 6 GHz standards":"802.11ax/be","Antenna gain dBi for 6 GHz":"8","Wireless 6 GHz chip model":"QXM-8086","Wireless 6 GHz generation":"Wi-Fi 7","Number of 2.5G Ethernet ports":"5","Number of USB ports":"3","USB slot type":"USB 3.0 type A","Max USB current (A)":"1.5","Number of DC inputs":"2 (DC jack, PoE-IN)","DC jack input Voltage":"24-57 V","Max power consumption":"29 W","Max power consumption without attachments":"20 W","PoE in":"802.3af/at","Cooling type":"Passive","PoE in input Voltage":"24-57 V","Certification":"CE, FCC, IC, EAC, ROHS","IP":"20","CPU temperature monitor":"Yes","Bluetooth version":"5.4","_www_title":"hAP be³ Media","_www_tagline":"hAP be³ Media – the professional all-in-one platform for routing, services, containers, and modern network workloads.\r\nThis is a powerful Wi-Fi 7 hybrid router and media hub combining triple-band wireless, five 2.5G Ethernet ports, built-in Matter/Thread smart automation/IoT support, and a quad-core ARM CPU for containers, storage, and advanced networking. Coming soon!","_hardware_title":"hAP be³ Media"}	6
hap-lite	hAP lite	Indoor wireless	0	77	hAP lite	RB941-2nD	SMIPS	QCA9533	hap-lite	RB941-2nD	{"Product code":"RB941-2nD","Suggested price":"$24.95","Architecture":"SMIPS","CPU":"QCA9533","CPU core count":"1","CPU nominal frequency":"650 MHz","Switch chip model":"QCA9533-BL3A","RouterOS license":"4","Operating System":"RouterOS","Size of RAM":"32 MB","Storage size":"16 MB","Storage type":"FLASH","MTBF":"Approximately 100'000 hours at 25C","Tested ambient temperature":"-20°C to 60°C","Wireless 2.4 GHz Max data rate":"300 Mbit/s","Wireless 2.4 GHz Number of chains":"2","Wireless 2.4 GHz standards":"802.11b/g/n","Antenna gain dBi for 2.4 GHz":"1.5","Wireless 2.4 GHz chip model":"QCA9533","Wireless 2.4 GHz generation":"Wi-Fi 4","10/100 Ethernet ports":"4","MicroUSB input Voltage":"5 V","Number of DC inputs":"1 (MicroUSB)","Max power consumption":"3.5 W","Cooling type":"Passive","Certification":"FCC, IC","_www_title":"hAP lite","_www_tagline":"Low cost home wireless AP with dual chain 2.4GHz wireless, powered by USB","_hardware_title":"hAP lite"}	5
hap-lite-tc	hAP lite TC	Indoor wireless	0	78	hAP lite TC	RB941-2nD-TC	SMIPS	QCA9533	hap-lite-tc	RB941-2nD-TC	{"Product code":"RB941-2nD-TC","Suggested price":"$24.95","Architecture":"SMIPS","CPU":"QCA9533","CPU core count":"1","CPU nominal frequency":"650 MHz","Switch chip model":"QCA9533-BL3A","RouterOS license":"4","Operating System":"RouterOS","Size of RAM":"32 MB","Storage size":"16 MB","Storage type":"FLASH","MTBF":"Approximately 100'000 hours at 25C","Tested ambient temperature":"-20°C to 70°C","Wireless 2.4 GHz Max data rate":"300 Mbit/s","Wireless 2.4 GHz Number of chains":"2","Wireless 2.4 GHz standards":"802.11b/g/n","Antenna gain dBi for 2.4 GHz":"1.5","Wireless 2.4 GHz chip model":"QCA9533","Wireless 2.4 GHz generation":"Wi-Fi 4","10/100 Ethernet ports":"4","MicroUSB input Voltage":"5 V","Number of DC inputs":"1 (MicroUSB)","Max power consumption":"3.5 W","Cooling type":"Passive","Certification":"FCC, IC","_www_title":"hAP lite TC","_www_tagline":"Small home AP with four ethernet ports and a colorful enclosure.","_hardware_title":"hAP lite TC"}	5
hex	hEX	Ethernet routers	0	79	hEX	RB750Gr3	MMIPS	MT7621A	hex	RB750Gr3	{"Product code":"RB750Gr3","Suggested price":"$59.95","Architecture":"MMIPS","CPU":"MT7621A","CPU core count":"2","CPU nominal frequency":"880 MHz","CPU Threads count":"4","Switch chip model":"MT7621A","Dimensions":"113x89x28mm","RouterOS license":"4","Operating System":"RouterOS","Size of RAM":"256 MB","Storage size":"16 MB","Storage type":"FLASH","MTBF":"Approximately 100'000 hours at 25C","Tested ambient temperature":"-40°C to 60°C","Number of DC inputs":"2 (DC jack, PoE-IN)","DC jack input Voltage":"8-30 V","Max power consumption":"10 W","Max power consumption without attachments":"5 W","PoE in":"Passive PoE","Cooling type":"Passive","PoE in input Voltage":"8-30 V","10/100/1000 Ethernet ports":"5","Memory card type":"microSD","Memory Cards":"1","Number of USB ports":"1","USB Power Reset":"Yes","USB slot type":"USB type A","Max USB current (A)":"1","PCB temperature monitor":"Yes","Voltage Monitor":"Yes","Mode button":"Yes","Beeper":"Yes","Certification":"CE, EAC, ROHS","IP":"IP20","_www_title":"hEX","_www_tagline":"5x Gigabit Ethernet, Dual Core 880MHz CPU, 256MB RAM, USB, microSD, RouterOS L4","_hardware_title":"hEX"}	2
hex-lite	hEX lite	Ethernet routers	0	80	hEX lite	RB750r2	MIPSBE	QCA9533	hex-lite	RB750r2	{"Product code":"RB750r2","Suggested price":"$39.95","Architecture":"MIPSBE","CPU":"QCA9533","CPU core count":"1","CPU nominal frequency":"850 MHz","Switch chip model":"QCA9533","Dimensions":"113x89x28mm. Weight without packaging and cables: 129g","RouterOS license":"4","Operating System":"RouterOS","Size of RAM":"64 MB","Storage size":"16 MB","Storage type":"FLASH","MTBF":"Approximately 100'000 hours at 25C","Tested ambient temperature":"-40°C to 70°C","Number of DC inputs":"2 (DC jack, PoE-IN)","DC jack input Voltage":"6-30 V","Max power consumption":"2 W","PoE in":"Passive PoE","Cooling type":"Passive","PoE in input Voltage":"6-30 V","10/100 Ethernet ports":"5","Certification":"CE, EAC, ROHS","IP":"IP20","_www_title":"hEX lite","_www_tagline":"5x Ethernet,\r\nSmall plastic case,\r\n850MHz CPU, 64MB RAM,\r\nMost affordable MPLS router,\r\nRouterOS L4","_hardware_title":"hEX lite"}	4
hex-poe	hEX PoE	Ethernet routers	0	81	hEX PoE	RB960PGS	MIPSBE	QCA9557	hex-poe	RB960PGS	{"Product code":"RB960PGS","Suggested price":"$89.00","Architecture":"MIPSBE","CPU":"QCA9557","CPU core count":"1","CPU nominal frequency":"800 MHz","Switch chip model":"QCA8337","RouterOS license":"4","Operating System":"RouterOS","Size of RAM":"128 MB","Storage size":"16 MB","Storage type":"FLASH","MTBF":"Approximately 100'000 hours at 25C","Tested ambient temperature":"-40°C to 60°C","Number of DC inputs":"2 (DC jack, PoE-IN)","DC jack input Voltage":"12-57 V","Max power consumption":"54 W","Max power consumption without attachments":"6 W","PoE in":"Passive PoE","Cooling type":"Passive","PoE in input Voltage":"12-57 V","PoE-out ports":"Ether2-Ether5","PoE out":"802.3af/at","Low voltage PoE-Out current limit":"1 A","High voltage PoE-Out current limit":"450 mA","Max total out (A)":"2 A","10/100/1000 Ethernet ports":"5","SFP ports":"1","Number of USB ports":"1","USB Power Reset":"Yes","USB slot type":"USB type A","Max USB current (A)":"1","PCB temperature monitor":"Yes","Voltage Monitor":"Yes","Beeper":"Yes","Certification":"CE, EAC, ROHS","IP":"IP20","_www_title":"hEX PoE","_www_tagline":"5x Gigabit Ethernet with PoE output for four ports, SFP, USB, 800MHz CPU, 128MB RAM, RouterOS L4","_hardware_title":"hEX PoE"}	4
hex-poe-lite	hEX PoE lite	Ethernet routers	0	82	hEX PoE lite	RB750UPr2	MIPSBE	QCA9531	hex-poe-lite	RB750UPr2	{"Product code":"RB750UPr2","Suggested price":"$59.95","Architecture":"MIPSBE","CPU":"QCA9531","CPU core count":"1","CPU nominal frequency":"650 MHz","Switch chip model":"QCA9531","Dimensions":"113x89x28mm","RouterOS license":"4","Operating System":"RouterOS","Size of RAM":"64 MB","Storage size":"16 MB","Storage type":"FLASH","MTBF":"Approximately 100'000 hours at 25C","Tested ambient temperature":"-40°C to 70°C","Number of DC inputs":"2 (DC jack, PoE-IN)","DC jack input Voltage":"8-30 V","Max power consumption":"51 W","Max power consumption without attachments":"3 W","PoE in":"Passive PoE","Cooling type":"Passive","PoE in input Voltage":"8-30 V","PoE-out ports":"Ether2-Ether5","PoE out":"Passive PoE","Low voltage PoE-Out current limit":"1 A","Max total out (A)":"2 A","10/100 Ethernet ports":"5","Number of USB ports":"1","USB Power Reset":"Yes","USB slot type":"USB type A","Max USB current (A)":"1","Current Monitor":"Yes","PCB temperature monitor":"Yes","Voltage Monitor":"Yes","Certification":"CE, EAC, ROHS","IP":"20","_www_title":"hEX PoE lite","_www_tagline":"5xEthernet with PoE output for four ports, \r\nUSB,\r\n650MHz CPU, 64MB RAM,\r\nRouterOS L4","_hardware_title":"hEX PoE lite"}	4
hex-refresh	hEX refresh	Ethernet routers	0	83	hEX refresh	E50UG	ARM 32bit	EN7562CT	hex-refresh	hex_2024	{"Product code":"E50UG","Suggested price":"$59.95","Architecture":"ARM 32bit","CPU":"EN7562CT","CPU core count":"2","CPU nominal frequency":"950 MHz","CPU Threads count":"2","Switch chip model":"EN7523","Dimensions":"113x89x28mm","RouterOS license":"4","Operating System":"RouterOS v7","Size of RAM":"512 MB","Storage size":"128 MB","Storage type":"NAND","MTBF":"Approximately 100'000 hours at 25C","Tested ambient temperature":"-40°C to 70°C","Number of DC inputs":"2 (DC jack, PoE-IN)","DC jack input Voltage":"12-28 V","Max power consumption":"10 W","Max power consumption without attachments":"4 W","PoE in":"Passive PoE","Cooling type":"Passive","PoE in input Voltage":"12-28 V","10/100/1000 Ethernet ports":"5","Number of USB ports":"1","USB Power Reset":"Yes","USB slot type":"USB type A","Max USB current (A)":"1","CPU temperature monitor":"Yes","PCB temperature monitor":"Yes","Voltage Monitor":"Yes","Mode button":"Yes","Certification":"CE, EAC, ROHS","IP":"20","_www_title":"hEX refresh","_www_tagline":"The classic hEX refresh: same price, twice the performance!\r\nThe staple of affordable routing for every home is back – stronger than ever due to the modern ARM CPU and extra RAM.","_hardware_title":"hEX refresh"}	6
hex-s	hEX S	Ethernet routers	0	84	hEX S	RB760iGS	MMIPS	MT7621A	hex-s	hex_s	{"Product code":"RB760iGS","Suggested price":"$79.00","Architecture":"MMIPS","CPU":"MT7621A","CPU core count":"2","CPU nominal frequency":"880 MHz","CPU Threads count":"4","Switch chip model":"MT7621A","Dimensions":"113 x 89 x 28 mm","RouterOS license":"4","Operating System":"RouterOS","Size of RAM":"256 MB","Storage size":"16 MB","Storage type":"FLASH","MTBF":"Approximately 100'000 hours at 25C","Tested ambient temperature":"-40°C to 70°C","Number of DC inputs":"2 (DC jack, PoE-IN)","DC jack input Voltage":"12-57 V","Max power consumption":"24 W","Max power consumption without attachments":"6 W","PoE in":"802.3af/at","Cooling type":"Passive","PoE in input Voltage":"12-57 V","PoE-out ports":"Ether5","PoE out":"Passive PoE up to 57V","Low voltage PoE-Out current limit":"500 mA","High voltage PoE-Out current limit":"500 mA","Max total out (A)":"500 mA","10/100/1000 Ethernet ports":"5","SFP ports":"1","Memory card type":"microSD","Memory Cards":"1","Number of USB ports":"1","USB Power Reset":"Yes","USB slot type":"USB type A","Max USB current (A)":"1","PCB temperature monitor":"Yes","Voltage Monitor":"Yes","Mode button":"Yes","Beeper":"Yes","Certification":"CE, EAC, ROHS","IP":"IP20","_www_title":"hEX S","_www_tagline":"5x Gigabit Ethernet, SFP, Dual Core 880MHz CPU, 256MB RAM, USB, microSD, RouterOS L4, IPsec hardware encryption support and The Dude server package","_hardware_title":"hEX S"}	5
hex-s-2025	hEX S (2025)	Ethernet routers	0	85	hEX S (2025)	E60iUGS	ARM 32bit	EN7562CT	hex-s-2025	hex_s_2025	{"Product code":"E60iUGS","Suggested price":"$69.00","Architecture":"ARM 32bit","CPU":"EN7562CT","CPU core count":"2","CPU nominal frequency":"950 MHz","CPU Threads count":"2","Switch chip model":"EN7523","RouterOS license":"4","Operating System":"RouterOS v7","Size of RAM":"512 MB","Storage size":"128 MB","Storage type":"NAND","MTBF":"Approximately 100'000 hours at 25C","Tested ambient temperature":"-40°C to 70°C","Number of DC inputs":"2 (DC jack, PoE-IN)","DC jack input Voltage":"12-57 V","Max power consumption":"23 W","Max power consumption without attachments":"5 W","PoE in":"802.3af/at","Cooling type":"Passive","PoE in input Voltage":"18-57 V","PoE-out ports":"Ether5","PoE out":"Passive PoE up to 57V","Low voltage PoE-Out current limit":"0.5 A","High voltage PoE-Out current limit":"0.5 A","10/100/1000 Ethernet ports":"5","Number of 1G Ethernet ports with PoE-out":"1","SFP ports":"1 (2.5G supported)","Number of USB ports":"1","USB Power Reset":"Yes","USB slot type":"USB 3.0 type A","Max USB current (A)":"1","CPU temperature monitor":"Yes","PCB temperature monitor":"Yes","Voltage Monitor":"Yes","Mode button":"Yes","Certification":"CE, EAC, ROHS","IP":"20","_www_title":"hEX S (2025)","_www_tagline":"A compact, affordable wired router featuring a 2.5G SFP port, 5x Gigabit Ethernet, PoE out, USB, and a fast dual-core CPU – ideal for homes, offices, or underfunded labs that need reliable performance.","_hardware_title":"hEX S (2025)"}	5
hw-apa-1	APA-1	Accessories	0						apa-1	apa_1	{"Product code":"APA-1","Suggested price":"$29.00","MTBF":"Approximately 100'000 hours at 25C","Tested ambient temperature":"-40°C to 85°C","Number of DC inputs":"1","Max power consumption":"100 W","Cooling type":"Passive","Certification":"CE, E-MARK, EAC, ROHS","IP":"20","_www_title":"APA-1","_www_tagline":"Automotive Power Adapter with overvoltage \r\nprotection and other safety features to protect your LtAP \r\nand other devices from aggressive vehicle environments.","_hardware_title":"APA-1"}	3
hw-audience	Audience	Indoor wireless	1						audience	audience	{"Product code":"RBD25G-5HPacQD2HPnD","Suggested price":"$169.00","Architecture":"ARM 32bit","CPU":"IPQ-4019","CPU core count":"4","CPU nominal frequency":"448-896 (auto) MHz","CPU Threads count":"4","Switch chip model":"IPQ-4019","Dimensions":"100 x 235 x 97 mm","RouterOS license":"4","Operating System":"RouterOS","Size of RAM":"256 MB","Storage size":"128 MB","Storage type":"NAND","MTBF":"Approximately 200'000 hours at 25C","Tested ambient temperature":"-40°C to 60°C","Wireless 2.4 GHz Max data rate":"300 Mbit/s","Wireless 2.4 GHz Number of chains":"2","Wireless 2.4 GHz standards":"802.11b/g/n","Antenna gain dBi for 2.4 GHz":"3.5","Wireless 2.4 GHz chip model":"IPQ-4019","Wireless 2.4 GHz generation":"Wi-Fi 4","Wireless 5 GHz Max data rate":"1733 Mbit/s","Wireless 5 GHz Number of chains":"4","Wireless 5 GHz standards":"802.11a/n/ac","Antenna gain dBi for 5 GHz":"4.5","Wireless 5 GHz chip model":"QCA9984","Wireless 5 GHz generation":"Wi-Fi 5","10/100/1000 Ethernet ports":"2","Number of DC inputs":"2 (DC jack, PoE-IN)","DC jack input Voltage":"12-57 V","Max power consumption":"27 W","Max power consumption without attachments":"27 W","PoE in":"Passive PoE","Cooling type":"Passive","PoE in input Voltage":"24-57 V","Certification":"CE, FCC, IC, EAC, ROHS","IP":"IP20","_www_title":"Audience","_www_tagline":"Tri-band (one 2.4 GHz & two 5 GHz) home access point with meshing technology","_hardware_title":"Audience","_fcc_id":["TV7D25-5HPQ2HP"]}	4
hw-audience-lte6-kit	Audience LTE6 kit	LTE products	1						audience-lte6-kit	audience_lte6_kit	{"Product code":"RBD25GR-5HPacQD2HPnD&R11e-LTE6","Suggested price":"$279.00","Architecture":"ARM 32bit","CPU":"IPQ-4019","CPU core count":"4","CPU nominal frequency":"716 MHz","CPU Threads count":"4","Switch chip model":"IPQ-4019","Dimensions":"100 x 235 x 97 mm","RouterOS license":"4","Operating System":"RouterOS","Size of RAM":"256 MB","Storage size":"128 MB","Storage type":"NAND","MTBF":"Approximately 200'000 hours at 25C","Tested ambient temperature":"-30°C to 60°C","Number of DC inputs":"2 (DC jack, PoE-IN)","DC jack input Voltage":"12-57 V","Max power consumption":"30 W","Max power consumption without attachments":"20 W","PoE in":"Passive PoE","Cooling type":"Passive","PoE in input Voltage":"24-57 V","2G Category":"Class12","2G bands":"2 (1900MHz) 3 (1800MHz) 5 (850MHz) 8 (900MHz)","3G Category":"R7 (21Mbps Downlinks, 5.76Mbps Uplink) / R8 (42.2Mbps Downlink, 5.76Mbps Uplink)","3G bands":"1 (2100MHz) 2 (1900MHz) 5 (850MHz) 8 (900MHz)","LTE Category":"6 (300Mbit/s Downlink, 50Mbit/s Uplink)","LTE FDD bands":"1 (2100MHz) 2 (1900MHz) 3 (1800MHz) 5 (850MHz) 7 (2600MHz) 8 (900 MHz) 12 (700MHz) 17 (700MHz) 20 (800MHz) 25 (1900MHz) 26 (850MHz)","LTE TDD bands":"38 (2600MHz) 39 (1900MHz) 40 (2300MHz) 41n (2500MHz)","TAC":"35666210","Wireless 2.4 GHz Max data rate":"300 Mbit/s","Wireless 2.4 GHz Number of chains":"2","Wireless 2.4 GHz standards":"802.11b/g/n","Antenna gain dBi for 2.4 GHz":"3.5","Wireless 2.4 GHz chip model":"IPQ-4019","Wireless 2.4 GHz generation":"Wi-Fi 4","Wireless 5 GHz Max data rate":"1733 Mbit/s","Wireless 5 GHz Number of chains":"4","Wireless 5 GHz standards":"802.11a/n/ac","Antenna gain dBi for 5 GHz":"4.5","Wireless 5 GHz chip model":"QCA9984","Wireless 5 GHz generation":"Wi-Fi 5","10/100/1000 Ethernet ports":"2","Number of SIM slots":"1 Modem (Micro SIM)","MiniPCI-e slots":"1","Certification":"CE, FCC, IC, EAC, ROHS","IP":"IP20","_www_title":"Audience LTE6 kit","_www_tagline":"Tri-band (one 2.4 GHz & two 5 GHz) home access point with LTE CAT6 support and meshing technology","_hardware_title":"Audience LTE6 kit","_fcc_id":["TV7D25-5HPQ2HP"],"_ic":["7442A-D255HPQ2HP"]}	10
hw-ccr1009-7g-1c-1s-plus	CCR1009-7G-1C-1S+	Ethernet routers	1						ccr1009-7g-1c-1s-plus	CCR1009-7G-1C-1Splus	{"Product code":"CCR1009-7G-1C-1S+","Suggested price":"$545.00","Architecture":"TILE","CPU":"TLR4-00980","CPU core count":"9","CPU nominal frequency":"1.2 GHz","CPU Threads count":"9","Dimensions":"443 x 175 x 44 mm","RouterOS license":"6","Operating System":"RouterOS","Size of RAM":"2 GB","Storage size":"128 MB","Storage type":"NAND","MTBF":"Approximately 200'000 hours at 25C","Tested ambient temperature":"-20°C to 60°C","Number of AC inputs":"2","AC input range":"100-240","Number of DC inputs":"1 (PoE-IN)","Number of PSU slots":"2","Frequency (Hz)":"50-60","Max power consumption":"39 W","Max power consumption without attachments":"34 W","PoE in":"Passive PoE","Cooling type":"2 fans","PoE in input Voltage":"15-57 V","10/100/1000 Ethernet ports":"7","Ethernet Combo ports":"1","SFP+ ports":"1","Number of SIM slots":"1 Smart card (Mini SIM)","Memory card type":"microSD","Memory Cards":"1","Serial console port":"RS232","Number of USB ports":"1","USB Power Reset":"Yes","USB slot type":"microUSB type AB","Max USB current (A)":"1","CPU temperature monitor":"Yes","Current Monitor":"Yes","PCB temperature monitor":"Yes","Voltage Monitor":"Yes","Beeper":"Yes","Certification":"CE, EAC, ROHS","IP":"IP20","_www_title":"CCR1009-7G-1C-1S+","_www_tagline":"1U rackmount, 7x Gigabit Ethernet, 1x Combo port (SFP or Gigabit Ethernet), 1xSFP+ cage, 9 cores x 1.2GHz CPU, 2GB RAM, LCD panel, Dual Power supplies, SmartCard slot, RouterOS L6","_hardware_title":"CCR1009-7G-1C-1S+"}	4
hw-ccr1009-7g-1c-1s-plus-pc	CCR1009-7G-1C-1S+PC	Ethernet routers	1						ccr1009-7g-1c-1s-plus-pc	CCR1009-7G-1C-1SplusPC	{"Product code":"CCR1009-7G-1C-1S+PC","Suggested price":"$545.00","Architecture":"TILE","CPU":"TLR4-00980","CPU core count":"9","CPU nominal frequency":"1 GHz","CPU Threads count":"9","Dimensions":"272 x 190 x 44 mm","RouterOS license":"6","Operating System":"RouterOS","Size of RAM":"2 GB","Storage size":"128 MB","Storage type":"NAND","MTBF":"Approximately 200'000 hours at 25C","Tested ambient temperature":"-20°C to 60°C","Number of DC inputs":"2 (DC jack, PoE-IN)","DC jack input Voltage":"18-57 V","Max power consumption":"38 W","Max power consumption without attachments":"33 W","PoE in":"Passive PoE","Cooling type":"Passive","PoE in input Voltage":"18-57 V","10/100/1000 Ethernet ports":"7","Ethernet Combo ports":"1","SFP+ ports":"1","Number of SIM slots":"1 Smart card (Mini SIM)","Memory card type":"microSD","Memory Cards":"1","Serial console port":"RS232","Number of USB ports":"1","USB Power Reset":"Yes","USB slot type":"microUSB type AB","Max USB current (A)":"1","CPU temperature monitor":"Yes","Current Monitor":"Yes","PCB temperature monitor":"Yes","Voltage Monitor":"Yes","Beeper":"Yes","Certification":"CE, EAC, ROHS","IP":"IP20","_www_title":"CCR1009-7G-1C-1S+PC","_www_tagline":"7x Gigabit Ethernet, 1x Combo port (SFP or Gigabit Ethernet), 1xSFP+ cage, 9 cores x 1GHz CPU, 2GB RAM, LCD panel, passive cooling desktop enclosure, SmartCard slot, RouterOS L6, PSU","_hardware_title":"CCR1009-7G-1C-1S+PC"}	4
hw-ccr1009-7g-1c-pc	CCR1009-7G-1C-PC	Ethernet routers	1						ccr1009-7g-1c-pc	CCR1009-7G-1C-PC	{"Product code":"CCR1009-7G-1C-PC","Suggested price":"$465.00","Architecture":"TILE","CPU":"TLR4-00980","CPU core count":"9","CPU nominal frequency":"1 GHz","CPU Threads count":"9","Dimensions":"272 x 190 x 44 mm","RouterOS license":"6","Operating System":"RouterOS","Size of RAM":"1 GB","Storage size":"128 MB","Storage type":"NAND","MTBF":"Approximately 200'000 hours at 25C","Tested ambient temperature":"-20°C to 60°C","Number of DC inputs":"2 (DC jack, PoE-IN)","DC jack input Voltage":"18-57 V","Max power consumption":"30 W","Max power consumption without attachments":"25 W","PoE in":"Passive PoE","Cooling type":"Passive","PoE in input Voltage":"18-57 V","10/100/1000 Ethernet ports":"7","Ethernet Combo ports":"1","Serial console port":"RS232 + Header","Number of USB ports":"1","USB Power Reset":"Yes","USB slot type":"microUSB type AB","Max USB current (A)":"1","CPU temperature monitor":"Yes","Current Monitor":"Yes","PCB temperature monitor":"Yes","Voltage Monitor":"Yes","Beeper":"Yes","Certification":"CE, EAC, ROHS","IP":"IP20","_www_title":"CCR1009-7G-1C-PC","_www_tagline":"7x Gigabit Ethernet, 1x Combo port (SFP or Gigabit Ethernet), 9 cores x 1GHz CPU, 1GB RAM, passive cooling case, RouterOS L6","_hardware_title":"CCR1009-7G-1C-PC"}	2
hw-ccr1016-12g	CCR1016-12G	Ethernet routers	1						ccr1016-12g	CCR1016-12G	{"Product code":"CCR1016-12G","Suggested price":"$705.00","Architecture":"TILE","CPU":"TLR4-01680","CPU core count":"16","CPU nominal frequency":"1.2 GHz","CPU Threads count":"16","Dimensions":"443 x 193 x 44 mm","RouterOS license":"6","Operating System":"RouterOS","Size of RAM":"2 GB","Storage size":"512 MB","Storage type":"NAND","MTBF":"Approximately 200'000 hours at 25C","Tested ambient temperature":"-20°C to 60°C","Number of AC inputs":"2","AC input range":"100-240","Max power consumption":"42 W","Max power consumption without attachments":"37 W","Cooling type":"2 fans","10/100/1000 Ethernet ports":"12","Serial console port":"RJ45","Number of USB ports":"1","USB Power Reset":"Yes","USB slot type":"USB type A","Max USB current (A)":"1","CPU temperature monitor":"Yes","PCB temperature monitor":"Yes","Mode button":"Yes","Beeper":"Yes","Certification":"CE, EAC, ROHS","IP":"IP20","_www_title":"CCR1016-12G","_www_tagline":"1U rackmount,\r\n12x Gigabit Ethernet, LCD,\r\n16 cores x 1.2GHz CPU, 2GB RAM,\r\n17.8mpps fastpath,\r\nUp to 12Gbit/s throughput,\r\nRouterOS L6, Dual PSU","_hardware_title":"CCR1016-12G"}	4
hw-ccr1016-12s-1s-plus	CCR1016-12S-1S+	Ethernet routers	1						ccr1016-12s-1s-plus	CCR1016-12S-1Splus	{"Product code":"CCR1016-12S-1S+","Suggested price":"$815.00","Architecture":"TILE","CPU":"TLR4-01680","CPU core count":"16","CPU nominal frequency":"1.2 GHz","CPU Threads count":"16","Dimensions":"443 x 197 x 44 mm","RouterOS license":"6","Operating System":"RouterOS","Size of RAM":"2 GB","Storage size":"128 MB","Storage type":"NAND","MTBF":"Approximately 200'000 hours at 25C","Tested ambient temperature":"-20°C to 60°C","Number of AC inputs":"2","AC input range":"100-240","Max power consumption":"47.5 W","Max power consumption without attachments":"34 W","Cooling type":"2 fans","SFP DDMI":"Yes","SFP ports":"12","SFP+ ports":"1","Memory card type":"microSD","Memory Cards":"1","Serial console port":"RJ45","Number of USB ports":"1","USB Power Reset":"Yes","USB slot type":"USB type A","Max USB current (A)":"1","CPU temperature monitor":"Yes","PCB temperature monitor":"Yes","Mode button":"Yes","Beeper":"Yes","Certification":"CE, EAC, ROHS","IP":"IP20","_www_title":"CCR1016-12S-1S+","_www_tagline":"1U rackmount, 12xSFP cage, 1xSFP+ cage, 16 cores x 1.2GHz CPU, 2GB RAM, LCD panel, Dual Power supplies, RouterOS L6","_hardware_title":"CCR1016-12S-1S+"}	6
hw-ccr1036-12g-4s-series	CCR1036-12G-4S-series	Ethernet routers							ccr1036-12g-4s-series		{"_hardware_title":"CCR1036-12G-4S-series"}	2
hw-ccr1036-8g-2s-plus-series	CCR1036-8G-2S+-series	Ethernet routers							ccr1036-8g-2s-plus-series		{"_hardware_title":"CCR1036-8G-2S+-series"}	2
hw-ccr1072-1g-8s-plus	CCR1072-1G-8S+	Ethernet routers	1						ccr1072-1g-8s-plus	CCR1072-1G-8Splus	{"Product code":"CCR1072-1G-8S+","Suggested price":"$3,350.00","Architecture":"TILE","CPU":"TLR4-07280","CPU core count":"72","CPU nominal frequency":"1 GHz","CPU Threads count":"72","Dimensions":"443 x 315 x 44 mm","RouterOS license":"6","Operating System":"RouterOS","Size of RAM":"16 GB","Storage size":"128 MB","Storage type":"NAND","MTBF":"Approximately 200'000 hours at 25C","Tested ambient temperature":"-20°C to 60°C","Number of AC inputs":"2","AC input range":"100-240","Max power consumption":"125 W","Cooling type":"4 fans","10/100/1000 Ethernet ports":"1","SFP+ ports":"8","Memory card type":"microSD, 2x M.2","Memory Cards":"3","Serial console port":"RJ45","Number of USB ports":"2","USB Power Reset":"Yes","USB slot type":"microUSB type AB; USB type A","Max USB current (A)":"1","Smart card slot":"Yes","Number of M.2 slots":"2","CPU temperature monitor":"Yes","Current Monitor":"Yes","PCB temperature monitor":"Yes","Voltage Monitor":"Yes","Beeper":"Yes","Certification":"CE, EAC, ROHS","_www_title":"CCR1072-1G-8S+","_www_tagline":"1U rackmount, 1x Gigabit Ethernet, 8xSFP+ cages, LCD, 72 cores x 1GHz CPU, 16GB RAM, up to 120 million packets per second, 80Gbps throughput, RouterOS L6","_hardware_title":"CCR1072-1G-8S+"}	4
hw-chateau-5g	Chateau 5G	LTE products	1						chateau-5g	chateau_5g	{"Product code":"D53G-5HacD2HnD-TC&RG502Q-EA","Suggested price":"$530.00","Architecture":"ARM 32bit","CPU":"IPQ-4019","CPU core count":"4","CPU nominal frequency":"716 MHz","CPU Threads count":"4","Switch chip model":"IPQ-4019","Dimensions":"240 x 156 x 44 mm","RouterOS license":"4","Operating System":"RouterOS v7","Size of RAM":"256 MB","Storage size":"16 MB","Storage type":"FLASH","MTBF":"Approximately 200'000 hours at 25C","Tested ambient temperature":"-40°C to 70°C","Number of DC inputs":"1 (DC jack)","DC jack input Voltage":"12-28 V","Max power consumption":"23 W","Max power consumption without attachments":"17 W","Cooling type":"Passive","3G Category":"R8 (42.2Mbps Downlink, 5.76Mbps Uplink)","3G bands":"1 (2100MHz) 3 (1800MHz) 5 (850MHz) 6 (850 MHz) 8 (900MHz) 19 (800 MHz)","LTE Category":"20 (2.0 Gbps Downlink, 200 Mbps Uplink)","LTE FDD bands":"1 (2100MHz) 3 (1800MHz) 5 (850MHz) 7 (2600MHz) 8 (900 MHz) 18 (800 MHz) 19 (800 MHz) 20 (800MHz) 26 (850MHz) 28 (700MHz) 32 (1500 MHz)","LTE TDD bands":"34 (2000 MHz) 38 (2600MHz) 39 (1900MHz) 40 (2300MHz) 41 (2500MHz) 42 (3500MHz) 43 (3700MHz)","5G NSA FDD bands":"1 (2100 MHz) 3 (1800 MHz) 5 (850 MHz) 7 (2600 MHz) 8 (900 MHz) 20 (800 MHz) 28 (700 MHz)","5G NSA TDD bands":"38 (2600 MHz) 40 (2300 MHz) 41 (2500 MHz) 77 (3700 MHz) 78 (3500 MHz) 79 (4700 MHz)","5G SA FDD bands":"1 (2100 MHz) 3 (1800 MHz) 5 (850 MHz) 7 (2600 MHz) 8 (900 MHz) 20 (800 MHz) 28 (700 MHz)","5G SA TDD bands":"38 (2600 MHz) 40 (2300 MHz) 41 (2500 MHz) 77 (3700 MHz) 78 (3500 MHz) 79 (4700 MHz)","TAC":"86073604","Wireless 2.4 GHz Max data rate":"300 Mbit/s","Wireless 2.4 GHz Number of chains":"2","Wireless 2.4 GHz standards":"802.11b/g/n","Antenna gain dBi for 2.4 GHz":"2","Wireless 2.4 GHz chip model":"IPQ-4019","Wireless 2.4 GHz generation":"Wi-Fi 4","Wireless 5 GHz Max data rate":"867 Mbit/s","Wireless 5 GHz Number of chains":"2","Wireless 5 GHz standards":"802.11a/n/ac","Antenna gain dBi for 5 GHz":"4","Wireless 5 GHz chip model":"IPQ-4019","Wireless 5 GHz generation":"Wi-Fi 5","10/100/1000 Ethernet ports":"5","Number of SIM slots":"1 Modem (Micro SIM)","Number of USB ports":"1","USB Power Reset":"Yes","USB slot type":"USB type A","Max USB current (A)":"1","Number of M.2 slots":"1","Mode button":"Yes","Certification":"CE, EAC, ROHS","_www_title":"Chateau 5G","_www_tagline":"One router to delight them all – introducing the ultimate home AP with ultra-fast LTE/5G support","_hardware_title":"Chateau 5G"}	7
hw-chateau-5g-ax	Chateau 5G ax	LTE products	1						chateau-5g-ax	chateau_5g_ax	{"Product code":"S53UG+M-5HaxD2HaxD-TC&RG502Q-EA","Suggested price":"$595.00","Architecture":"ARM 64bit","CPU":"IPQ-6010","CPU core count":"4","CPU nominal frequency":"auto (864-1800) MHz","CPU Threads count":"4","Switch chip model":"IPQ-6010","Dimensions":"240 x 156 x 44 mm","RouterOS license":"4","Operating System":"RouterOS v7","Size of RAM":"1 GB","Storage size":"128 MB","Storage type":"NAND","MTBF":"Approximately 200'000 hours at 25C","Tested ambient temperature":"-40°C to 70°C","Number of DC inputs":"1 (DC jack)","DC jack input Voltage":"12-28 V","Max power consumption":"19 W","Max power consumption without attachments":"16 W","Cooling type":"Passive","3G Category":"R8 (42.2Mbps Downlink, 5.76Mbps Uplink)","3G bands":"1 (2100MHz) 3 (1800MHz) 5 (850MHz) 6 (850 MHz) 8 (900MHz) 19 (800 MHz)","LTE Category":"20 (2.0 Gbps Downlink, 200 Mbps Uplink)","MIMO DL":"4x4","MIMO UL":"1x1","LTE FDD bands":"1 (2100MHz) 3 (1800MHz) 5 (850MHz) 7 (2600MHz) 8 (900 MHz) 18 (800 MHz) 19 (800 MHz) 20 (800MHz) 26 (850MHz) 28 (700MHz) 32 (1500 MHz)","LTE TDD bands":"34 (2000 MHz) 38 (2600MHz) 39 (1900MHz) 40 (2300MHz) 41 (2500MHz) 42 (3500MHz) 43 (3700MHz)","5G NSA FDD bands":"1 (2100 MHz) 3 (1800 MHz) 5 (850 MHz) 7 (2600 MHz) 8 (900 MHz) 20 (800 MHz) 28 (700 MHz)","5G NSA TDD bands":"38 (2600 MHz) 40 (2300 MHz) 41 (2500 MHz) 77 (3700 MHz) 78 (3500 MHz) 79 (4700 MHz)","5G SA FDD bands":"1 (2100 MHz) 3 (1800 MHz) 5 (850 MHz) 7 (2600 MHz) 8 (900 MHz) 20 (800 MHz) 28 (700 MHz)","5G SA TDD bands":"38 (2600 MHz) 40 (2300 MHz) 41 (2500 MHz) 77 (3700 MHz) 78 (3500 MHz) 79 (4700 MHz)","TAC":"86073604","Wireless 2.4 GHz Max data rate":"574 Mbit/s","Wireless 2.4 GHz Number of chains":"2","Wireless 2.4 GHz standards":"802.11b/g/n/ax","Antenna gain dBi for 2.4 GHz":"3","Wireless 2.4 GHz chip model":"QCN-5022","Wireless 2.4 GHz generation":"Wi-Fi 6","Wireless 5 GHz Max data rate":"1200 Mbit/s","Wireless 5 GHz Number of chains":"2","Wireless 5 GHz standards":"802.11a/n/ac/ax","Antenna gain dBi for 5 GHz":"6","Wireless 5 GHz chip model":"QCN-5052","Wireless 5 GHz generation":"Wi-Fi 6","10/100/1000 Ethernet ports":"4","Number of 2.5G Ethernet ports":"1","Number of SIM slots":"1 Modem (Micro SIM)","Number of USB ports":"1","USB Power Reset":"Yes","USB slot type":"USB type A","Max USB current (A)":"1","Number of M.2 slots":"1","PCB temperature monitor":"Yes","Voltage Monitor":"Yes","Mode button":"Yes","Certification":"CE, EAC, ROHS","IP":"20","_www_title":"Chateau 5G ax","_www_tagline":"Mobile internet has never been faster! Generation 6 version of Chateau 5G.  Much faster wireless, improved CPU, and now – with 2.5 Gigabit Ethernet!","_hardware_title":"Chateau 5G ax"}	7
hw-chateau-5g-r16	Chateau 5G R16	LTE products	1						chateau-5g-r16	chateau5gr16	{"Product code":"D53G-5HacD2HnD-TC&RG520F-EU","Suggested price":"$485.00","Architecture":"ARM 32bit","CPU":"IPQ-4019","CPU core count":"4","CPU nominal frequency":"448-896 (auto) MHz","CPU Threads count":"4","Switch chip model":"IPQ-4019","Dimensions":"240 x 156 x 44 mm","RouterOS license":"4","Operating System":"RouterOS v7","Size of RAM":"256 MB","Storage size":"16 MB","Storage type":"FLASH","MTBF":"Approximately 200'000 hours at 25C","Tested ambient temperature":"-40°C to 70°C","Number of DC inputs":"1 (DC jack)","DC jack input Voltage":"12-28 V","Max power consumption":"25 W","Max power consumption without attachments":"20 W","Cooling type":"Passive","3G Category":"R8 (42.2Mbps Downlink, 5.76Mbps Uplink)","3G bands":"1 (2100MHz) 5 (850MHz) 8 (900MHz)","LTE Category":"20 (2.0 Gbps Downlink, 200 Mbps Uplink)","LTE FDD bands":"1 (2100MHz) 3 (1800MHz) 5 (850MHz) 7 (2600MHz) 8 (900 MHz) 20 (800MHz) 28 (700MHz) 32 (1500 MHz)","LTE TDD bands":"38 (2600MHz) 40 (2300MHz) 41 (2500MHz) 42 (3500MHz) 43 (3700MHz)","5G NSA FDD bands":"1 (2100 MHz) 3 (1800 MHz) 5 (850 MHz) 7 (2600 MHz) 8 (900 MHz) 20 (800 MHz) 28 (700 MHz)","5G NSA TDD bands":"38 (2600 MHz) 40 (2300 MHz) 41 (2500 MHz) 75 (1500 MHz) 76 (1500 MHz) 77 (3700 MHz) 78 (3500 MHz)","5G SA FDD bands":"1 (2100 MHz) 3 (1800 MHz) 5 (850 MHz) 7 (2600 MHz) 8 (900 MHz) 20 (800 MHz) 28 (700 MHz)","5G SA TDD bands":"38 (2600 MHz) 40 (2300 MHz) 41 (2500 MHz) 75 (1500 MHz) 76 (1500 MHz) 77 (3700 MHz) 78 (3500 MHz)","TAC":"86945405","Wireless 2.4 GHz Max data rate":"300 Mbit/s","Wireless 2.4 GHz Number of chains":"2","Wireless 2.4 GHz standards":"802.11a/b/g/n","Antenna gain dBi for 2.4 GHz":"3","Wireless 2.4 GHz chip model":"IPQ-4019","Wireless 2.4 GHz generation":"Wi-Fi 4","Wireless 5 GHz Max data rate":"867 Mbit/s","Wireless 5 GHz Number of chains":"2","Wireless 5 GHz standards":"802.11a/n/ac","Antenna gain dBi for 5 GHz":"5.5","Wireless 5 GHz chip model":"IPQ-4019","Wireless 5 GHz generation":"Wi-Fi 5","10/100/1000 Ethernet ports":"5","Number of SIM slots":"1 Modem (Micro SIM)","Number of USB ports":"1","USB Power Reset":"Yes","USB slot type":"USB type A","Max USB current (A)":"1","Number of M.2 slots":"1","Mode button":"Yes","Certification":"CE, EAC, ROHS","IP":"20","_www_title":"Chateau 5G R16","_www_tagline":"Ultra-fast 5G mobile internet for every home or \r\noffice – speeds go up, price goes down! Perfect for secure remote work VPNs anytime, anyplace!","_hardware_title":"Chateau 5G R16"}	4
hw-chateau-lte12	Chateau LTE12	LTE products	1						chateau-lte12	chateau_lte12	{"Product code":"RBD53G-5HacD2HnD-TC&EG12-EA","Suggested price":"$229.00","Architecture":"ARM 32bit","CPU":"IPQ-4019","CPU core count":"4","CPU nominal frequency":"448-896 (auto) MHz","CPU Threads count":"4","Switch chip model":"IPQ-4019","Dimensions":"240 x 156 x 44 mm","RouterOS license":"4","Operating System":"RouterOS v7","Size of RAM":"256 MB","Storage size":"16 MB","Storage type":"FLASH","MTBF":"Approximately 200'000 hours at 25C","Tested ambient temperature":"-40°C to 70°C","Number of DC inputs":"1 (DC jack)","DC jack input Voltage":"12-28 V","Max power consumption":"23 W","Max power consumption without attachments":"17 W","Cooling type":"Passive","3G Category":"R8 (42.2Mbps Downlink, 11.2Mbps Uplink)","3G bands":"1 (2100MHz) 3 (1800MHz) 5 (850MHz) 8 (900MHz)","LTE Category":"12 (600Mbps Downlink, 150Mbps Uplink)","LTE FDD bands":"1 (2100MHz) 3 (1800MHz) 5 (850MHz) 7 (2600MHz) 8 (900 MHz) 20 (800MHz) 28 (700MHz)","LTE TDD bands":"38 (2600MHz) 40 (2300MHz) 41 (2500MHz)","TAC":"86056104","Wireless 2.4 GHz Max data rate":"300 Mbit/s","Wireless 2.4 GHz Number of chains":"2","Wireless 2.4 GHz standards":"802.11b/g/n","Antenna gain dBi for 2.4 GHz":"3","Wireless 2.4 GHz chip model":"IPQ-4019","Wireless 2.4 GHz generation":"Wi-Fi 4","Wireless 5 GHz Max data rate":"867 Mbit/s","Wireless 5 GHz Number of chains":"2","Wireless 5 GHz standards":"802.11a/n/ac","Antenna gain dBi for 5 GHz":"4","Wireless 5 GHz chip model":"IPQ-4019","Wireless 5 GHz generation":"Wi-Fi 5","10/100/1000 Ethernet ports":"5","Number of SIM slots":"1 Modem (Micro SIM)","Number of USB ports":"1","USB Power Reset":"Yes","USB slot type":"USB type A","Max USB current (A)":"1","Mode button":"Yes","Certification":"CE, EAC, ROHS","IP":"IP20","_www_title":"Chateau LTE12","_www_tagline":"One router to delight them all – introducing the ultimate home AP with LTE support","_hardware_title":"Chateau LTE12"}	7
hw-chateau-lte6	Chateau LTE6	LTE products	1						chateau-lte6	chateau_lte6	{"Product code":"D53G-5HacD2HnD-TC&FG621-EA","Suggested price":"$149.00","Architecture":"ARM 32bit","CPU":"IPQ-4019","CPU core count":"4","CPU nominal frequency":"448-896 (auto) MHz","CPU Threads count":"4","Switch chip model":"IPQ-4019","RouterOS license":"4","Operating System":"RouterOS v7","Size of RAM":"256 MB","Storage size":"16 MB","Storage type":"FLASH","MTBF":"Approximately 200'000 hours at 25C","Tested ambient temperature":"-40°C to 70°C","Wireless 2.4 GHz Max data rate":"300 Mbit/s","Wireless 2.4 GHz Number of chains":"2","Wireless 2.4 GHz standards":"802.11b/g/n","Antenna gain dBi for 2.4 GHz":"2","Wireless 2.4 GHz chip model":"IPQ-4019","Wireless 2.4 GHz generation":"Wi-Fi 4","Wireless 5 GHz Max data rate":"867 Mbit/s","Wireless 5 GHz Number of chains":"2","Wireless 5 GHz standards":"802.11a/n/ac","Antenna gain dBi for 5 GHz":"4","Wireless 5 GHz chip model":"IPQ-4019","Wireless 5 GHz generation":"Wi-Fi 5","WiFi speed":"AC1200","3G Category":"R8 (42.2Mbps Downlink, 11.2Mbps Uplink)","3G bands":"1 (2100MHz) 3 (1800MHz) 5 (850MHz) 8 (900MHz)","LTE Category":"6 (300Mbit/s Downlink, 50Mbit/s Uplink)","MIMO DL":"2x2","LTE FDD bands":"1 (2100MHz) 3 (1800MHz) 5 (850MHz) 7 (2600MHz) 8 (900 MHz) 20 (800MHz) 28 (700MHz)","LTE TDD bands":"38 (2600MHz) 40 (2300MHz) 41 (2500MHz)","TAC":"86335904","10/100/1000 Ethernet ports":"5","Number of SIM slots":"1 Modem (Micro SIM)","Number of USB ports":"1","USB Power Reset":"Yes","USB slot type":"USB type A","Max USB current (A)":"1","Number of DC inputs":"1 (DC jack)","DC jack input Voltage":"12-28 V","Max power consumption":"21 W","Max power consumption without attachments":"15 W","Cooling type":"Passive","Certification":"CE, EAC, ROHS","IP":"20","Mode button":"Yes","_www_title":"Chateau LTE6","_www_tagline":"Your best friend when it comes to affordable mobile networks. \r\nAmazing in the hands of seasoned system administrators. Or in a household with zero IT skills. Chateau can do it all. For mobile operators who want the best for their clients without breaking the bank.","_hardware_title":"Chateau LTE6"}	7
hw-chateau-lte6-ax	Chateau LTE6 ax	LTE products	1						chateau-lte6-ax	chateau_lte6_ax	{"Product code":"S53UG+5HaxD2HaxD-TC&FG621-EA","Suggested price":"$199.00","Architecture":"ARM 64bit","CPU":"IPQ-6010","CPU core count":"4","CPU nominal frequency":"auto (864 -1800) MHz","CPU Threads count":"4","Switch chip model":"IPQ-6010","RouterOS license":"4","Operating System":"RouterOS v7","Size of RAM":"1 GB","Storage size":"128 MB","Storage type":"NAND","MTBF":"Approximately 200'000 hours at 25C","Tested ambient temperature":"-40°C to 70°C","Number of DC inputs":"1 (DC jack)","DC jack input Voltage":"12-28 V","Max power consumption":"17 W","Max power consumption without attachments":"13 W","Cooling type":"Passive","3G Category":"R8 (42.2Mbps Downlink, 11.2Mbps Uplink)","3G bands":"1 (2100MHz) 3 (1800MHz) 5 (850MHz) 8 (900MHz)","LTE Category":"6 (300Mbit/s Downlink, 50Mbit/s Uplink)","MIMO DL":"2x2","MIMO UL":"1x1","LTE FDD bands":"1 (2100MHz) 3 (1800MHz) 5 (850MHz) 7 (2600MHz) 8 (900 MHz) 20 (800MHz) 28 (700MHz)","LTE TDD bands":"38 (2600MHz) 40 (2300MHz) 41 (2500MHz)","TAC":"86335904","Wireless 2.4 GHz Max data rate":"574 Mbit/s","Wireless 2.4 GHz Number of chains":"2","Wireless 2.4 GHz standards":"802.11b/g/n/ax","Antenna gain dBi for 2.4 GHz":"2","Wireless 2.4 GHz chip model":"QCN-5022","Wireless 2.4 GHz generation":"Wi-Fi 6","Wireless 5 GHz Max data rate":"1200 Mbit/s","Wireless 5 GHz Number of chains":"2","Wireless 5 GHz standards":"802.11a/n/ac/ax","Antenna gain dBi for 5 GHz":"4","Wireless 5 GHz chip model":"QCN-5052","Wireless 5 GHz generation":"Wi-Fi 6","10/100/1000 Ethernet ports":"4","Number of 2.5G Ethernet ports":"1","Number of SIM slots":"1 Modem (Micro SIM)","Number of USB ports":"1","USB Power Reset":"Yes","USB slot type":"USB type A","Max USB current (A)":"1","PCB temperature monitor":"Yes","Voltage Monitor":"Yes","Mode button":"Yes","Certification":"CE, EAC, ROHS","IP":"20","_www_title":"Chateau LTE6 ax","_www_tagline":"A supercharged Chateau LTE6 access point with even faster wireless and an improved CPU. For mobile network users who need that extra speed and responsiveness of Gen6 ax wireless. Perfect for large, busy households or medium-sized offices.","_hardware_title":"Chateau LTE6 ax"}	5
hw-compliance	Compliance	Wireless systems							compliance		{"_hardware_title":"Compliance"}	1
hw-crs-series	CRS-series	Switches							crs-series		{"_hardware_title":"CRS-series"}	2
hw-crs112-8g-4s-in	CRS112-8G-4S-IN	Switches	1						crs112-8g-4s-in	CRS112-8G-4S-IN	{"Product code":"CRS112-8G-4S-IN","Suggested price":"$153.00","Architecture":"MIPSBE","CPU":"QCA8511","CPU core count":"1","CPU nominal frequency":"400 MHz","Switch chip model":"QCA8511-AL1C","Dimensions":"200x143x44mm","RouterOS license":"5","Operating System":"RouterOS","Size of RAM":"128 MB","Storage size":"16 MB","Storage type":"FLASH","MTBF":"Approximately 200'000 hours at 25C","Tested ambient temperature":"-40°C to 70°C","Number of DC inputs":"2 (DC jack, PoE-IN)","DC jack input Voltage":"10-57 V","Max power consumption":"10 W","PoE in":"Passive PoE","Cooling type":"Passive","PoE in input Voltage":"10-57 V","10/100/1000 Ethernet ports":"8","SFP ports":"4","Serial console port":"RJ45","Current Monitor":"Yes","PCB temperature monitor":"Yes","Voltage Monitor":"Yes","Mode button":"Yes","_www_title":"CRS112-8G-4S-IN","_www_tagline":"8x Gigabit Ethernet Smart Switch, 4x SFP cages, 400MHz CPU, 128MB RAM, desktop case, RouterOS L5","_hardware_title":"CRS112-8G-4S-IN"}	2
hw-crs125-24g-1s-series	CRS125-24G-1S-series	Switches							crs125-24g-1s-series		{"_hardware_title":"CRS125-24G-1S-series"}	2
hw-cube-60g-ac	Cube 60G ac	60 GHz products	1						cube-60g-ac	cube_60g_ac	{"Product code":"CubeG-5ac60ad","Suggested price":"$135.00","Architecture":"ARM 32bit","CPU":"IPQ-4019","CPU core count":"4","CPU nominal frequency":"716 MHz","CPU Threads count":"4","Dimensions":"130 x 130 x 132 mm","RouterOS license":"3","Operating System":"RouterOS","Size of RAM":"256 MB","Storage size":"16 MB","Storage type":"FLASH","MTBF":"Approximately 200'000 hours at 25C","Tested ambient temperature":"-40°C to 70°C","Number of DC inputs":"1 (PoE-IN)","Max power consumption":"9 W","Max power consumption without attachments":"9 W","PoE in":"802.3af/at","Cooling type":"Passive","PoE in input Voltage":"12-57 V","Wireless 5 GHz Max data rate":"433 Mbit/s","Wireless 5 GHz Number of chains":"1","Wireless 5 GHz standards":"802.11a/n/ac","Antenna gain dBi for 5 GHz":"11.5","Wireless 5 GHz chip model":"IPQ-4019","Wireless 5 GHz generation":"Wi-Fi 5","10/100/1000 Ethernet ports":"1","Certification":"CE, FCC, IC, EAC, ROHS","IP":"IP54","_www_title":"Cube 60G ac","_www_tagline":"A high-speed 60 GHz CPE with Gigabit Ethernet and a 5 GHz failover. The easy and affordable way of eliminating interference and downtime!","_hardware_title":"Cube 60G ac","_fcc_id":["TV7CB5A60"]}	4
hw-cube-lite60	Cube Lite60	60 GHz products	1						cube-lite60	cube_lite60	{"Product code":"RBCube-60ad","Suggested price":"$89.00","Architecture":"MIPSBE","CPU":"QCA9531","CPU core count":"1","CPU nominal frequency":"650 MHz","Dimensions":"130 x 130 x 132 mm","RouterOS license":"3","Operating System":"RouterOS","Size of RAM":"64 MB","Storage size":"16 MB","Storage type":"FLASH","MTBF":"Approximately 100'000 hours at 25C","Tested ambient temperature":"-30°C to 70°C","Number of DC inputs":"1 (PoE-IN)","Max power consumption":"5 W","PoE in":"Passive PoE","Cooling type":"Passive","PoE in input Voltage":"12-28 V","10/100 Ethernet ports":"1","Certification":"CE, FCC, IC, EAC, ROHS","IP":"IP54","_www_title":"Cube Lite60","_www_tagline":"The most affordable 60 GHz CPE for crowded wireless spectrum","_hardware_title":"Cube Lite60","_fcc_id":["TV7CUBE60"]}	4
hw-disc-lite5	DISC Lite5	Wireless systems	1						disc-lite5	rbdisc_5nd	{"Product code":"RBDisc-5nD","Suggested price":"$55.00","Architecture":"MIPSBE","CPU":"AR9344","CPU core count":"1","CPU nominal frequency":"600 MHz","Dimensions":"⌀ 265mm, height: 80mm","RouterOS license":"3","Operating System":"RouterOS","Size of RAM":"64 MB","Storage size":"16 MB","Storage type":"FLASH","MTBF":"Approximately 100'000 hours at 25C","Tested ambient temperature":"-40°C to 70°C","Number of DC inputs":"1 (PoE-IN)","Max power consumption":"6 W","PoE in":"Passive PoE","Cooling type":"Passive","PoE in input Voltage":"10-30 V","Wireless 5 GHz Max data rate":"300 Mbit/s","Wireless 5 GHz Number of chains":"2","Wireless 5 GHz standards":"802.11a/n","Antenna gain dBi for 5 GHz":"21","Wireless 5 GHz chip model":"AR9344","Wireless 5 GHz generation":"Wi-Fi 4","10/100 Ethernet ports":"1","Certification":"CE, FCC, IC, EAC, ROHS","IP":"IP54","_www_title":"DISC Lite5","_www_tagline":"Dual chain 21dBi 5GHz CPE/Point-to-Point Integrated Antenna, 600Mhz CPU, 64MB RAM","_hardware_title":"Disc Lite5","_fcc_id":["TV7LHG5NDM","TV7RB922-5HPACTM"]}	5
hw-disc-lite5-ac	DISC Lite5 ac	Wireless systems	1						disc-lite5-ac	disc_lite5_ac	{"Product code":"RBDiscG-5acD","Suggested price":"$79.00","Architecture":"ARM 32bit","CPU":"IPQ-4018","CPU core count":"4","CPU nominal frequency":"716 MHz","CPU Threads count":"4","Dimensions":"⌀ 265mm, height: 80mm","RouterOS license":"3","Operating System":"RouterOS","Size of RAM":"256 MB","Storage size":"16 MB","Storage type":"FLASH","MTBF":"Approximately 100'000 hours at 25C","Tested ambient temperature":"-40°C to 70°C","Number of DC inputs":"1 (PoE-IN)","Max power consumption":"7 W","PoE in":"Passive PoE","Cooling type":"Passive","PoE in input Voltage":"10-30 V","Wireless 5 GHz Max data rate":"867 Mbit/s","Wireless 5 GHz Number of chains":"2","Wireless 5 GHz standards":"802.11a/n/ac","Antenna gain dBi for 5 GHz":"21","Wireless 5 GHz chip model":"IPQ-4018","Wireless 5 GHz generation":"Wi-Fi 5","10/100/1000 Ethernet ports":"1","Certification":"CE, FCC, IC, EAC, ROHS","IP":"IP54","_www_title":"DISC Lite5 ac","_www_tagline":"Outdoor 5GHz 802.11a/n/ac wireless device with a backfire type 21dBi integrated antenna and Gigabit Ethernet for longer distances","_hardware_title":"Disc Lite5 ac","_fcc_id":["TV7LHG5ACD"]}	4
hw-dynadish-5	DynaDish 5	Wireless systems	1						dynadish-5	RBDynaDishG-5HacDr3	{"Product code":"RBDynaDishG-5HacD","Suggested price":"$199.00","Architecture":"MIPSBE","CPU":"QCA9557","CPU core count":"1","CPU nominal frequency":"720 MHz","Dimensions":"Ø 404mm, height 175mm (without mount)","RouterOS license":"3","Operating System":"RouterOS","Size of RAM":"128 MB","Storage size":"16 MB","Storage type":"FLASH","MTBF":"Approximately 200'000 hours at 25C","Tested ambient temperature":"-40°C to 70°C","Number of DC inputs":"1 (PoE-IN)","Max power consumption":"9 W","PoE in":"802.3af/at","Cooling type":"Passive","PoE in input Voltage":"11-60 V","Wireless 5 GHz Max data rate":"867 Mbit/s","Wireless 5 GHz Number of chains":"2","Wireless 5 GHz standards":"802.11a/n/ac","Antenna gain dBi for 5 GHz":"25","Wireless 5 GHz chip model":"QCA9892","Wireless 5 GHz generation":"Wi-Fi 5","10/100/1000 Ethernet ports":"1","PCB temperature monitor":"Yes","Voltage Monitor":"Yes","Beeper":"Yes","Certification":"CE, FCC, IC, EAC, ROHS","IP":"IP54","_www_title":"DynaDish 5","_www_tagline":"Dual chain 5GHz 802.11a/n/ac QCA9892, 128MB RAM, 720 MHz CPU, 25dBi antenna gain","_hardware_title":"DynaDish 5"}	6
hw-dynadish-6	DynaDish 6	Wireless systems	1						dynadish-6	dynadish_6	{"Product code":"RBDynaDishG-6HnD","Suggested price":"$179.00","Architecture":"MIPSBE","CPU":"AR9344","CPU core count":"1","CPU nominal frequency":"600 MHz","Dimensions":"Ø 404 mm","RouterOS license":"4","Operating System":"RouterOS","Size of RAM":"64 MB","Storage size":"16 MB","Storage type":"FLASH","MTBF":"Approximately 200'000 hours at 25C","Tested ambient temperature":"-40°C to 70°C","Number of DC inputs":"1 (PoE-IN)","Max power consumption":"10 W","PoE in":"Passive PoE","Cooling type":"Passive","PoE in input Voltage":"12-30 V","Wireless 6 GHz Max data rate":"300 Mbit/s","Wireless 6 GHz Number of chains":"2","Wireless 6 GHz standards":"802.11a/n","Antenna gain dBi for 6 GHz":"25","Wireless 6 GHz chip model":"AR9344","Wireless 6 GHz generation":"Wi-Fi 4","10/100/1000 Ethernet ports":"1","PCB temperature monitor":"Yes","Voltage Monitor":"Yes","Beeper":"Yes","Certification":"EAC","IP":"IP33","_www_title":"DynaDish 6","_www_tagline":"Dual chain 25dBi Long Range 5.9-6.4GHz Integrated antenna for licensed band","_hardware_title":"DynaDish 6"}	5
hw-fiberbox	FiberBox	Switches	1						fiberbox	fiberbox	{"Product code":"CRS105-5S-FB","Suggested price":"$79.00","Architecture":"MIPSBE","CPU":"QCA8511","CPU core count":"1","CPU nominal frequency":"400 MHz","Switch chip model":"QCA8511","Dimensions":"125 x 178 x 48 mm","RouterOS license":"5","Operating System":"RouterOS","Size of RAM":"128 MB","Storage size":"16 MB","Storage type":"FLASH","MTBF":"Approximately 100'000 hours at 25C","Tested ambient temperature":"-20°C to 70°C","Number of DC inputs":"1 (DC jack)","DC jack input Voltage":"9-30 V","Max power consumption":"11 W","Cooling type":"Passive","SFP ports":"5","Mode button":"Yes","Certification":"CE, EAC, ROHS","_www_title":"FiberBox","_www_tagline":"An outdoor switch with five SFP ports","_hardware_title":"FiberBox"}	3
hw-ftc21	FTC21	Accessories	0						ftc21	ftc21	{"Product code":"FTC21","Suggested price":"$59.00","Switch chip model":"88E6341","MTBF":"Approximately 100'000 hours at 25C","Tested ambient temperature":"-40°C to 70°C","Number of DC inputs":"2 (DC jack, PoE-IN)","DC jack input Voltage":"24-57 V","Max power consumption":"4 W","Max power consumption without attachments":"3 W","PoE in":"802.3af/at","Cooling type":"Passive","PoE in input Voltage":"24-57 V","10/100/1000 Ethernet ports":"2","SFP ports":"1 (2.5G supported)","Certification":"CE, EAC, ROHS","IP":"55","_www_title":"FTC21","_www_tagline":"A weatherproof IP55 Fiber-to-Copper converter with smart management capabilities for your fiber and Ethernet setups.","_hardware_title":"FTC21"}	1
hw-g1040a-60wn	G1040A-60WF	Accessories	0						g1040a-60wn	g1040a_60wf	{"Product code":"G1040A-60WF","Suggested price":"$49.00","Input voltage":"100-240 V 1.5 A MAX","Output Voltage":"12 V - 5 A (total DC output: 60W)","_www_title":"G1040A-60WF","_www_tagline":"Hot-swap  power  supply: replace the CCR2004, CRS510 or CRS504 power supply without having to turn off or even restart the router. Zero downtime!","_hardware_title":"G1040A-60WN"}	5
hw-gesp-plus-poe-in	GESP+POE-IN	Accessories	0						gesp-plus-poe-in	gesp_poe_in	{"Product code":"GESP+POE-IN","Suggested price":"$12.00","_www_title":"GESP+POE-IN","_www_tagline":"GESP+PoE is a passive PoE injector with surge protection. Combine it with the GESP devices for maximum security and peace of mind.","_hardware_title":"GESP+POE-IN"}	5
hw-gpen11	GPEN11	Accessories	0						gpen11	gpen11	{"Product code":"GPEN11","Suggested price":"$14.00","MTBF":"Approximately 100'000 hours at 25C","Tested ambient temperature":"-40°C to 70°C","Number of DC inputs":"1 (DC jack)","DC jack input Voltage":"12-57 V","Cooling type":"Passive","PoE-out ports":"Ether2","PoE out":"Passive PoE","Low voltage PoE-Out current limit":"2 A","Max total out (A)":"2 A","10/100/1000 Ethernet ports":"2","Number of 1G Ethernet ports with PoE-out":"1","Certification":"CE, EAC, ROHS","_www_title":"GPEN11","_www_tagline":"A power injector that can be mounted on a wall","_hardware_title":"GPEN11"}	1
hw-gper	GPeR	Accessories	0						gper	gper	{"Product code":"GPeR","Suggested price":"$29.00","10/100/1000 Ethernet ports":"2","Low voltage PoE-Out current limit":"2 A","High voltage PoE-Out current limit":"0.7 A","PoE in":"802.3af/at","PoE in input Voltage":"24-57 V","PoE out":"802.3af/at","Tested ambient temperature":"-40°C to 70°C","_www_title":"GPeR","_www_tagline":"Gigabit Passive Ethernet Repeater","_hardware_title":"GPeR"}	1
hw-gperx4	GPeRx4	Accessories	0						gperx4	gperx4	{"Product code":"GPER14i","Suggested price":"$59.00","CPU nominal frequency":"200 MHz","Switch chip model":"88E6341","Storage size":"64 KB","Storage type":"FLASH","MTBF":"Approximately 100'000 hours at 25C","Tested ambient temperature":"-40°C to 70°C","Number of DC inputs":"2 (PoE-IN, 2-pin terminal)","2-pin terminal input Voltage":"24-57 V","Max power consumption":"115 W","Max power consumption without attachments":"4 W","PoE in":"802.3 bt","PoE in input Voltage":"48-57 V","PoE-out ports":"Ether2-Ether4","PoE out":"802.3af/at","Low voltage PoE-Out current limit":"0.7 A","High voltage PoE-Out current limit":"0.6 A","Max total out (A)":"2.0 A","10/100/1000 Ethernet ports":"4","Number of 1G Ethernet ports with PoE-out":"3","Certification":"CE, EAC, ROHS","IP":"68","_www_title":"GPeRx4","_www_tagline":"Effortlessly split a single high-power PoE port into multiple\r\nstandard PoE connections with the compact and durable GPeRx4.\r\nExpand, extend, and power your network with ease!","_hardware_title":"GPeRx4"}	2
hw-hap-ac3-lte6-kit	hAP ac³ LTE6 kit	LTE products	1						hap-ac3-lte6-kit	hap_ac3_lte6_kit	{"Product code":"RBD53GR-5HacD2HnD&R11e-LTE6","Suggested price":"$219.00","Architecture":"ARM 32bit","CPU":"IPQ-4019","CPU core count":"4","CPU nominal frequency":"716 MHz","CPU Threads count":"4","Switch chip model":"IPQ-4019","Dimensions":"251 x 129 x 39 mm","RouterOS license":"4","Operating System":"RouterOS","Size of RAM":"256 MB","Storage size":"16 MB","Storage type":"FLASH","MTBF":"Approximately 200'000 hours at 25C","Tested ambient temperature":"-30°C to 60°C","Number of DC inputs":"1 (DC jack)","DC jack input Voltage":"12-28 V","Max power consumption":"20 W","Max power consumption without attachments":"16 W","Cooling type":"Passive","2G Category":"Class12","2G bands":"2 (1900MHz) 3 (1800MHz) 5 (850MHz) 8 (900MHz)","3G Category":"R7 (21Mbps Downlinks, 5.76Mbps Uplink) / R8 (42.2Mbps Downlink, 5.76Mbps Uplink)","3G bands":"1 (2100MHz) 2 (1900MHz) 5 (850MHz) 8 (900MHz)","LTE Category":"6 (300Mbit/s Downlink, 50Mbit/s Uplink)","LTE FDD bands":"1 (2100MHz) 2 (1900MHz) 3 (1800MHz) 5 (850MHz) 7 (2600MHz) 8 (900 MHz) 12 (700MHz) 17 (700MHz) 20 (800MHz) 25 (1900MHz) 26 (850MHz)","LTE TDD bands":"38 (2600MHz) 39 (1900MHz) 40 (2300MHz) 41n (2500MHz)","TAC":"35666210","Wireless 2.4 GHz Max data rate":"300 Mbit/s","Wireless 2.4 GHz Number of chains":"2","Wireless 2.4 GHz standards":"802.11b/g/n","Antenna gain dBi for 2.4 GHz":"3","Wireless 2.4 GHz chip model":"IPQ-4019","Wireless 2.4 GHz generation":"Wi-Fi 4","Wireless 5 GHz Max data rate":"867 Mbit/s","Wireless 5 GHz Number of chains":"2","Wireless 5 GHz standards":"802.11a/n/ac","Antenna gain dBi for 5 GHz":"5.5","Wireless 5 GHz chip model":"IPQ-4019","Wireless 5 GHz generation":"Wi-Fi 5","10/100/1000 Ethernet ports":"5","Number of SIM slots":"1 Modem (Micro SIM)","MiniPCI-e slots":"1","Number of USB ports":"1","USB Power Reset":"Yes","USB slot type":"USB type A","Max USB current (A)":"1","Mode button":"Yes","Certification":"CE, FCC, IC, EAC, ROHS","IP":"IP20","_www_title":"hAP ac³ LTE6 kit","_www_tagline":"A wireless dual-band router with LTE support and 5 Gigabit Ethernet ports.\r\nThe right choice for most homes!","_hardware_title":"hAP ac3 LTE6 kit","_fcc_id":["TV7RBD53-5ACD2ND"],"_ic":["7442A-D53AC"]}	8
hw-hap-ax-lite-lte6	hAP ax lite LTE6	Indoor wireless	1						hap-ax-lite-lte6	hap_ax_lite_lte6	{"Product code":"L41G-2axD&FG621-EA","Suggested price":"$99.00","Architecture":"ARM 32bit","CPU":"IPQ-5010","CPU core count":"2","CPU nominal frequency":"800 MHz","CPU Threads count":"2","Switch chip model":"MT7531BE","RouterOS license":"4","Operating System":"RouterOS v7","Size of RAM":"256 MB","Storage size":"128 MB","Storage type":"NAND","MTBF":"Approximately 100'000 hours at 25C","Tested ambient temperature":"0°C to 60°C","Wireless 2.4 GHz Max data rate":"574 Mbit/s","Wireless 2.4 GHz Number of chains":"2","Wireless 2.4 GHz standards":"802.11b/g/n/ax","Antenna gain dBi for 2.4 GHz":"4.3","Wireless 2.4 GHz chip model":"IPQ-5010","Wireless 2.4 GHz generation":"Wi-Fi 6","WiFi speed":"AX600","3G Category":"R8 (42.2Mbps Downlink, 11.2Mbps Uplink)","3G bands":"1 (2100MHz) 3 (1800MHz) 5 (850MHz) 8 (900MHz)","LTE Category":"6 (300Mbit/s Downlink, 50Mbit/s Uplink)","LTE FDD bands":"1 (2100MHz) 3 (1800MHz) 5 (850MHz) 7 (2600MHz) 8 (900 MHz) 20 (800MHz) 28 (700MHz)","LTE TDD bands":"38 (2600MHz) 40 (2300MHz) 41 (2500MHz)","TAC":"86335904","10/100/1000 Ethernet ports":"4","Number of SIM slots":"1 Modem (Micro SIM)","Number of DC inputs":"1 (USB-C) (USB-C)","Supported Voltage":"5 V","Max power consumption":"12 W","Max power consumption without attachments":"12 W","Cooling type":"Passive","USB C input Voltage":"5 V","Certification":"CE, EAC, ROHS","IP":"20","Mode button":"Yes","_www_title":"hAP ax lite LTE6","_www_tagline":"Our most affordable LTE home access point -  tiny, fast, and strong enough to harvest the power of RouterOS v7!","_hardware_title":"hAP ax lite LTE6"}	5
hw-hap-mini	hAP mini	Indoor wireless	1						hap-mini	RB931-2nD	{"Product code":"RB931-2nD","Suggested price":"$22.95","Architecture":"SMIPS","CPU":"QCA9533","CPU core count":"1","CPU nominal frequency":"650 MHz","Switch chip model":"QCA9533-BL3A","Dimensions":"48 x 78 x 81mm","RouterOS license":"4","Operating System":"RouterOS","Size of RAM":"32 MB","Storage size":"16 MB","Storage type":"FLASH","MTBF":"Approximately 100'000 hours at 25C","Tested ambient temperature":"-20°C to 70°C","Wireless 2.4 GHz Max data rate":"300 Mbit/s","Wireless 2.4 GHz Number of chains":"2","Wireless 2.4 GHz standards":"802.11b/g/n","Antenna gain dBi for 2.4 GHz":"1.5","Wireless 2.4 GHz chip model":"QCA9533","Wireless 2.4 GHz generation":"Wi-Fi 4","10/100 Ethernet ports":"3","MicroUSB input Voltage":"5 V","Number of DC inputs":"1 (MicroUSB)","Max power consumption":"3.5 W","Cooling type":"Passive","Certification":"FCC, IC","IP":"IP20","_www_title":"hAP mini","_www_tagline":"Tiny size home 2.4Ghz AP with three LAN ports","_hardware_title":"hAP mini"}	4
hw-intercell	Intercell 10 B38+B39	LTE products	0						intercell	intercell_10_b38_b39	{"Product code":"P02003-B38B39-10W","Suggested price":"$3,500.00","MTBF":"Approximately 200'000 hours at 25C","Tested ambient temperature":"-40ºC to +55ºC","_www_title":"Intercell 10 B38+B39","_www_tagline":"Outdoor TDD-LTE dual carriers base station for bands 38 and 39","_hardware_title":"Intercell","_non_default_ips":["192.168.200.100","192.168.200.200"]}	5
hw-ldf-2	LDF 2	Wireless systems	1						ldf-2	ldf_2	{"Product code":"RBLDF-2nD","Suggested price":"$39.00","Architecture":"MIPSBE","CPU":"QCA9533","CPU core count":"1","CPU nominal frequency":"650 MHz","Dimensions":"84mm x 84mm x 115mm","RouterOS license":"3","Operating System":"RouterOS","Size of RAM":"64 MB","Storage size":"16 MB","Storage type":"FLASH","MTBF":"Approximately 100'000 hours at 25C","Tested ambient temperature":"-40°C to 70°C","Number of DC inputs":"1 (PoE-IN)","Max power consumption":"7 W","PoE in":"Passive PoE","Cooling type":"Passive","PoE in input Voltage":"10-28 V","Wireless 2.4 GHz Max data rate":"300 Mbit/s","Wireless 2.4 GHz Number of chains":"2","Wireless 2.4 GHz standards":"802.11b/g/n","Antenna gain dBi for 2.4 GHz":"10","Wireless 2.4 GHz chip model":"QCA9533","Wireless 2.4 GHz generation":"Wi-Fi 4","10/100 Ethernet ports":"1","Certification":"CE, FCC, IC, EAC, ROHS","_www_title":"LDF 2","_www_tagline":"Dual chain 2.4GHz system for long distance links with satellite offset dish antennas","_hardware_title":"LDF 2","_fcc_id":["TV7LDF2ND"]}	4
hw-ldf-lte6-kit	LDF LTE6 kit	LTE products	1						ldf-lte6-kit	ldf_lte6_kit	{"Product code":"RBLDFR&R11e-LTE6","Suggested price":"$169.00","Architecture":"MIPSBE","CPU":"QCA9531","CPU core count":"1","Dimensions":"94 x 94 x 150 mm","RouterOS license":"3","Operating System":"RouterOS","Size of RAM":"64 MB","Storage size":"16 MB","Storage type":"FLASH","MTBF":"Approximately 200'000 hours at 25C","Tested ambient temperature":"-30°C to 60°C","Number of DC inputs":"1 (PoE-IN)","Max power consumption":"6 W","PoE in":"802.3af/at","Cooling type":"Passive","PoE in input Voltage":"12-57 V","2G Category":"Class12","2G bands":"2 (1900MHz) 3 (1800MHz) 5 (850MHz) 8 (900MHz)","3G Category":"R7 (21Mbps Downlinks, 5.76Mbps Uplink) / R8 (42.2Mbps Downlink, 5.76Mbps Uplink)","3G bands":"1 (2100MHz) 2 (1900MHz) 5 (850MHz) 8 (900MHz)","LTE Category":"6 (300Mbit/s Downlink, 50Mbit/s Uplink)","LTE FDD bands":"1 (2100MHz) 2 (1900MHz) 3 (1800MHz) 5 (850MHz) 7 (2600MHz) 8 (900 MHz) 12 (700MHz) 17 (700MHz) 20 (800MHz) 25 (1900MHz) 26 (850MHz)","LTE TDD bands":"38 (2600MHz) 39 (1900MHz) 40 (2300MHz) 41n (2500MHz)","TAC":"35666210","Antenna gain":"8 dBi","10/100 Ethernet ports":"1","MiniPCI-e slots":"1","Mode button":"Yes","Certification":"CE, EAC, ROHS","IP":"IP68","_www_title":"LDF LTE6 kit","_www_tagline":"This outdoor wireless system with a built-in antenna can provide a connection even in the most remote locations. Tiny, powerful, can be used with any satellite TV dish with an offset mount.","_hardware_title":"LDF LTE6 kit"}	5
hw-lhg-60g	LHG 60G	60 GHz products	1						lhg-60g	lhg_60g	{"Product code":"RBLHGG-60ad","Suggested price":"$149.00","Architecture":"ARM 32bit","CPU":"IPQ-4019","CPU core count":"4","CPU nominal frequency":"448-896 (auto) MHz","CPU Threads count":"4","RouterOS license":"3","Operating System":"RouterOS","Size of RAM":"256 MB","Storage size":"16 MB","Storage type":"FLASH","MTBF":"Approximately 200'000 hours at 25C","Tested ambient temperature":"-40°C to 70°C","Number of DC inputs":"1 (PoE-IN)","Max power consumption":"5 W","PoE in":"802.3af/at","Cooling type":"Passive","PoE in input Voltage":"12-57 V","10/100/1000 Ethernet ports":"1","Certification":"CE, FCC, IC, EAC, ROHS","IP":"IP55","_www_title":"LHG 60G","_www_tagline":"For use as 60GHz CPE in Point -to-Multipoint setups for connections up to 800m with a 60GHz Base Stations, with Gigabit Ethernet port for speeds up to 1Gbps","_hardware_title":"LHG 60G","_fcc_id":["TV7LHGG60AD"]}	6
hw-lhg-kit-series	LHG kit-series	LTE products							lhg-kit-series		{"_hardware_title":"LHG kit-series","_non_default_ips":["192.168.188.1"]}	8
hw-lhg-lite60	LHG Lite60	60 GHz products	1						lhg-lite60	lhg_lite60	{"Product code":"RBLHG-60ad","Suggested price":"$99.00","Architecture":"MIPSBE","CPU":"QCA9531","CPU core count":"1","CPU nominal frequency":"650 MHz","Dimensions":"Ø 391 x 222 mm","RouterOS license":"3","Operating System":"RouterOS","Size of RAM":"64 MB","Storage size":"16 MB","Storage type":"FLASH","MTBF":"Approximately 100'000 hours at 25C","Tested ambient temperature":"-40°C to 50°C","Number of DC inputs":"1 (PoE-IN)","Max power consumption":"4 W","PoE in":"Passive PoE","Cooling type":"Passive","PoE in input Voltage":"12-30 V","10/100 Ethernet ports":"1","Certification":"CE, FCC, IC, EAC, ROHS","IP":"IP54","_www_title":"LHG Lite60","_www_tagline":"For use as 60GHz CPE in Point -to-Multipoint setups for connections up to 800m with wAP 60G AP, low cost version with 10/100Mbps Ethernet port","_hardware_title":"LHG Lite60","_fcc_id":["TV7LHG60AD"],"_ic":["7442A-LHG60AD"]}	4
hw-lhg-r	LHG R	LTE products	1						lhg-r	rblhgr	{"Product code":"RBLHGR","Suggested price":"$119.00","Architecture":"MIPSBE","CPU":"QCA9531","CPU core count":"1","CPU nominal frequency":"650 MHz","RouterOS license":"3","Operating System":"RouterOS","Size of RAM":"64 MB","Storage size":"16 MB","Storage type":"FLASH","MTBF":"Approximately 200'000 hours at 25C","Tested ambient temperature":"-40°C to 60°C","Number of DC inputs":"1 (PoE-IN)","Max power consumption":"6 W","PoE in":"802.3af/at","Cooling type":"Passive","PoE in input Voltage":"12-57 V","10/100 Ethernet ports":"1","Number of SIM slots":"1 Modem (Micro SIM)","MiniPCI-e slots":"1","Mode button":"Yes","Certification":"CE, EAC, ROHS","_www_title":"LHG R","_www_tagline":"High gain 21dBI LTE antenna for very remote areas, WITHOUT LTE modem","_hardware_title":"LHG R"}	3
hw-lhg-xl-2	LHG XL 2	Wireless systems	1						lhg-xl-2	lhg_xl_2	{"Product code":"RBLHG-2nD-XL","Suggested price":"$68.00","Architecture":"MIPSBE","CPU":"QCA9533","CPU core count":"1","CPU nominal frequency":"650 MHz","Dimensions":"Ø 550 x 245 mm","RouterOS license":"3","Operating System":"RouterOS","Size of RAM":"64 MB","Storage size":"16 MB","Storage type":"FLASH","MTBF":"Approximately 100'000 hours at 25C","Tested ambient temperature":"-40°C to 70°C","Number of DC inputs":"1 (PoE-IN)","Max power consumption":"5 W","PoE in":"Passive PoE","Cooling type":"Passive","PoE in input Voltage":"10-30 V","Wireless 2.4 GHz Max data rate":"300 Mbit/s","Wireless 2.4 GHz Number of chains":"2","Wireless 2.4 GHz standards":"802.11b/g/n","Antenna gain dBi for 2.4 GHz":"21","Wireless 2.4 GHz chip model":"QCA9533","Wireless 2.4 GHz generation":"Wi-Fi 4","10/100 Ethernet ports":"1","Certification":"CE, FCC, IC, EAC, ROHS","_www_title":"LHG XL 2","_www_tagline":"Dual chain 21dBi 2.4GHz CPE/Point-to-Point Integrated Antenna for longer distances","_hardware_title":"LHG XL 2","_fcc_id":["TV7LHG2ND"]}	6
hw-lhg-xl-52-ac	LHG XL 52 ac	Wireless systems	1						lhg-xl-52-ac	lhg_xl_52_ac	{"Product code":"RBLHGG-5HPacD2HPnD-XL","Suggested price":"$189.00","Architecture":"ARM 32bit","CPU":"IPQ-4018","CPU core count":"4","CPU nominal frequency":"716 MHz","CPU Threads count":"4","Switch chip model":"IPQ4018","Dimensions":"Ø 550 x 291 mm","RouterOS license":"3","Operating System":"RouterOS","Size of RAM":"256 MB","Storage size":"16 MB","Storage type":"FLASH","MTBF":"Approximately 200'000 hours at 25C","Tested ambient temperature":"-40°C to 70°C","Number of DC inputs":"1 (PoE-IN)","Max power consumption":"18 W","Max power consumption without attachments":"16 W","PoE in":"802.3af/at","Cooling type":"Passive","PoE in input Voltage":"12-57 V","Wireless 2.4 GHz Max data rate":"300 Mbit/s","Wireless 2.4 GHz Number of chains":"2","Wireless 2.4 GHz standards":"802.11b/g/n","Antenna gain dBi for 2.4 GHz":"18","Wireless 2.4 GHz chip model":"IPQ-4018","Wireless 2.4 GHz generation":"Wi-Fi 4","Wireless 5 GHz Max data rate":"867 Mbit/s","Wireless 5 GHz Number of chains":"2","Wireless 5 GHz standards":"802.11a/n/ac","Antenna gain dBi for 5 GHz":"27","Wireless 5 GHz chip model":"IPQ-4018","Wireless 5 GHz generation":"Wi-Fi 5","10/100/1000 Ethernet ports":"1","SFP ports":"1","PCB temperature monitor":"Yes","Voltage Monitor":"Yes","Mode button":"Yes","Certification":"CE, FCC, IC, EAC, ROHS","IP":"IP54","_www_title":"LHG XL 52 ac","_www_tagline":"Extremely powerful dual-band backbone / CPE for long-distance connection without downtime","_hardware_title":"LHG XL 52 ac","_fcc_id":["TV7LHG5HPACD2HPD"]}	4
hw-lhgg-lte6-kit	LHGG LTE6 kit	LTE products	1						lhgg-lte6-kit	lhgg_lte6_kit	{"Product code":"RBLHGGR&R11e-LTE6","Suggested price":"$219.00","Architecture":"ARM 64bit","CPU":"88F3720","CPU core count":"2","CPU nominal frequency":"800 MHz","CPU Threads count":"2","Dimensions":"391 x 391 x 237 mm","RouterOS license":"3","Operating System":"RouterOS","Size of RAM":"256 MB","Storage size":"16 MB","Storage type":"FLASH","MTBF":"Approximately 200'000 hours at 25C","Tested ambient temperature":"-30°C to 70°C","Number of DC inputs":"1 (PoE-IN)","Max power consumption":"8 W","Max power consumption without attachments":"8 W","PoE in":"802.3af/at","Cooling type":"Passive","PoE in input Voltage":"12-57 V","2G Category":"Class12","2G bands":"2 (1900MHz) 3 (1800MHz) 5 (850MHz) 8 (900MHz)","3G Category":"R7 (21Mbps Downlinks, 5.76Mbps Uplink) / R8 (42.2Mbps Downlink, 5.76Mbps Uplink)","3G bands":"1 (2100MHz) 2 (1900MHz) 5 (850MHz) 8 (900MHz)","LTE Category":"6 (300Mbit/s Downlink, 50Mbit/s Uplink)","LTE FDD bands":"1 (2100MHz) 2 (1900MHz) 3 (1800MHz) 5 (850MHz) 7 (2600MHz) 8 (900 MHz) 12 (700MHz) 17 (700MHz) 20 (800MHz) 25 (1900MHz) 26 (850MHz)","LTE TDD bands":"38 (2600MHz) 39 (1900MHz) 40 (2300MHz) 41n (2500MHz)","TAC":"35666210","10/100/1000 Ethernet ports":"1","Number of SIM slots":"1 Modem (Micro SIM)","MiniPCI-e slots":"1","Mode button":"Yes","Certification":"CE, EAC, ROHS","IP":"IP 54","_www_title":"LHGG LTE6 kit","_www_tagline":"LHGG LTE6 KIT – a great solution for great distances. With Gigabit Ethernet, an upgraded dual-core CPU, a powerful 17 dBi antenna, and a massive heat sink, you can trust the LHGG LTE6 kit to handle any challenge!","_hardware_title":"LHGG LTE6 kit","_non_default_ips":["192.168.188.1"]}	5
hw-ltap	LtAP	LTE products	1						ltap	ltap	{"Product code":"RBLtAP-2HnD","Suggested price":"$199.00","Architecture":"MMIPS","CPU":"MT7621A","CPU core count":"2","CPU nominal frequency":"880 MHz","CPU Threads count":"4","RouterOS license":"4","Operating System":"RouterOS","Size of RAM":"128 MB","Storage size":"16 MB","Storage type":"FLASH","MTBF":"Approximately 200'000 hours at 25C","Tested ambient temperature":"-40°C to 70°C","Number of DC inputs":"3 (DC jack, PoE-IN, Automotive)","DC jack input Voltage":"12-30 V","Automotive input Voltage":"12-27 V","Max power consumption":"24 W","Max power consumption without attachments":"9 W","PoE in":"Passive PoE","Cooling type":"Passive","PoE in input Voltage":"12-30 V","Wireless 2.4 GHz Max data rate":"300 Mbit/s","Wireless 2.4 GHz Number of chains":"2","Wireless 2.4 GHz standards":"802.11b/g/n","Antenna gain dBi for 2.4 GHz":"2.5","Wireless 2.4 GHz chip model":"AR9382","Wireless 2.4 GHz generation":"Wi-Fi 4","10/100/1000 Ethernet ports":"1","Number of SIM slots":"3 Modem (Mini SIM)","MiniPCI-e slots":"2","Serial console port":"RS232","Number of USB ports":"1","USB Power Reset":"Yes","USB slot type":"USB type A","Max USB current (A)":"1","PCB temperature monitor":"Yes","Voltage Monitor":"Yes","GNSS standards":"GPS","Certification":"CE, FCC, IC, E-MARK, EAC, ROHS","IP":"IP54","_www_title":"LtAP","_www_tagline":"A heavy-duty 2.4GHz access point with two miniPCI-e slots, three SIM slots and GNSS support (GPS, GLONASS, BeiDou, Galileo)","_hardware_title":"LtAP","_fcc_id":["TV7LTAP2HND"],"_ic":["7442A-LTAP2HND"]}	2
hw-ltap-kit-series	LtAP kit-series	LTE products							ltap-kit-series		{"_hardware_title":"LtAP kit-series"}	2
hw-ltap-lr8-lte-kit	LtAP LR8 LTE kit	IoT products	1						ltap-lr8-lte-kit	ltap_lr8_lte_kit	{"Product code":"RBLtAP-2HnD&R11e-LTE&LR8","Suggested price":"$339.00","Architecture":"MMIPS","CPU":"MT7621A","CPU core count":"2","CPU Threads count":"4","Dimensions":"170 x 162 x 40 mm","RouterOS license":"4","Operating System":"RouterOS","Size of RAM":"128 MB","Storage size":"16 MB","Storage type":"FLASH","MTBF":"Approximately 200'000 hours at 25C","Tested ambient temperature":"-40°C to 50°C","Number of DC inputs":"3 (DC jack, PoE-IN, Automotive)","DC jack input Voltage":"12-30 V","Automotive input Voltage":"12-27 V","Max power consumption":"24 W","Max power consumption without attachments":"9 W","PoE in":"Passive PoE","Cooling type":"Passive","PoE in input Voltage":"12-30 V","2G Category":"Class12","2G bands":"2 (1900MHz) 3 (1800MHz) 5 (850MHz) 8 (900MHz)","3G Category":"R7 (21Mbps Downlinks, 5.76Mbps Uplink)","3G bands":"1 (2100MHz) 2 (1900MHz) 5 (850MHz) 8 (900MHz)","LTE Category":"4 (150Mbps Downlink, 50Mbps Uplink)","LTE FDD bands":"1 (2100MHz) 2 (1900MHz) 3 (1800MHz) 7 (2600MHz) 8 (900 MHz) 20 (800MHz)","LTE TDD bands":"38 (2600MHz) 40 (2300MHz)","TAC":"35565409","Wireless 2.4 GHz Max data rate":"300 Mbit/s","Wireless 2.4 GHz Number of chains":"2","Wireless 2.4 GHz standards":"802.11b/g/n","Antenna gain dBi for 2.4 GHz":"2.5","Wireless 2.4 GHz chip model":"AR9382","Wireless 2.4 GHz generation":"Wi-Fi 4","10/100/1000 Ethernet ports":"1","Serial console port":"RS232","Number of USB ports":"1","USB Power Reset":"Yes","USB slot type":"USB type A","Max USB current (A)":"1","PCB temperature monitor":"Yes","Voltage Monitor":"Yes","GNSS standards":"GPS","Certification":"CE, EAC, ROHS","IP":"54","_www_title":"LtAP LR8 LTE kit","_www_tagline":"LtAP LR8 LTE - a compact all-in-one solution with LTE, GPS and\r\nwireless support for LoRa® in a rugged heavy-duty case","_hardware_title":"LtAP LR8 LTE kit"}	10
hw-ltap-lr8-lte6-kit	LtAP LR8 LTE6 kit	IoT products							ltap-lr8-lte6-kit		{"_hardware_title":"LtAP LR8 LTE6 kit"}	2
hw-ltap-lr8g-lte6-kit	LtAP LR8G LTE6 kit	IoT products	1						ltap-lr8g-lte6-kit	ltap_lr8g_lte6_kit	{"Product code":"LtAP-2HnD&FG621-EA&LR8G","Suggested price":"$249.00","Architecture":"MMIPS","CPU":"MT7621AT","CPU core count":"2","CPU nominal frequency":"880 MHz","CPU Threads count":"4","RouterOS license":"4","Operating System":"RouterOS v7","Size of RAM":"128 MB","Storage size":"16 MB","Storage type":"FLASH","MTBF":"Approximately 200'000 hours at 25C","Tested ambient temperature":"-40°C to 70°C","Number of DC inputs":"3 (DC jack, PoE-IN, Automotive)","DC jack input Voltage":"12-30 V","Automotive input Voltage":"12-27 V","Max power consumption":"24 W","Max power consumption without attachments":"12 W","PoE in":"Passive PoE","Cooling type":"Passive","PoE in input Voltage":"12-30 V","3G Category":"R8 (42.2Mbps Downlink, 11.2Mbps Uplink)","3G bands":"1 (2100MHz) 3 (1800MHz) 5 (850MHz) 8 (900MHz)","LTE Category":"6 (300Mbit/s Downlink, 50Mbit/s Uplink)","MIMO DL":"2x2","MIMO UL":"1x1","LTE FDD bands":"1 (2100MHz) 3 (1800MHz) 5 (850MHz) 7 (2600MHz) 8 (900 MHz) 20 (800MHz) 28 (700MHz)","LTE TDD bands":"38 (2600MHz) 40 (2300MHz) 41 (2500MHz)","TAC":"86335904","Wireless 2.4 GHz Max data rate":"300 Mbit/s","Wireless 2.4 GHz Number of chains":"2","Wireless 2.4 GHz standards":"802.11b/g/n","Antenna gain dBi for 2.4 GHz":"2.5","Wireless 2.4 GHz chip model":"AR9342","Wireless 2.4 GHz generation":"Wi-Fi 4","10/100/1000 Ethernet ports":"1","Number of SIM slots":"3 Modem (Mini SIM)","MiniPCI-e slots":"2","Serial console port":"RS232","Number of USB ports":"1","USB Power Reset":"Yes","USB slot type":"USB type A","Max USB current (A)":"1","PCB temperature monitor":"Yes","Voltage Monitor":"Yes","GNSS standards":"GPS","Certification":"CE, EAC, ROHS","IP":"X0","_www_title":"LtAP LR8G LTE6 kit","_www_tagline":"A rugged all-in-one device (LoRa®, 2.4 GHz Wireless, built-in GPS, fast Cat6 LTE mobile internet) with multiple powering options.","_hardware_title":"LtAP LR8G LTE6 kit"}	8
hw-mant-series	mANT-series	Antennas							mant-series		{"_hardware_title":"mANT-series"}	2
hw-mantbox-52-15s	mANTBox 52 15s	Wireless systems	1						mantbox-52-15s	mantbox_52_15s	{"Product code":"RBD22UGS-5HPacD2HnD-15S","Suggested price":"$179.00","Architecture":"ARM 32bit","CPU":"IPQ-4019","CPU core count":"4","CPU nominal frequency":"auto MHz","CPU Threads count":"4","Switch chip model":"IPQ-4019","Dimensions":"140 x 348 x 82 mm","RouterOS license":"4","Operating System":"RouterOS","Size of RAM":"256 MB","Storage size":"16 MB","Storage type":"FLASH","MTBF":"Approximately 200'000 hours at 25C","Tested ambient temperature":"-40°C to +70°C","Number of DC inputs":"2 (DC jack, PoE-IN)","DC jack input Voltage":"12-57 V","PoE in":"802.3af/at","Cooling type":"Passive","PoE in input Voltage":"12-57 V","Wireless 2.4 GHz Max data rate":"300 Mbit/s","Wireless 2.4 GHz Number of chains":"2","Wireless 2.4 GHz standards":"802.11b/g/n","Antenna gain dBi for 2.4 GHz":"12","Wireless 2.4 GHz chip model":"IPQ-4019","Wireless 2.4 GHz generation":"Wi-Fi 4","Wireless 5 GHz Max data rate":"867 Mbit/s","Wireless 5 GHz Number of chains":"2","Wireless 5 GHz standards":"802.11a/n/ac","Antenna gain dBi for 5 GHz":"15","Wireless 5 GHz chip model":"IPQ-4019","Wireless 5 GHz generation":"Wi-Fi 5","10/100/1000 Ethernet ports":"1","SFP ports":"1","Number of USB ports":"1","USB Power Reset":"Yes","USB slot type":"USB type A","Max USB current (A)":"1","PCB temperature monitor":"Yes","Voltage Monitor":"Yes","Certification":"CE, FCC, IC, EAC, ROHS","IP":"IP55","_www_title":"mANTBox 52 15s","_www_tagline":"A dual-band 2.4/5 GHz base station with a powerful built-in sector antenna, PoE support, Gigabit Ethernet and SFP. One powerful package for all your outdoor network needs,\r\nperfect for camps, stadiums and parks!","_hardware_title":"MANTBox 52 15s","_fcc_id":["TV7D2352AC"]}	4
hw-mqs	MQS	Accessories	1						mqs	mqs	{"Product code":"RBMQS","Suggested price":"$30.00","Frequency":"2.4 GHz 802.11b/g/n","Wi-Fi generation":"Wi-Fi 4","Number of DC inputs":"2 (PoE-IN, MicroUSB)","MicroUSB input Voltage":"5 V","Input voltage":"Passive PoE, 5 - 30 V","Max power consumption":"7 W","Max power consumption without attachments":"1 W","Tested ambient temperature":"-20°C .. +70°C","Output Voltage":"Passive PoE, 12 V 400 mA (when USB 5 V input is used)","_www_title":"MQS","_www_tagline":"Mobile Quick Setup - system administrator’s best friend","_hardware_title":"MQS","_fcc_id":["TV7MQS"]}	2
hw-mtp250-series	MTP250 series	Accessories							mtp250-series		{"_hardware_title":"MTP250 series"}	6
hw-netbox-5	NetBox 5	Wireless systems	1						netbox-5	RB911G-5HPacD-NB	{"Product code":"RB911G-5HPacD-NB","Suggested price":"$109.00","Architecture":"MIPSBE","CPU":"QCA9557","CPU core count":"1","CPU nominal frequency":"720 MHz","RouterOS license":"4","Operating System":"RouterOS","Size of RAM":"128 MB","Storage size":"128 MB","Storage type":"NAND","MTBF":"Approximately 200'000 hours at 25C","Tested ambient temperature":"-40°C to 70°C","Number of DC inputs":"1 (PoE-IN)","Max power consumption":"11.5 W","PoE in":"Passive PoE","Cooling type":"Passive","PoE in input Voltage":"8-28 V","Wireless 5 GHz Max data rate":"867 Mbit/s","Wireless 5 GHz Number of chains":"2","Wireless 5 GHz standards":"802.11a/n/ac","Wireless 5 GHz chip model":"QCA9882","Wireless 5 GHz generation":"Wi-Fi 5","10/100/1000 Ethernet ports":"1","PCB temperature monitor":"Yes","Voltage Monitor":"Yes","Beeper":"Yes","Certification":"CE, FCC, IC, EAC, ROHS","IP":"IP54","_www_title":"NetBox 5","_www_tagline":"802.11ac support for up to 540Mbits, waterproof enclosure, high output","_hardware_title":"NetBox 5","_fcc_id":["TV7LHG5NDM","TV7RB922-5HPACTM"]}	4
hw-nray-series	Wireless Wire nRAY	60 GHz products	1						nray-series	wireless_wire_nray	{"Product code":"nRAYG-60adpair","Suggested price":"$298.00","Architecture":"ARM 64bit","CPU":"88F3720","CPU core count":"2","CPU nominal frequency":"1 GHz","CPU Threads count":"2","Dimensions":"261 x 166 mm","RouterOS license":"3","Operating System":"RouterOS","Size of RAM":"256 MB","Storage size":"16 MB","Storage type":"FLASH","MTBF":"Approximately 200'000 hours at 25C","Tested ambient temperature":"-30°C to 70°C","Number of DC inputs":"1 (PoE-IN)","Max power consumption":"7 W","PoE in":"802.3af/at","Cooling type":"Passive","PoE in input Voltage":"12-57 V","10/100/1000 Ethernet ports":"1","Certification":"CE, FCC, IC, EAC, ROHS","IP":"55","_www_title":"Wireless Wire nRAY","_www_tagline":"The most compact wireless 2 Gb/s aggregate link in the 1500 m range or more!\r\nImproved snow-resistant design is perfect for harsh weather environments.\r\nCables can no longer limit you!","_hardware_title":"nRAY series"}	6
hw-powerbox	PowerBox	Ethernet routers	1						powerbox	RB750P-PBr2	{"Product code":"RB750P-PBr2","Suggested price":"$69.00","Architecture":"MIPSBE","CPU":"QCA9533","CPU core count":"1","CPU nominal frequency":"650 MHz","Switch chip model":"QCA9533","Dimensions":"125x178x48mm","RouterOS license":"4","Operating System":"RouterOS","Size of RAM":"64 MB","Storage size":"16 MB","Storage type":"FLASH","MTBF":"Approximately 100'000 hours at 25C","Tested ambient temperature":"-40°C to 70°C","Number of DC inputs":"2 (DC jack, PoE-IN)","DC jack input Voltage":"8-30 V","Max power consumption":"50 W","Max power consumption without attachments":"2 W","PoE in":"Passive PoE","Cooling type":"Passive","PoE in input Voltage":"8-30 V","PoE-out ports":"Ether2-Ether5","PoE out":"Passive PoE","Low voltage PoE-Out current limit":"1 A","Max total out (A)":"2 A","10/100 Ethernet ports":"5","Current Monitor":"Yes","PCB temperature monitor":"Yes","Voltage Monitor":"Yes","Certification":"CE, EAC, ROHS","IP":"20","_www_title":"PowerBox","_www_tagline":"650MHz CPU, 64MB RAM, 5xEthernet with PoE output for four ports, RouterOS L4, outdoor case, PSU","_hardware_title":"PowerBox"}	3
hw-pwr-line	PWR-LINE	Data over Powerlines							pwr-line		{"_hardware_title":"PWR-LINE"}	2
hw-pwr-line-ap	PWR-LINE AP	Data over Powerlines							pwr-line-ap		{"_hardware_title":"PWR-LINE AP"}	2
hw-pwr-line-pro	PWR-LINE PRO	Data over Powerlines	1						pwr-line-pro	pl7510gi	{"Product code":"PL7510Gi","Suggested price":"$59.00","AC input range":"100-240","Tested ambient temperature":"-40°C to 60°C","PLC chipset":"QCA7550","PoE out":"Passive PoE","Low voltage PoE-Out current limit":"350 mA","Max total out (A)":"350 mA","Max power consumption":"14 W","Max power consumption without attachments":"5 W","10/100/1000 Ethernet ports":"1","_www_title":"PWR-LINE PRO","_www_tagline":"Next level product for even faster power-line connection without long LAN cables","_hardware_title":"PWR-LINE PRO"}	3
hw-qrt-2	QRT 2	Wireless systems	1						qrt-2	RBQRTG-2SHPnDr2	{"Product code":"RBQRTG-2SHPnD","Suggested price":"$149.00","Architecture":"MIPSBE","CPU":"AR9342","CPU core count":"1","CPU nominal frequency":"600 MHz","Dimensions":"309x230x50mm","RouterOS license":"4","Operating System":"RouterOS","Size of RAM":"64 MB","Storage size":"16 MB","Storage type":"FLASH","MTBF":"Approximately 200'000 hours at 25C","Tested ambient temperature":"-40°C to 70°C","Number of DC inputs":"1 (PoE-IN)","Max power consumption":"11 W","PoE in":"Passive PoE","Cooling type":"Passive","PoE in input Voltage":"13-30 V","Wireless 2.4 GHz Max data rate":"300 Mbit/s","Wireless 2.4 GHz Number of chains":"2","Wireless 2.4 GHz standards":"802.11b/g/n","Antenna gain dBi for 2.4 GHz":"17","Wireless 2.4 GHz chip model":"AR9342","Wireless 2.4 GHz generation":"Wi-Fi 4","10/100/1000 Ethernet ports":"1","PCB temperature monitor":"Yes","Voltage Monitor":"Yes","Beeper":"Yes","Certification":"CE, FCC, IC, EAC, ROHS","_www_title":"QRT 2","_www_tagline":"2.4Ghz AP/Backbone/CPE, dual-chain, Gigabit Ethernet","_hardware_title":"QRT 2"}	6
hw-qrt-5-ac	QRT 5 ac	Wireless systems	1						qrt-5-ac	RB911G-5HPacD-QRT	{"Product code":"RB911G-5HPacD-QRT","Suggested price":"$199.00","Architecture":"MIPSBE","CPU":"QCA9557","CPU core count":"1","CPU nominal frequency":"720 MHz","Dimensions":"309x320x50mm","RouterOS license":"4","Operating System":"RouterOS","Size of RAM":"128 MB","Storage size":"128 MB","Storage type":"NAND","MTBF":"Approximately 200'000 hours at 25C","Tested ambient temperature":"-40°C to 70°C","Number of DC inputs":"1 (PoE-IN)","Max power consumption":"10.5 W","PoE in":"Passive PoE","Cooling type":"Passive","PoE in input Voltage":"8-30 V","Wireless 5 GHz Max data rate":"867 Mbit/s","Wireless 5 GHz Number of chains":"2","Wireless 5 GHz standards":"802.11a/n/ac","Antenna gain dBi for 5 GHz":"24","Wireless 5 GHz chip model":"QCA9892","Wireless 5 GHz generation":"Wi-Fi 5","10/100/1000 Ethernet ports":"1","PCB temperature monitor":"Yes","Voltage Monitor":"Yes","Beeper":"Yes","Certification":"CE, FCC, IC, EAC, ROHS","_www_title":"QRT 5 ac","_www_tagline":"Dual chain 5GHz 802.11a/n/ac QCA9882, 128 MB RAM, 720 MHz CPU, 24 dBi antenna gain","_hardware_title":"QRT 5 ac"}	6
hw-r11e-lr8	R11e-LR8	IoT products							r11e-lr8		{"_hardware_title":"R11e-LR8"}	2
hw-r11e-lr8g	R11e-LR8G	IoT products							r11e-lr8g		{"_hardware_title":"R11e-LR8G"}	0
hw-r11e-lr9	R11e-LR9	IoT products	1						r11e-lr9	r11e_lr9	{"Product code":"R11e-LR9","Suggested price":"$89.00","MTBF":"Approximately 100'000 hours at 25C","Tested ambient temperature":"-40°C to 60°C","Max power consumption":"2 W","Certification":"FCC, IC","_www_title":"R11e-LR9","_www_tagline":"Concentrator gateway card for LoRa® technology  in mini PCIe form factor for 902-928 MHz","_hardware_title":"R11e-LR9"}	3
hw-r11e-lr9g	R11e-LR9G	IoT products							r11e-lr9g		{"_hardware_title":"R11e-LR9G"}	0
hw-r11e-series	R11e series	LTE products							r11e-series		{"_hardware_title":"R11e series","_fcc_id":["TV7R11E4G","TV7R11ELTE","TV7R11ELTE6"],"_ic":["7442A-R11E4G","7442A-R11ELTE","7442A-R11ELTE6"]}	4
hw-rb2011il-in	RB2011iL-IN	Ethernet routers	1						rb2011il-in	RB2011iL-IN	{"Product code":"RB2011iL-IN","Suggested price":"$99.00","Architecture":"MIPSBE","CPU":"AR9344","CPU core count":"1","CPU nominal frequency":"600 MHz","Switch chip model":"AR8327-BL1A-R","Dimensions":"230x90x25mm","RouterOS license":"4","Operating System":"RouterOS","Size of RAM":"64 MB","Storage size":"128 MB","Storage type":"NAND","MTBF":"Approximately 100'000 hours at 25C","Tested ambient temperature":"-35C to +65C","Number of DC inputs":"2 (DC jack, PoE-IN)","DC jack input Voltage":"8-30 V","Max power consumption":"18 W","Max power consumption without attachments":"6 W","PoE in":"Passive PoE","PoE in input Voltage":"8-30 V","PoE-out ports":"Ether10","PoE out":"Passive PoE","Low voltage PoE-Out current limit":"500 mA","Max total out (A)":"500 mA","10/100 Ethernet ports":"5","10/100/1000 Ethernet ports":"5","Beeper":"Yes","_www_title":"RB2011iL-IN","_www_tagline":"Desktop metal case,\r\n5xEthernet, 5xGigabit Ethernet,\r\nPoE out on port 10,\r\n600MHz CPU, 64MB RAM,\r\nRouterOS L4","_hardware_title":"RB2011iL-IN"}	2
hw-rb2011il-rm	RB2011iL-RM	Ethernet routers	1						rb2011il-rm	RB2011iL-RM	{"Product code":"RB2011iL-RM","Suggested price":"$99.00","Architecture":"MIPSBE","CPU":"AR9344","CPU core count":"1","CPU nominal frequency":"600 MHz","Switch chip model":"AR8327-BL1A-R","Dimensions":"443 x 92 x 44 mm","RouterOS license":"4","Operating System":"RouterOS","Size of RAM":"64 MB","Storage size":"128 MB","Storage type":"NAND","MTBF":"Approximately 100'000 hours at 25C","Tested ambient temperature":"-40°C to 60°C","Number of DC inputs":"2 (DC jack, PoE-IN)","DC jack input Voltage":"8-30 V","Max power consumption":"18 W","Max power consumption without attachments":"6 W","PoE in":"Passive PoE","Cooling type":"Passive","PoE in input Voltage":"8-30 V","PoE-out ports":"Ether10","PoE out":"Passive PoE","Low voltage PoE-Out current limit":"510 mA","Max total out (A)":"510 mA","10/100 Ethernet ports":"5","10/100/1000 Ethernet ports":"5","Beeper":"Yes","Certification":"CE, EAC, ROHS","IP":"IP20","_www_title":"RB2011iL-RM","_www_tagline":"1U rackmount,\r\n5xEthernet, 5xGigabit Ethernet,\r\nPoE out on port 10,\r\n600MHz CPU, 64MB RAM,\r\nRouterOS L4","_hardware_title":"RB2011iL-RM"}	2
hw-rb2011ils-in	RB2011iLS-IN	Ethernet routers	1						rb2011ils-in	RB2011iLS-IN	{"Product code":"RB2011iLS-IN","Suggested price":"$109.00","Architecture":"MIPSBE","CPU":"AR9344","CPU core count":"1","CPU nominal frequency":"600 MHz","Switch chip model":"AR8327-BL1A-R","Dimensions":"230x90x25mm","RouterOS license":"4","Operating System":"RouterOS","Size of RAM":"64 MB","Storage size":"128 MB","Storage type":"NAND","MTBF":"Approximately 200'000 hours at 25C","Tested ambient temperature":"-35C to +65C","Number of DC inputs":"2 (DC jack, PoE-IN)","DC jack input Voltage":"8-30 V","Max power consumption":"18 W","Max power consumption without attachments":"6 W","PoE in":"Passive PoE","PoE in input Voltage":"8-30 V","PoE-out ports":"Ether10","PoE out":"Passive PoE","Low voltage PoE-Out current limit":"510 mA","Max total out (A)":"510 mA","10/100 Ethernet ports":"5","10/100/1000 Ethernet ports":"5","SFP DDMI":"Yes","SFP ports":"1","Beeper":"Yes","_www_title":"RB2011iLS-IN","_www_tagline":"Desktop metal case,\r\n5xEthernet, 5xGigabit Ethernet, SFP cage,\r\nPoE out on port 10,\r\n600MHz CPU, 64MB RAM,\r\nRouterOS L4","_hardware_title":"RB2011iLS-IN"}	2
hw-rb2011uias-2hnd-in	RB2011UiAS-2HnD-IN	Indoor wireless	1						rb2011uias-2hnd-in	RB2011UiAS-2HnD-IN	{"Product code":"RB2011UiAS-2HnD-IN","Suggested price":"$129.00","Architecture":"MIPSBE","CPU":"AR9344","CPU core count":"1","CPU nominal frequency":"600 MHz","Switch chip model":"AR8327","Dimensions":"214mm x 86mm for PCB","RouterOS license":"5","Operating System":"RouterOS","Size of RAM":"128 MB","Storage size":"128 MB","Storage type":"NAND","MTBF":"Approximately 200'000 hours at 25C","Tested ambient temperature":"-40°C to 60°C","Wireless 2.4 GHz Max data rate":"300 Mbit/s","Wireless 2.4 GHz Number of chains":"2","Wireless 2.4 GHz standards":"802.11b/g/n","Antenna gain dBi for 2.4 GHz":"4","Wireless 2.4 GHz chip model":"AR9344","Wireless 2.4 GHz generation":"Wi-Fi 4","10/100 Ethernet ports":"5","10/100/1000 Ethernet ports":"5","SFP DDMI":"Yes","SFP ports":"1","Serial console port":"RJ45","Number of USB ports":"1","USB Power Reset":"Yes","USB slot type":"USB type A","Max USB current (A)":"1","Number of DC inputs":"2 (DC jack, PoE-IN)","DC jack input Voltage":"8-30 V","Max power consumption":"11 W","PoE in":"Passive PoE","Cooling type":"Passive","PoE in input Voltage":"8-30 V","PoE-out ports":"Ether10","PoE out":"Passive PoE","Low voltage PoE-Out current limit":"510 mA","Max total out (A)":"510 mA","Certification":"CE, FCC, IC, EAC, ROHS","IP":"IP20","PCB temperature monitor":"Yes","Voltage Monitor":"Yes","Beeper":"Yes","_www_title":"RB2011UiAS-2HnD-IN","_www_tagline":"2.4GHz AP, 5x Ethernet, 5x Gigabit Ethernet, SFP cage, USB, LCD, PoE output on Eth10, 600MHz CPU, 128MB RAM","_hardware_title":"RB2011UiAS-2HnD-IN"}	4
hw-rb2011uias-in	RB2011UiAS-IN	Ethernet routers	1						rb2011uias-in	RB2011UiAS-IN	{"Product code":"RB2011UiAS-IN","Suggested price":"$119.00","Architecture":"MIPSBE","CPU":"AR9344","CPU core count":"1","CPU nominal frequency":"600 MHz","Switch chip model":"AR8327","Dimensions":"214mm x 86mm for PCB","RouterOS license":"5","Operating System":"RouterOS","Size of RAM":"128 MB","Storage size":"128 MB","Storage type":"NAND","MTBF":"Approximately 200'000 hours at 25C","Tested ambient temperature":"-40°C to 60°C","Number of DC inputs":"2 (DC jack, PoE-IN)","DC jack input Voltage":"8-30 V","Max power consumption":"6 W","PoE in":"Passive PoE","Cooling type":"Passive","PoE in input Voltage":"8-30 V","PoE-out ports":"Ether10","PoE out":"Passive PoE","Low voltage PoE-Out current limit":"510 mA","Max total out (A)":"510 mA","10/100 Ethernet ports":"5","10/100/1000 Ethernet ports":"5","SFP DDMI":"Yes","SFP ports":"1","Serial console port":"RJ45","Number of USB ports":"1","USB Power Reset":"Yes","USB slot type":"USB type A","Max USB current (A)":"2","PCB temperature monitor":"Yes","Voltage Monitor":"Yes","Beeper":"Yes","Certification":"CE, EAC, ROHS","IP":"IP20","_www_title":"RB2011UiAS-IN","_www_tagline":"Desktop metal case,\r\n5xEthernet, 5xGigabit Ethernet, USB, LCD,\r\nPoE out on port 10,\r\n600MHz CPU, 128MB RAM,\r\nRouterOS L5","_hardware_title":"RB2011UiAS-IN"}	4
hw-rb2011uias-rm	RB2011UiAS-RM	Ethernet routers	1						rb2011uias-rm	RB2011UiAS-RM	{"Product code":"RB2011UiAS-RM","Suggested price":"$119.00","Architecture":"MIPSBE","CPU":"AR9344","CPU core count":"1","CPU nominal frequency":"600 MHz","Switch chip model":"AR8327","Dimensions":"443 x 92 x 44 mm","RouterOS license":"5","Operating System":"RouterOS","Size of RAM":"128 MB","Storage size":"128 MB","Storage type":"NAND","MTBF":"Approximately 200'000 hours at 25C","Tested ambient temperature":"-40°C to 60°C","Number of DC inputs":"2 (DC jack, PoE-IN)","DC jack input Voltage":"8-30 V","Max power consumption":"28 W","Max power consumption without attachments":"6 W","PoE in":"Passive PoE","Cooling type":"Passive","PoE in input Voltage":"8-30 V","PoE-out ports":"Ether10","PoE out":"Passive PoE","Low voltage PoE-Out current limit":"510 mA","Max total out (A)":"510 mA","10/100 Ethernet ports":"5","10/100/1000 Ethernet ports":"5","SFP DDMI":"Yes","SFP ports":"1","Serial console port":"RJ45","Number of USB ports":"1","USB Power Reset":"Yes","USB slot type":"USB type A","Max USB current (A)":"2","PCB temperature monitor":"Yes","Voltage Monitor":"Yes","Beeper":"Yes","Certification":"CE, EAC, ROHS","IP":"IP20","_www_title":"RB2011UiAS-RM","_www_tagline":"1U rackmount,\r\n5xEthernet, 5xGigabit Ethernet, USB, LCD,\r\nPoE out on port 10,\r\n600MHz CPU, 128MB RAM,\r\nRouterOS L5","_hardware_title":"RB2011UiAS-RM"}	4
hw-rb3011uias-rm	RB3011UiAS-RM	Ethernet routers	1						rb3011uias-rm	RB3011UiAS-RM	{"Product code":"RB3011UiAS-RM","Suggested price":"$179.00","Architecture":"ARM 32bit","CPU":"IPQ-8064","CPU core count":"2","CPU nominal frequency":"1.4 GHz","CPU Threads count":"2","Switch chip model":"QCA8337","Dimensions":"443 x 92 x 44 mm","RouterOS license":"5","Operating System":"RouterOS v7","Size of RAM":"1 GB","Storage size":"128 MB","Storage type":"NAND","MTBF":"Approximately 200'000 hours at 25C","Tested ambient temperature":"-20°C to 70°C","Number of DC inputs":"2 (DC jack, PoE-IN)","DC jack input Voltage":"10-30 V","Max power consumption":"30 W","Max power consumption without attachments":"10 W","PoE in":"Passive PoE","Cooling type":"Passive","PoE in input Voltage":"10-30 V","PoE-out ports":"Ether10","PoE out":"Passive PoE","Low voltage PoE-Out current limit":"600 mA","Max total out (A)":"600 mA","10/100/1000 Ethernet ports":"10","SFP ports":"1","Serial console port":"RJ45","Number of USB ports":"1","USB Power Reset":"Yes","USB slot type":"USB 3.0 type A","Max USB current (A)":"1","PCB temperature monitor":"Yes","Voltage Monitor":"Yes","Beeper":"Yes","Certification":"CE, EAC, ROHS","IP":"IP20","_www_title":"RB3011UiAS-RM","_www_tagline":"1U rackmount, 10xGigabit Ethernet, SFP, USB 3.0, LCD,\r\nPoE out on port 10, 2x1.4GHz CPU, 1GB RAM,\r\nRouterOS L5","_hardware_title":"RB3011UiAS-RM"}	2
hw-rbftc11	RBFTC11	Accessories	0						rbftc11	RBFTC11	{"Product code":"RBFTC11","Suggested price":"$39.00","Switch chip model":"QCA8334-AL3C","Input voltage":"12-57V","Storage size":"1 KB","Storage type":"FLASH","MTBF":"Approximately 100'000 hours at 25C","Max power consumption":"3 W","PoE in":"802.3af/at","Cooling type":"Passive","10/100/1000 Ethernet ports":"1","SFP ports":"1","Certification":"CE, EAC, ROHS","_www_title":"RBFTC11","_www_tagline":"Fiber to Copper converter, Outdoor case, 12-57V PoE with 802.3af/at support","_hardware_title":"RBFTC11"}	1
hw-rbm11g	RBM11G	RouterBOARD	1						rbm11g	m11g	{"Product code":"RBM11G","Suggested price":"$49.00","Architecture":"MMIPS","CPU":"MT7621A","CPU core count":"2","CPU nominal frequency":"880 MHz","CPU Threads count":"4","Dimensions":"105 x 110 mm","RouterOS license":"4","Operating System":"RouterOS","Size of RAM":"256 MB","Storage size":"16 MB","Storage type":"FLASH","MTBF":"Approximately 100'000 hours at 25C","Tested ambient temperature":"-40°C to 70°C","Number of DC inputs":"2 (DC jack, PoE-IN)","DC jack input Voltage":"10-30 V","Max power consumption":"11 W","PoE in":"Passive PoE","Cooling type":"Passive","PoE in input Voltage":"10-30 V","10/100/1000 Ethernet ports":"1","Number of SIM slots":"1 Modem (Mini SIM)","MiniPCI-e slots":"1","Certification":"CE, EAC, ROHS","_www_title":"RBM11G","_www_tagline":"Small size powerful OEM board with one Gigabit LAN and one miniPCIe slot","_hardware_title":"RBM11G"}	2
hw-s-3553lc20d	S-3553LC20D	Interfaces	0						s-3553lc20d	S-3553LC20D	{"Product code":"S-3553LC20D","Suggested price":"$79.00","Connector":"Single LC UPC","Data Rate":"1.25G","Distance":"20km","Format":"SFP","Mode":"SM","Tested ambient temperature":"-40 to +70C","Wavelength":"1310nm / 1550nm","_www_title":"S-3553LC20D","_www_tagline":"Two SFP (1.25G) module kit,\r\n20Km, single mode","_hardware_title":"S-3553LC20D"}	2
hw-sextant-g	SEXTANT G	Wireless systems	1						sextant-g	RBSEXTANTG-5HPnD	{"Product code":"RBSEXTANTG-5HPnD","Suggested price":"$110.00","Architecture":"MIPSBE","CPU":"AR9342","CPU core count":"1","CPU nominal frequency":"600 MHz","Dimensions":"Ø250mm, height 90mm, 830g","RouterOS license":"3","Operating System":"RouterOS","Size of RAM":"64 MB","Storage size":"64 MB","Storage type":"NAND","MTBF":"Approximately 200'000 hours at 25C","Tested ambient temperature":"-40°C to 70°C","Number of DC inputs":"1 (PoE-IN)","Max power consumption":"13.8 W","PoE in":"Passive PoE","Cooling type":"Passive","PoE in input Voltage":"10-28 V","Wireless 5 GHz Max data rate":"300 Mbit/s","Wireless 5 GHz Number of chains":"2","Wireless 5 GHz standards":"802.11a/n","Antenna gain dBi for 5 GHz":"18","Wireless 5 GHz chip model":"AR9342","Wireless 5 GHz generation":"Wi-Fi 4","10/100/1000 Ethernet ports":"1","Beeper":"Yes","Certification":"CE, FCC, IC, EAC, ROHS","_www_title":"SEXTANT G","_www_tagline":"18dBi integrated CPE/Backbone,\r\nGigabit Ethernet","_hardware_title":"SEXTANT G"}	4
hw-sxt-2	SXT 2	Wireless systems	1						sxt-2	RBSXTG-2HnDr2-168	{"Product code":"RBSXTG-2HnD","Suggested price":"$79.00","Architecture":"MIPSBE","CPU":"AR9344","CPU core count":"1","CPU nominal frequency":"600 MHz","Dimensions":"140x140x56mm","RouterOS license":"4","Operating System":"RouterOS","Size of RAM":"64 MB","Storage size":"16 MB","Storage type":"FLASH","MTBF":"Approximately 100'000 hours at 25C","Tested ambient temperature":"-40°C to 70°C","Number of DC inputs":"1 (PoE-IN)","Max power consumption":"11 W","PoE in":"Passive PoE","Cooling type":"Passive","PoE in input Voltage":"8-30 V","Wireless 2.4 GHz Max data rate":"300 Mbit/s","Wireless 2.4 GHz Number of chains":"2","Wireless 2.4 GHz standards":"802.11b/g/n","Antenna gain dBi for 2.4 GHz":"10","Wireless 2.4 GHz chip model":"AR9344","Wireless 2.4 GHz generation":"Wi-Fi 4","10/100/1000 Ethernet ports":"1","PCB temperature monitor":"Yes","Voltage Monitor":"Yes","Beeper":"Yes","Certification":"CE, FCC, EAC, ROHS","IP":"IP54","_www_title":"SXT 2","_www_tagline":"10dbi 60 degree \r\nintegrated AP/Backbone/CPE,\r\ndual chain,\r\nGigabit Ethernet","_hardware_title":"SXT 2"}	8
hw-sxt-6	SXT 6	Wireless systems	1						sxt-6	rbsxtg_6hpnd	{"Product code":"RBSXTG-6HPnD","Suggested price":"$99.00","Architecture":"MIPSBE","CPU":"AR9344","CPU core count":"1","CPU nominal frequency":"600 MHz","Dimensions":"140x140x56mm","RouterOS license":"4","Operating System":"RouterOS","Size of RAM":"64 MB","Storage size":"16 MB","Storage type":"FLASH","MTBF":"Approximately 100'000 hours at 25C","Tested ambient temperature":"-40°C to 70°C","Number of DC inputs":"1 (PoE-IN)","Max power consumption":"14 W","PoE in":"Passive PoE","Cooling type":"Passive","PoE in input Voltage":"7-30 V","Wireless 6 GHz Max data rate":"300 Mbit/s","Wireless 6 GHz Number of chains":"2","Wireless 6 GHz standards":"802.11a/n","Antenna gain dBi for 6 GHz":"16","Wireless 6 GHz chip model":"AR9344","Wireless 6 GHz generation":"Wi-Fi 4","10/100/1000 Ethernet ports":"1","Number of USB ports":"1","USB Power Reset":"Yes","USB slot type":"USB type A","Max USB current (A)":"1","PCB temperature monitor":"Yes","Voltage Monitor":"Yes","Beeper":"Yes","Certification":"EAC","_www_title":"SXT 6","_www_tagline":"Dual chain 16dBi 26 degree 5.9-6.4GHz Integrated antenna for licensed band","_hardware_title":"SXT 6"}	5
hw-sxt-kit-series	SXT kit-series	LTE products							sxt-kit-series		{"_hardware_title":"SXT kit-series","_non_default_ips":["192.168.188.1"]}	6
hw-tg-bt5-in	TG-BT5-IN	IoT products	0						tg-bt5-in	tg_bt5_in	{"Product code":"TG-BT5-IN","Suggested price":"$10.00","Storage size":"352 KB","Storage type":"FLASH","MTBF":"Approximately 100'000 hours at 25C","Bluetooth version":"5.2","Certification":"CE, FCC, IC, EAC, ROHS","IP":"54","_www_title":"TG-BT5-IN","_www_tagline":"Indoor Bluetooth tags for the MikroTik KNOT or other IoT asset-tracking/telemetry setups.","_hardware_title":"TG-BT5-IN","_fcc_id":["TV7-TB5I"]}	3
hw-tg-bt5-out	TG-BT5-OUT	IoT products	0						tg-bt5-out	tg_bt5_out	{"Product code":"TG-BT5-OUT","Suggested price":"$18.00","Storage size":"512 KB","Storage type":"FLASH","MTBF":"Approximately 100'000 hours at 25C","Bluetooth version":"5.2","Certification":"CE, FCC, IC, EAC, ROHS","IP":"69K","_www_title":"TG-BT5-OUT","_www_tagline":"An outdoor heavy-duty Bluetooth tag for the MikroTik KNOT or other IoT asset-tracking/telemetry setups. Built-in temperature sensors and accelerometer. Cast in industrial grade molds for maximum protection.","_hardware_title":"TG-BT5-OUT","_fcc_id":["TV7-TB5O"]}	3
hw-tg-lr82	TG-LR82	IoT products	0						tg-lr82	tg_lr82	{"Product code":"TG-LR82","Suggested price":"$29.00","MTBF":"Approximately 100'000 hours at 25C","Tested ambient temperature":"-10°C to 70°C","Certification":"CE, EAC, ROHS","IP":"67","_www_title":"TG-LR82","_www_tagline":"A configurable LoRaWAN sensor tag: a flexible and cost-effective tool to gather data and make informed operational decisions. Monitor temperature, humidity, motion and events with a configurable LoRaWAN sensor tag designed for demanding IoT deployments.","_hardware_title":"TG-LR82"}	3
hw-tg-lr92	TG-LR92	IoT products	0						tg-lr92	tg_lr92	{"Product code":"TG-LR92","Suggested price":"$29.00","MTBF":"Approximately 100'000 hours at 25C","Tested ambient temperature":"-10°C to 70°C","Certification":"FCC, IC","IP":"67","_www_title":"TG-LR92","_www_tagline":"A configurable LoRaWAN sensor tag: a flexible and cost-effective tool to gather data and make informed operational decisions. Monitor temperature, humidity, motion and events with a configurable LoRaWAN sensor tag designed for demanding IoT deployments. This is the 902-928Mhz version, look for TG-LR82 if you need the 863-870Mhz spectrum!","_hardware_title":"TG-LR92","_fcc_id":["TV7-TGLR92"]}	3
hw-up1302c-12	UP1302C-12	Accessories	0						up1302c-12	up1302c_12	{"Product code":"UP1302C-12","Suggested price":"$59.00","MTBF":"Approximately 100'000 hours at 25C","_www_title":"UP1302C-12","_www_tagline":"12V 10.8A internal power supply for CCR1036 series","_hardware_title":"UP1302C-12"}	3
hw-wap-60g-series	wAP 60G series	60 GHz products							wap-60g-series		{"_hardware_title":"wAP 60G series","_fcc_id":["TV7WAPG60AD","TV7WAPG60ADM"]}	12
hw-wap-ac	wAP ac	Indoor wireless	1						wap-ac	wap_ac	{"Product code":"RBwAPG-5HacD2HnD","Suggested price":"$89.00","Architecture":"ARM 32bit","CPU":"IPQ-4018","CPU core count":"4","CPU nominal frequency":"488-896 (auto) MHz","CPU Threads count":"4","Switch chip model":"IPQ-4018","Dimensions":"185 x 85 x 30 mm","RouterOS license":"4","Operating System":"RouterOS","Size of RAM":"128 MB","Storage size":"16 MB","Storage type":"FLASH","MTBF":"Approximately 100'000 hours at 25C","Tested ambient temperature":"-40°C to 70°C","Wireless 2.4 GHz Max data rate":"300 Mbit/s","Wireless 2.4 GHz Number of chains":"2","Wireless 2.4 GHz standards":"802.11b/g/n","Antenna gain dBi for 2.4 GHz":"2.5","Wireless 2.4 GHz chip model":"IPQ-4018","Wireless 2.4 GHz generation":"Wi-Fi 4","Wireless 5 GHz Max data rate":"867 Mbit/s","Wireless 5 GHz Number of chains":"2","Wireless 5 GHz standards":"802.11a/n/ac","Antenna gain dBi for 5 GHz":"2.5","Wireless 5 GHz chip model":"IPQ-4018","Wireless 5 GHz generation":"Wi-Fi 5","WiFi speed":"AC1200","10/100/1000 Ethernet ports":"2","Number of DC inputs":"2 (DC jack, PoE-IN)","DC jack input Voltage":"10-57 V","Max power consumption":"10 W","Max power consumption without attachments":"10 W","PoE in":"802.3af/at","Cooling type":"Passive","PoE in input Voltage":"18-57 V","Certification":"CE, FCC, IC, EAC, ROHS","IP":"IP54","PCB temperature monitor":"Yes","Voltage Monitor":"Yes","_www_title":"wAP ac","_www_tagline":"wAP ac – a small dual-band weatherproof wireless access point for mounting on a pole, wall, or the ceiling. The new revision features 2x Gigabit Ethernet ports, enhanced wireless antenna performance, more RAM, and a powerful quad-core CPU!","_hardware_title":"wAP ac","_fcc_id":["TV7WAPGR5AC2D"]}	9
hw-wap-ac-kit-series	wAP ac kit-series	LTE products							wap-ac-kit-series		{"_hardware_title":"wAP ac kit-series","_fcc_id":["TV7WAPGR5AC2D"],"_ic":["7442A-WAPGR5AC2D"]}	7
hw-wap-kit-series	wAP kit-series	LTE products							wap-kit-series		{"_hardware_title":"wAP kit-series","_fcc_id":["TV7WAPR2ND"],"_ic":["7442A-WAPR2ND"]}	3
hw-wap-lr9-kit	wAP LR9 kit	IoT products	1						wap-lr9-kit	wap_lr9_kit	{"Product code":"RBwAPR-2nD&R11e-LR9","Suggested price":"$169.00","Architecture":"MIPSBE","CPU":"QCA9531","CPU core count":"1","CPU nominal frequency":"650 MHz","RouterOS license":"4","Operating System":"RouterOS","Size of RAM":"64 MB","Storage size":"16 MB","Storage type":"FLASH","MTBF":"Approximately 100'000 hours at 25C","Tested ambient temperature":"-40°C to 60°C","Number of DC inputs":"3 (DC jack, PoE-IN, Automotive)","DC jack input Voltage":"9-30 V","Automotive input Voltage":"9-30 V","Max power consumption":"7 W","PoE in":"Passive PoE","Cooling type":"Passive","PoE in input Voltage":"9-30 V","Wireless 2.4 GHz Max data rate":"300 Mbit/s","Wireless 2.4 GHz Number of chains":"2","Wireless 2.4 GHz standards":"802.11b/g/n","Antenna gain dBi for 2.4 GHz":"2","Wireless 2.4 GHz chip model":"QCA9531","Wireless 2.4 GHz generation":"Wi-Fi 4","10/100 Ethernet ports":"1","Number of SIM slots":"1 Modem (Mini SIM)","MiniPCI-e slots":"1","PCB temperature monitor":"Yes","Voltage Monitor":"Yes","Certification":"FCC, IC, EAC","IP":"IP54","_www_title":"wAP LR9 kit","_www_tagline":"An out-of-the-box gateway solution for  LoRa® technology, 902-928 MHz","_hardware_title":"wAP LR9 kit","_fcc_id":["TV7WAPR2ND"],"_ic":["7442A-WAPR2ND"]}	6
hw-wap-r-ac	wAP R ac	LTE products	1						wap-r-ac	wap_r_ac	{"Product code":"RBwAPGR-5HacD2HnD","Suggested price":"$139.00","Architecture":"ARM 32bit","CPU":"IPQ-4018","CPU core count":"4","CPU nominal frequency":"716 MHz","CPU Threads count":"4","Switch chip model":"IPQ-4018","RouterOS license":"4","Operating System":"RouterOS","Size of RAM":"128 MB","Storage size":"16 MB","Storage type":"FLASH","MTBF":"Approximately 200'000 hours at 25C","Tested ambient temperature":"-30°C to 60°C","Number of DC inputs":"2 (DC jack, PoE-IN)","DC jack input Voltage":"10-57 V","Max power consumption":"11 W","Max power consumption without attachments":"10 W","PoE in":"802.3af/at","Cooling type":"Passive","PoE in input Voltage":"18-57 V","Wireless 2.4 GHz Max data rate":"300 Mbit/s","Wireless 2.4 GHz Number of chains":"2","Wireless 2.4 GHz standards":"802.11b/g/n","Antenna gain dBi for 2.4 GHz":"2.5","Wireless 2.4 GHz chip model":"IPQ-4018","Wireless 2.4 GHz generation":"Wi-Fi 4","Wireless 5 GHz Max data rate":"867 Mbit/s","Wireless 5 GHz Number of chains":"2","Wireless 5 GHz standards":"802.11a/n/ac","Antenna gain dBi for 5 GHz":"2.5","Wireless 5 GHz chip model":"IPQ-4018","Wireless 5 GHz generation":"Wi-Fi 5","10/100/1000 Ethernet ports":"2","Number of SIM slots":"1 Modem (Micro SIM)","MiniPCI-e slots":"1","PCB temperature monitor":"Yes","Voltage Monitor":"Yes","Certification":"CE, FCC, IC, EAC, ROHS","IP":"IP54","_www_title":"wAP R ac","_www_tagline":"Small weatherproof Dual Band 2.4 / 5 GHz wireless access point with LTE antennas and miniPCI-e slot","_hardware_title":"wAP R ac","_fcc_id":["TV7WAPGR5AC2D"]}	6
hw-wap-series	wAP-series	Indoor wireless							wap-series		{"_hardware_title":"wAP-series"}	2
hw-wireless-wire-cube	Wireless Wire Cube	60 GHz products	1						wireless-wire-cube	wireless_wire_cube	{"Product code":"CubeG-5ac60adpair","Suggested price":"$270.00","Architecture":"ARM 32bit","CPU":"IPQ-4019","CPU core count":"4","CPU nominal frequency":"716 MHz","CPU Threads count":"4","RouterOS license":"3","Size of RAM":"256 MB","Storage size":"16 MB","Storage type":"FLASH","MTBF":"Approximately 200'000 hours at 25C","Tested ambient temperature":"-40°C to 70°C","Number of DC inputs":"1 (PoE-IN)","Max power consumption":"9 W","Max power consumption without attachments":"9 W","PoE in":"802.3af/at","Cooling type":"Passive","PoE in input Voltage":"12-57 V","Wireless 5 GHz Max data rate":"433 Mbit/s","Wireless 5 GHz Number of chains":"1","Wireless 5 GHz standards":"802.11a/n/ac","Antenna gain dBi for 5 GHz":"11.5","Wireless 5 GHz chip model":"IPQ-4019","Wireless 5 GHz generation":"Wi-Fi 5","10/100/1000 Ethernet ports":"1","Certification":"CE, FCC, IC, EAC, ROHS","IP":"IP54","_www_title":"Wireless Wire Cube","_www_tagline":"A 2 Gb/s 60 GHz aggregate link with a 5 GHz failover. Forget about wires or downtime!","_hardware_title":"Wireless Wire Cube","_fcc_id":["TV7CB5A60"]}	4
hw-wireless-wire-dish	Wireless Wire Dish	60 GHz products	1						wireless-wire-dish	wireless_wire_dish	{"Product code":"RBLHGG-60adkit","Suggested price":"$298.00","Architecture":"ARM 32bit","CPU":"IPQ-4019","CPU core count":"4","CPU nominal frequency":"448-896 (auto) MHz","CPU Threads count":"4","Dimensions":"Ø 391 x 222 mm","RouterOS license":"3","Operating System":"RouterOS","Size of RAM":"256 MB","Storage size":"16 MB","Storage type":"FLASH","MTBF":"Approximately 200'000 hours at 25C","Tested ambient temperature":"-40°C to 70°C","Number of DC inputs":"1 (PoE-IN)","Max power consumption":"5 W","PoE in":"802.3af/at","Cooling type":"Passive","PoE in input Voltage":"12-57 V","10/100/1000 Ethernet ports":"1","Certification":"CE, FCC, IC, EAC, ROHS","IP":"IP55","_www_title":"Wireless Wire Dish","_www_tagline":"2 Gb/s aggregate link up to 1500m without cables!","_hardware_title":"Wireless Wire Dish"}	5
hw-woobm-usb	Woobm-USB	Accessories	1						woobm-usb	woobm	{"Product code":"Woobm-USB","Suggested price":"$22.00","Frequency":"2.4GHz","Wireless 2.4 GHz standards":"802.11b/g/n","_www_title":"Woobm-USB","_www_tagline":"The Wireless out of band management USB stick","_hardware_title":"Woobm-USB","_non_default_ips":["192.168.4.1","192.168.4.2","192.168.4.5"],"_fcc_id":["TV7WBM"]}	3
hw-wsap-ac-lite	wsAP ac lite	Indoor wireless	1						wsap-ac-lite	wsap_ac_lite	{"Product code":"RBwsAP-5Hac2nD","Suggested price":"$59.00","Architecture":"MIPSBE","CPU":"QCA9531","CPU core count":"1","CPU nominal frequency":"650 MHz","Switch chip model":"QCA9531","Dimensions":"112 x 126 x 30 mm","RouterOS license":"4","Operating System":"RouterOS","Size of RAM":"64 MB","Storage size":"16 MB","Storage type":"FLASH","MTBF":"Approximately 100'000 hours at 25C","Tested ambient temperature":"-40°C to 60°C","Wireless 2.4 GHz Max data rate":"300 Mbit/s","Wireless 2.4 GHz Number of chains":"2","Wireless 2.4 GHz standards":"802.11b/g/n","Antenna gain dBi for 2.4 GHz":"1.5","Wireless 2.4 GHz chip model":"QCA9531","Wireless 2.4 GHz generation":"Wi-Fi 4","Wireless 5 GHz Max data rate":"433 Mbit/s","Wireless 5 GHz Number of chains":"1","Wireless 5 GHz standards":"802.11a/n/ac","Antenna gain dBi for 5 GHz":"3","Wireless 5 GHz chip model":"QCA-9887","Wireless 5 GHz generation":"Wi-Fi 5","WiFi speed":"AC750","10/100 Ethernet ports":"3","Number of USB ports":"1","USB Power Reset":"Yes","USB slot type":"USB type A","Max USB current (A)":"0.5","Number of DC inputs":"1 (PoE-IN)","Max power consumption":"20 W","Max power consumption without attachments":"6 W","PoE in":"802.3af/at","Cooling type":"Passive","PoE in input Voltage":"18-57 V","PoE-out ports":"Ether3","PoE out":"Passive PoE","Low voltage PoE-Out current limit":"420 mA","High voltage PoE-Out current limit":"420 mA","Max total out (A)":"420 mA","Certification":"CE, FCC, IC, EAC, ROHS","IP":"IP20","Mode button":"Yes","_www_title":"wsAP ac lite","_www_tagline":"In-wall Dual Concurrent 2.4GHz / 5GHz wireless access point with three Ethernet ports and telephone jack pass through for hospitality networks","_hardware_title":"wsAP ac lite"}	5
knot	KNOT		0	86	KNOT	RB924i-2nD-BT5&BG77r2	MIPSBE	QCA9531		knot	{"Product code":"RB924i-2nD-BT5&BG77","Suggested price":"$99.00","Architecture":"MIPSBE","CPU":"QCA9531","CPU core count":"1","CPU nominal frequency":"650 MHz","Switch chip model":"QCA9531","Dimensions":"122 x 87 x 26 mm","RouterOS license":"4","Operating System":"RouterOS v7","Size of RAM":"64 MB","Storage size":"128 MB","Storage type":"NAND","MTBF":"Approximately 100'000 hours at 25C","Tested ambient temperature":"-40°C to 70°C","MicroUSB input Voltage":"5 V","Number of DC inputs":"3 (DC jack, PoE-IN, MicroUSB)","DC jack input Voltage":"12-57 V","Max power consumption":"18 W","Max power consumption without attachments":"5 W","PoE in":"802.3af/at","Cooling type":"Passive","PoE in input Voltage":"18-57 V","PoE-out ports":"Ether2","PoE out":"Passive PoE up to 57V","Total output power":"12","Wireless 2.4 GHz Max data rate":"300 Mbit/s","Wireless 2.4 GHz Number of chains":"2","Wireless 2.4 GHz standards":"802.11b/g/n","Antenna gain dBi for 2.4 GHz":"1.5","Wireless 2.4 GHz chip model":"QCA9531","Wireless 2.4 GHz generation":"Wi-Fi 4","10/100 Ethernet ports":"2","Number of SIM slots":"1 Modem (Nano SIM)","Serial console port":"RS485","Number of USB ports":"1","USB slot type":"microUSB type AB","Max USB current (A)":"1","PCB temperature monitor":"Yes","Voltage Monitor":"Yes","Bluetooth version":"5.2","Bluetooth RF connector type":"uUFL","Certification":"CE, FCC, IC, EAC, ROHS","IP":"IP20","_www_title":"KNOT","_www_tagline":"IoT Gateway for the most versatile and cost-effective setups"}	9
knot-embedded-lte4	KNOT Embedded LTE4 EC25-EU&KNe	IoT products		87	KNOT Embedded LTE4	EC25-EU&KNe	ARM 32bit	CPU ARM 32-bit Cortex A7	knot-embedded-lte4-ec25-eu-and-kne		{"_hardware_title":"KNOT Embedded LTE4 EC25-EU&KNe","_non_default_ips":["192.168.188.1"]}	6
knot-embedded-lte4-global	KNOT Embedded LTE4 Global	IoT products	0	88	KNOT Embedded LTE4 Global	EG25-G&KNe	ARM 32bit	Cortex A7	knot-embedded-lte4-global-eg25-g-and-kne	knot_emb_lte4_global	{"Product code":"EG25-G&KNe","Suggested price":"$89.00","Architecture":"ARM 32bit","CPU":"Cortex A7","CPU core count":"1","CPU nominal frequency":"800 MHz","RouterOS license":"3","Operating System":"RouterOS v7","Size of RAM":"256 MB","Storage size":"256 MB","Storage type":"NAND","MTBF":"Approximately 100'000 hours at 25C","Tested ambient temperature":"-40°C to 70°C","Number of DC inputs":"2 (PoE-IN, USB-C)","Max power consumption":"6 W","PoE in":"802.3af/at","Cooling type":"Passive","PoE in input Voltage":"12-57 V","USB C input Voltage":"5 V","2G Category":"Class12","2G bands":"2 (1900MHz) 3 (1800MHz) 5 (850MHz) 8 (900MHz)","3G Category":"R8 (42.2Mbps Downlink, 5.76Mbps Uplink)","3G bands":"1 (2100MHz) 2 (1900MHz) 4 (1700MHz) 5 (850MHz) 6 (850 MHz) 8 (900MHz) 19 (800 MHz)","LTE Category":"4 (150Mbps Downlink, 50Mbps Uplink)","MIMO DL":"2x2","MIMO UL":"1x1","LTE FDD bands":"1 (2100MHz) 2 (1900MHz) 3 (1800MHz) 4 (1700MHz) 5 (850MHz) 7 (2600MHz) 8 (900 MHz) 12 (700MHz) 13 (700 MHz) 18 (800 MHz) 19 (800 MHz) 20 (800MHz) 25 (1900MHz) 26 (850MHz) 28 (700MHz)","LTE TDD bands":"38 (2600MHz) 39 (1900MHz) 40 (2300MHz) 41 (2500MHz)","TAC":"01673800","10/100/1000 Ethernet ports":"1","Number of 1G Ethernet ports with Reverse PoE (PoE-in)":"1","Number of SIM slots":"1 Modem (Nano SIM)","CPU temperature monitor":"Yes","PCB temperature monitor":"Yes","Bluetooth version":"5.4","GPS RF connector type":"SMA","eSIM":"Yes","Certification":"CE, FCC, IC, EAC, ROHS","IP":"20","_www_title":"KNOT Embedded LTE4 Global","_www_tagline":"KNOT Embedded LTE4 is now available in a Global (EG25-G) version with expanded LTE band support for North America and other international markets. Industrial LTE/BLE/GNSS connectivity that fits anywhere. Originally designed for coffee and vending machines – perfect for all kinds of industrial automation.","_hardware_title":"KNOT Embedded LTE4 Global EG25-G&KNe","_non_default_ips":["192.168.188.1"]}	9
knot-lr8g-kit	KNOT LR8G kit		0	89	KNOT LR8G kit	RB924iR-2nD-BT5&BG770A&R11e-LR8G	MIPSBE	QCA9531		knot_lr8g_kit	{"Product code":"RB924iR-2nD-BT5&BG770A&R11e-LR8G","Suggested price":"$179.00","Architecture":"MIPSBE","CPU":"QCA9531","CPU core count":"1","CPU nominal frequency":"650 MHz","Switch chip model":"QCA9531","RouterOS license":"4","Operating System":"RouterOS v7","Size of RAM":"64 MB","Storage size":"128 MB","Storage type":"NAND","MTBF":"Approximately 200'000 hours at 25C","Tested ambient temperature":"-40°C to 70°C","MicroUSB input Voltage":"5 V","Number of DC inputs":"3 (DC jack, PoE-IN, MicroUSB)","DC jack input Voltage":"12-57 V","Max power consumption":"23 W","Max power consumption without attachments":"6 W","PoE in":"802.3af/at","Cooling type":"Passive","PoE in input Voltage":"18-57 V","PoE-out ports":"Ether2","PoE out":"Passive PoE","Low voltage PoE-Out current limit":"650 mA","High voltage PoE-Out current limit":"450 mA","Total output power":"12","Wireless 2.4 GHz Max data rate":"300 Mbit/s","Wireless 2.4 GHz Number of chains":"2","Wireless 2.4 GHz standards":"802.11b/g/n","Antenna gain dBi for 2.4 GHz":"1.5","Wireless 2.4 GHz chip model":"QCA9531","Wireless 2.4 GHz generation":"Wi-Fi 4","10/100 Ethernet ports":"2","Number of SIM slots":"1 Smart card (Nano SIM)","MiniPCI-e slots":"1","Serial console port":"RS485","Number of USB ports":"1","USB slot type":"microUSB type AB","Max USB current (A)":"1","PCB temperature monitor":"Yes","Voltage Monitor":"Yes","Bluetooth version":"5.2","Bluetooth RF connector type":"uUFL","GPS RF connector type":"SMA","Certification":"CE, EAC, ROHS","IP":"20","_www_title":"KNOT LR8G kit","_www_tagline":"An industrial-grade IoT gateway for smart asset tracking, remote \r\nmonitoring, and efficient automation – now with enhanced LoRa® reception, concurrent GPS + LTE CAT-M, and a lower price. This is the 868 MHz version."}	10
knot-lr9g-kit	KNOT LR9G kit		0	90	KNOT LR9G kit	RB924iR-2nD-BT5&BG770A&R11e-LR9G	MIPSBE	QCA9531		knot_lr9g_kit	{"Product code":"RB924iR-2nD-BT5&BG770A&R11e-LR9G","Suggested price":"$179.00","Architecture":"MIPSBE","CPU":"QCA9531","CPU core count":"1","CPU nominal frequency":"650 MHz","Switch chip model":"QCA9531","RouterOS license":"4","Operating System":"RouterOS v7","Size of RAM":"64 MB","Storage size":"128 MB","Storage type":"NAND","MTBF":"Approximately 200'000 hours at 25C","Tested ambient temperature":"-40°C to 70°C","MicroUSB input Voltage":"5 V","Number of DC inputs":"3 (DC jack, PoE-IN, MicroUSB)","DC jack input Voltage":"12-57 V","Max power consumption":"23 W","Max power consumption without attachments":"6 W","PoE in":"802.3af/at","Cooling type":"Passive","PoE in input Voltage":"18-57 V","PoE-out ports":"Ether2","PoE out":"802.3af","Low voltage PoE-Out current limit":"650 mA","High voltage PoE-Out current limit":"450 mA","Wireless 2.4 GHz Max data rate":"300 Mbit/s","Wireless 2.4 GHz Number of chains":"2","Wireless 2.4 GHz standards":"802.11b/g/n","Antenna gain dBi for 2.4 GHz":"1.5","Wireless 2.4 GHz chip model":"QCA9531","Wireless 2.4 GHz generation":"Wi-Fi 4","10/100 Ethernet ports":"2","Number of SIM slots":"1 Smart card (Nano SIM)","MiniPCI-e slots":"1","Serial console port":"RS485","Number of USB ports":"1","USB slot type":"microUSB type AB","Max USB current (A)":"1","PCB temperature monitor":"Yes","Voltage Monitor":"Yes","Bluetooth version":"5.2","Bluetooth RF connector type":"uUFL","Certification":"FCC, IC, EAC","IP":"20","_www_title":"KNOT LR9G kit","_www_tagline":"An industrial-grade IoT gateway for smart asset tracking, remote\r\nmonitoring, and efficient automation – now with enhanced LoRa®\r\nreception, concurrent GPS + LTE CAT-M, and a lower price. This is the 915 MHz version."}	7
l009uigs-2haxd-in	L009UiGS-2HaxD-IN	Indoor wireless	0	91	L009UiGS-2HaxD-IN	L009UiGS-2HaxD-IN	ARM 32bit	IPQ-5018	l009uigs-2haxd-in	l009uigs_2haxd_in	{"Product code":"L009UiGS-2HaxD-IN","Suggested price":"$129.00","Architecture":"ARM 32bit","CPU":"IPQ-5018","CPU core count":"2","CPU nominal frequency":"800 MHz","CPU Threads count":"2","Switch chip model":"88E6190","RouterOS license":"5","Operating System":"RouterOS v7","Size of RAM":"512 MB","Storage size":"128 MB","Storage type":"NAND","MTBF":"Approximately 200'000 hours at 25C","Tested ambient temperature":"-40°C to 70°C","Wireless 2.4 GHz Max data rate":"574 Mbit/s","Wireless 2.4 GHz Number of chains":"2","Wireless 2.4 GHz standards":"802.11b/g/n/ax","Antenna gain dBi for 2.4 GHz":"4","Wireless 2.4 GHz chip model":"IPQ-5018","Wireless 2.4 GHz generation":"Wi-Fi 6","WiFi speed":"AX600","10/100/1000 Ethernet ports":"8","Number of 1G Ethernet ports with PoE-out":"1","SFP ports":"1 (2.5G supported)","Serial console port":"RJ45","Number of USB ports":"1","USB Power Reset":"Yes","USB slot type":"USB 3.0 type A","Max USB current (A)":"1.5","Number of DC inputs":"2 (DC jack, PoE-IN)","DC jack input Voltage":"24-56 V","Max power consumption":"47 W","Max power consumption without attachments":"14 W","PoE in":"802.3af/at","Cooling type":"Passive","PoE in input Voltage":"24-56 V","PoE-out ports":"Ether8","PoE out":"Passive PoE","Low voltage PoE-Out current limit":"1 A","High voltage PoE-Out current limit":"450 mA","Max total out (A)":"1.0 A","Certification":"CE, FCC, IC, EAC, ROHS","IP":"20","Mode button":"Yes","_www_title":"L009UiGS-2HaxD-IN","_www_tagline":"L009 is more than just a router. This product line is up to 4 times faster than RB2011, it has a modern ARM CPU with container support, an innovative enclosure that allows mounting up to four routers in a single 1U space, more RAM, PoE, and 2.5G SFP support. This version comes with 2.4 GHz ax dual-chain wireless.","_hardware_title":"L009UiGS-2HaxD-IN"}	3
l009uigs-rm	L009UiGS-RM	Ethernet routers	0	92	L009UiGS-RM	L009UiGS-RM	ARM 32bit	IPQ-5018	l009uigs-rm	l009uigs_rm	{"Product code":"L009UiGS-RM","Suggested price":"$119.00","Architecture":"ARM 32bit","CPU":"IPQ-5018","CPU core count":"2","CPU nominal frequency":"800 MHz","CPU Threads count":"2","Switch chip model":"88E6190","RouterOS license":"5","Operating System":"RouterOS v7","Size of RAM":"512 MB","Storage size":"128 MB","Storage type":"NAND","MTBF":"Approximately 200'000 hours at 25C","Tested ambient temperature":"-40°C to 70°C","Number of DC inputs":"2 (DC jack, PoE-IN)","DC jack input Voltage":"24-56 V","Max power consumption":"40 W","Max power consumption without attachments":"8 W","PoE in":"802.3af/at","Cooling type":"Passive","PoE in input Voltage":"24-56 V","PoE-out ports":"Ether8","PoE out":"Passive PoE","Low voltage PoE-Out current limit":"1 A","High voltage PoE-Out current limit":"450 mA","Max total out (A)":"1 A","10/100/1000 Ethernet ports":"8","Number of 1G Ethernet ports with PoE-out":"1","SFP ports":"1 (2.5G supported)","Serial console port":"RJ45","Number of USB ports":"1","USB Power Reset":"Yes","USB slot type":"USB 3.0 type A","Max USB current (A)":"1.5","Mode button":"Yes","Certification":"CE, EAC, ROHS","IP":"20","_www_title":"L009UiGS-RM","_www_tagline":"L009 is more than just a router. This product line is up to 4 times faster than RB2011, it has a modern ARM CPU with container support, an innovative enclosure that allows mounting up to four routers in a single 1U space, more RAM, PoE, and 2.5G SFP support. This version comes with 1U rackmount accessories.","_hardware_title":"L009UiGS-RM"}	3
l11ug-5haxd	L11UG-5HaxD	RouterBOARD	0	93	L11UG-5HaxD	L11UG-5HaxD	ARM 32bit	IPQ-5010	l11ug-5haxd	l11ug_5haxd	{"Product code":"L11UG-5HaxD","Suggested price":"$79.00","Architecture":"ARM 32bit","CPU":"IPQ-5010","CPU core count":"2","CPU nominal frequency":"800 MHz","CPU Threads count":"2","RouterOS license":"4","Operating System":"RouterOS v7","Size of RAM":"256 MB","Storage size":"128 MB","Storage type":"NAND","MTBF":"Approximately 100'000 hours at 25C","Tested ambient temperature":"-40°C to 70°C","Number of DC inputs":"2 (DC jack, PoE-IN)","DC jack input Voltage":"12-28 V","Max power consumption":"15 W","Max power consumption without attachments":"6 W","PoE in":"Passive PoE","Cooling type":"Passive","PoE in input Voltage":"18-28 V","Wireless 5 GHz Max data rate":"2400 Mbit/s","Wireless 5 GHz Number of chains":"2","Wireless 5 GHz standards":"802.11a/n/ac/ax","Wireless 5 GHz chip model":"QCN-6102","Wireless 5 GHz generation":"Wi-Fi 6","10/100/1000 Ethernet ports":"1","Number of USB ports":"1","USB Power Reset":"Yes","USB slot type":"USB type A","Max USB current (A)":"1.5","PCB temperature monitor":"Yes","Voltage Monitor":"Yes","Beeper":"Yes","Certification":"CE, FCC, IC, EAC, ROHS","IP":"00","_www_title":"L11UG-5HaxD","_www_tagline":"Build your own custom outdoor 5 GHz CPE or AP with Wi-Fi 6, dual-core ARM CPU, PoE-in, Gigabit Ethernet and RouterOS v7! MMCX connectors allow creating versatile omnidirectional access points and powerful point-to-point links.","_hardware_title":"L11UG-5HaxD"}	3
l23ugsr-5haxd2haxd	L23UGSR-5HaxD2HaxD	RouterBOARD	0	94	L23UGSR-5HaxD2HaxD	L23UGSR-5HaxD2HaxD	ARM 32bit	IPQ-5010	l23ugsr-5haxd2haxd	l23ugsr_5haxd2haxd	{"Product code":"L23UGSR-5HaxD2HaxD","Suggested price":"$99.00","Architecture":"ARM 32bit","CPU":"IPQ-5010","CPU core count":"2","CPU nominal frequency":"800 MHz","CPU Threads count":"2","RouterOS license":"4","Operating System":"RouterOS v7","Size of RAM":"256 MB","Storage size":"128 MB","Storage type":"NAND","MTBF":"Approximately 100'000 hours at 25C","Tested ambient temperature":"-40°C to 70°C","Number of DC inputs":"2 (DC jack, PoE-IN)","DC jack input Voltage":"12-28 V","Max power consumption":"25 W","Max power consumption without attachments":"12 W","PoE in":"Passive PoE","Cooling type":"Passive","PoE in input Voltage":"18-28 V","Wireless 2.4 GHz Max data rate":"574 Mbit/s","Wireless 2.4 GHz Number of chains":"2","Wireless 2.4 GHz standards":"802.11b/g/n/ax","Wireless 2.4 GHz chip model":"IPQ-5010","Wireless 2.4 GHz generation":"Wi-Fi 6","Wireless 5 GHz Max data rate":"2400 Mbit/s","Wireless 5 GHz Number of chains":"2","Wireless 5 GHz standards":"802.11a/n/ac/ax","Wireless 5 GHz chip model":"QCN-6102","Wireless 5 GHz generation":"Wi-Fi 6","10/100/1000 Ethernet ports":"1","SFP ports":"1 (2.5G supported)","Number of SIM slots":"1 Modem (Nano SIM)","MiniPCI-e slots":"1","Number of USB ports":"1","USB Power Reset":"Yes","USB slot type":"USB type A","Max USB current (A)":"1.5","PCB temperature monitor":"Yes","Voltage Monitor":"Yes","Beeper":"Yes","Certification":"CE, FCC, IC, ROHS","IP":"00","_www_title":"L23UGSR-5HaxD2HaxD","_www_tagline":"Build your own custom outdoor Wi-Fi 6 access point or CPE! This modular wireless router comes with handy MMCX connectors, allowing you to create versatile omnidirectional access points and powerful point-to-point links.","_hardware_title":"L23UGSR-5HaxD2HaxD"}	3
lamp-5g-r16	LAMP 5G R16			95	LAMP 5G R16	LAMPGM&RG520F-EU	ARM 64bit	88F3720				3
ldf-5	LDF 5	Wireless systems	0	96	LDF 5	RBLDF-5nD	MIPSBE	AR9344	ldf-5-series	rbldf_5nd	{"Product code":"RBLDF-5nD","Suggested price":"$49.00","Architecture":"MIPSBE","CPU":"AR9344","CPU core count":"1","CPU nominal frequency":"600 MHz","Dimensions":"84x84x115mm","RouterOS license":"3","Operating System":"RouterOS","Size of RAM":"64 MB","Storage size":"16 MB","Storage type":"FLASH","MTBF":"Approximately 100'000 hours at 25C","Tested ambient temperature":"-40°C to 70°C","Number of DC inputs":"1 (PoE-IN)","Max power consumption":"6 W","PoE in":"Passive PoE","Cooling type":"Passive","PoE in input Voltage":"10-30 V","Wireless 5 GHz Max data rate":"300 Mbit/s","Wireless 5 GHz Number of chains":"2","Wireless 5 GHz standards":"802.11a/n","Antenna gain dBi for 5 GHz":"9","Wireless 5 GHz chip model":"AR9344","Wireless 5 GHz generation":"Wi-Fi 4","10/100 Ethernet ports":"1","Certification":"CE, FCC, IC, EAC, ROHS","IP":"IP54","_www_title":"LDF 5","_www_tagline":"Dual chain 5GHz system for long distance links with satellite offset dish antennas","_hardware_title":"LDF 5-series","_fcc_id":["TV7LHG5ACD","TV7LHG5NDM"]}	7
lhg-5	LHG 5	Wireless systems	0	97	LHG 5	RBLHG-5nD	MIPSBE	AR9344	lhg-series	RBLHG-5nD	{"Product code":"RBLHG-5nD","Suggested price":"$69.00","Architecture":"MIPSBE","CPU":"AR9344","CPU core count":"1","CPU nominal frequency":"600 MHz","Dimensions":"Ø 391 x 222 mm; package 450 x 450 x 145 mm","RouterOS license":"3","Operating System":"RouterOS","Size of RAM":"64 MB","Storage size":"16 MB","Storage type":"FLASH","MTBF":"Approximately 100'000 hours at 25C","Tested ambient temperature":"-40°C to 70°C","Number of DC inputs":"1 (PoE-IN)","Max power consumption":"6 W","PoE in":"Passive PoE","Cooling type":"Passive","PoE in input Voltage":"11-30 V","Wireless 5 GHz Max data rate":"300 Mbit/s","Wireless 5 GHz Number of chains":"2","Wireless 5 GHz standards":"802.11a/n","Antenna gain dBi for 5 GHz":"24.5","Wireless 5 GHz chip model":"AR9344","Wireless 5 GHz generation":"Wi-Fi 4","10/100 Ethernet ports":"1","Certification":"CE, FCC, IC, EAC, ROHS","IP":"IP54","_www_title":"LHG 5","_www_tagline":"Dual chain 24.5dBi 5GHz CPE/Point-to-Point Integrated Antenna, 600Mhz CPU, 64MB RAM","_hardware_title":"LHG-series","_fcc_id":["TV7LHG2ND","TV7LHG5ACD","TV7LHG5HPND","TV7LHG5NDM"],"_ic":["7442A-LHG2ND","7442A-LHG5ACD","7442A-LHG5HPND","7442A-LHG5NDM"]}	8
lhg-5-ax	LHG 5 ax	Wireless systems	0	98	LHG 5 ax	LHG-5axD	ARM 32bit	IPQ-5010	lhg-5axd	lhg_5_ax	{"Product code":"LHG-5axD","Suggested price":"$99.00","Architecture":"ARM 32bit","CPU":"IPQ-5010","CPU core count":"2","CPU nominal frequency":"800 MHz","CPU Threads count":"2","RouterOS license":"3","Operating System":"RouterOS v7","Size of RAM":"256 MB","Storage size":"128 MB","Storage type":"NAND","MTBF":"Approximately 100'000 hours at 25C","Tested ambient temperature":"-40°C to 70°C","Number of DC inputs":"1 (PoE-IN)","Max power consumption":"5 W","PoE in":"Passive PoE","Cooling type":"Passive","PoE in input Voltage":"12-28 V","Wireless 5 GHz Max data rate":"1200 Mbit/s","Wireless 5 GHz Number of chains":"2","Wireless 5 GHz standards":"802.11a/n/ac/ax","Antenna gain dBi for 5 GHz":"24.5","Wireless 5 GHz chip model":"QCN-6102","Wireless 5 GHz generation":"Wi-Fi 6","10/100/1000 Ethernet ports":"1","CPU temperature monitor":"Yes","Certification":"CE, FCC, IC, EAC, ROHS","IP":"54","_www_title":"LHG 5 ax","_www_tagline":"Long-range outdoor CPEs with modern Wi-Fi 6 performance, rugged design, and unbeatable pricing. Available in two models (24.5 or 27 dBi), they’re ideal for point-to-point links over great distances. This is the 24.5 dBi version.","_hardware_title":"LHG-5axD"}	5
lhg-lte18-kit	LHG LTE18 kit	LTE products	0	100	LHG LTE18 kit	LHGGM&EG18-EA	ARM 64bit	88F3720	lhg-lte18-kit	lhg_lte18	{"Product code":"LHGGM&EG18-EA","Suggested price":"$279.00","Architecture":"ARM 64bit","CPU":"88F3720","CPU core count":"2","CPU nominal frequency":"800 MHz","CPU Threads count":"2","RouterOS license":"3","Operating System":"RouterOS v7","Size of RAM":"256 MB","Storage size":"16 MB","Storage type":"FLASH","MTBF":"Approximately 200'000 hours at 25C","Tested ambient temperature":"-40°C to 70°C","Number of DC inputs":"1 (PoE-IN)","Max power consumption":"8 W","Max power consumption without attachments":"8 W","PoE in":"802.3af/at","Cooling type":"Passive","PoE in input Voltage":"12-57 V","3G Category":"R8 (42.2Mbps Downlink, 11.2Mbps Uplink)","3G bands":"1 (2100MHz) 3 (1800MHz) 5 (850MHz) 8 (900MHz)","LTE Category":"18 (1.2Gbps Downlink, 150Mbps Uplink)","MIMO DL":"2x2","LTE FDD bands":"1 (2100MHz) 3 (1800MHz) 5 (850MHz) 7 (2600MHz) 8 (900 MHz) 20 (800MHz) 28 (700MHz)","LTE TDD bands":"38 (2600MHz) 40 (2300MHz) 41 (2500MHz)","TAC":"86981604","10/100/1000 Ethernet ports":"1","Number of SIM slots":"1 Modem (Micro SIM)","Number of M.2 slots":"1","Mode button":"Yes","Certification":"CE, EAC, ROHS","IP":"54","_www_title":"LHG LTE18 kit","_www_tagline":"Great distances, even greater speed – with the power of the ultra fast LTE Category 18 modem. Speeds up to one Gbps! Last-mile-internet solution for the most remote areas.","_hardware_title":"LHG LTE18 kit","_non_default_ips":["192.168.188.1"]}	8
lhg-xl-5-ac	LHG XL 5 ac	Wireless systems	0	101	LHG XL 5 ac	RBLHGG-5acD-XL	ARM 32bit	IPQ-4018	lhg-xl-5-ac	lhg_xl_5_ac	{"Product code":"RBLHGG-5acD-XL","Suggested price":"$117.00","Architecture":"ARM 32bit","CPU":"IPQ-4018","CPU core count":"4","CPU nominal frequency":"488-896 (auto) MHz","CPU Threads count":"4","Dimensions":"Ø 550 x 245 mm;","RouterOS license":"3","Operating System":"RouterOS","Size of RAM":"256 MB","Storage size":"16 MB","Storage type":"FLASH","MTBF":"Approximately 200'000 hours at 25C","Tested ambient temperature":"-40°C to 70°C","Number of DC inputs":"1 (PoE-IN)","Max power consumption":"8 W","PoE in":"Passive PoE","Cooling type":"Passive","PoE in input Voltage":"10-30 V","Wireless 5 GHz Max data rate":"867 Mbit/s","Wireless 5 GHz Number of chains":"2","Wireless 5 GHz standards":"802.11a/n/ac","Antenna gain dBi for 5 GHz":"27","Wireless 5 GHz chip model":"IPQ-4018","Wireless 5 GHz generation":"Wi-Fi 5","10/100/1000 Ethernet ports":"1","Certification":"CE, FCC, IC, EAC, ROHS","IP":"IP54","_www_title":"LHG XL 5 ac","_www_tagline":"Dual chain Long Range 27dBi 5GHz CPE/Point-to-Point Integrated Antenna with AC support and Gigabit Ethernet","_hardware_title":"LHG XL 5 ac","_fcc_id":["TV7LHG5ACD"]}	6
lhg-xl-5-ax	LHG XL 5 ax	Wireless systems	0	102	LHG XL 5 ax	LHG-5axD-XL	ARM 32bit	IPQ-5010	lhg-xl-5-ax	lhg_5_ax_xl	{"Product code":"LHG-5axD-XL","Suggested price":"$119.00","Architecture":"ARM 32bit","CPU":"IPQ-5010","CPU core count":"2","CPU nominal frequency":"800 MHz","CPU Threads count":"2","RouterOS license":"3","Operating System":"RouterOS v7","Size of RAM":"256 MB","Storage size":"128 MB","Storage type":"NAND","MTBF":"Approximately 200'000 hours at 25C","Tested ambient temperature":"-40°C to 70°C","Number of DC inputs":"1 (PoE-IN)","Max power consumption":"5 W","PoE in":"Passive PoE","Cooling type":"Passive","PoE in input Voltage":"12-28 V","Wireless 5 GHz Max data rate":"1200 Mbit/s","Wireless 5 GHz Number of chains":"2","Wireless 5 GHz standards":"802.11a/n/ac/ax","Antenna gain dBi for 5 GHz":"27","Wireless 5 GHz chip model":"QCN-6102","Wireless 5 GHz generation":"Wi-Fi 6","10/100/1000 Ethernet ports":"1","CPU temperature monitor":"Yes","Certification":"CE, FCC, IC, EAC, ROHS","IP":"54","_www_title":"LHG XL 5 ax","_www_tagline":"Long-range outdoor CPEs with modern Wi-Fi 6 performance, rugged design, and unbeatable pricing. Available in two models (24.5 or 27 dBi), they’re ideal for point-to-point links over great distances. This is the XL 27 dBi version.","_hardware_title":"LHG XL 5 ax"}	7
lhg-xl-hp5	LHG XL HP5	Wireless systems	0	103	LHG XL HP5	RBLHG-5HPnD-XL	MIPSBE	AR9344	lhg-xl-hp5	RBLHG-5HPnD-XL	{"Product code":"RBLHG-5HPnD-XL","Suggested price":"$89.00","Architecture":"MIPSBE","CPU":"AR9344","CPU core count":"1","CPU nominal frequency":"600 MHz","Dimensions":"Ø 550 x 245 mm;","RouterOS license":"3","Operating System":"RouterOS","Size of RAM":"64 MB","Storage size":"16 MB","Storage type":"FLASH","MTBF":"Approximately 100'000 hours at 25C","Tested ambient temperature":"-40°C to 70°C","Number of DC inputs":"1 (PoE-IN)","Max power consumption":"7 W","PoE in":"Passive PoE","Cooling type":"Passive","PoE in input Voltage":"10-28 V","Wireless 5 GHz Max data rate":"300 Mbit/s","Wireless 5 GHz Number of chains":"2","Wireless 5 GHz standards":"802.11a/n","Antenna gain dBi for 5 GHz":"27","Wireless 5 GHz chip model":"AR9344","Wireless 5 GHz generation":"Wi-Fi 4","10/100 Ethernet ports":"1","Certification":"CE, FCC, IC, EAC, ROHS","IP":"IP54","_www_title":"LHG XL HP5","_www_tagline":"Dual chain eXtra Large High Power 27dBi 5GHz CPE/Point-to-Point Integrated Antenna","_hardware_title":"LHG XL HP5","_fcc_id":["TV7LHG5HPND"],"_ic":["7442A-LHG5ACD2HPD"]}	5
lhgg-lte7-kit	LHGG LTE7 kit			99	LHGG LTE7 kit	LHGGR&R11e-LTE7	ARM 64bit	88F3720				3
ltap-lte7-kit	LtAP LTE7 kit			104	LtAP LTE7 kit	LtAP-2HnD&R11e-LTE7r2	MMIPS	MT7621AT				6
ltap-mini	LtAP mini	LTE products	0	105	LtAP mini	RB912R-2nD-LTm	MIPSBE	QCA9531	ltap-mini	ltap_mini	{"Product code":"RB912R-2nD-LTm","Suggested price":"$99.00","Architecture":"MIPSBE","CPU":"QCA9531","CPU core count":"1","CPU nominal frequency":"650 MHz","Dimensions":"139 x 77 x 28,5 mm","RouterOS license":"4","Operating System":"RouterOS","Size of RAM":"64 MB","Storage size":"16 MB","Storage type":"FLASH","MTBF":"Approximately 100'000 hours at 25C","Tested ambient temperature":"-40°C to 70°C","MicroUSB input Voltage":"5 V","Number of DC inputs":"3 (DC jack, PoE-IN, MicroUSB)","DC jack input Voltage":"8-30 V","Max power consumption":"9 W","Max power consumption without attachments":"4 W","PoE in":"802.3af/at","Cooling type":"Passive","PoE in input Voltage":"12-57 V","Wireless 2.4 GHz Max data rate":"300 Mbit/s","Wireless 2.4 GHz Number of chains":"2","Wireless 2.4 GHz standards":"802.11b/g/n","Antenna gain dBi for 2.4 GHz":"1.5","Wireless 2.4 GHz chip model":"QCA9531","Wireless 2.4 GHz generation":"Wi-Fi 4","10/100 Ethernet ports":"1","Number of SIM slots":"2 Modem (Mini SIM)","MiniPCI-e slots":"1","Serial console port":"RS232","Mode button":"Yes","GNSS standards":"GPS","GPS RF connector type":"uUFL","Certification":"CE, FCC, IC, E-MARK, EAC, ROHS","IP":"IP54","_www_title":"LtAP mini","_www_tagline":"Small weatherproof wireless access point with LTE antennas, two SIM slots, integrated GPS and miniPCI-e slot","_hardware_title":"LtAP mini","_fcc_id":["TV7RB912R-2NDLTM"]}	6
ltap-mini-lte-kit	LtAP mini LTE kit	LTE products	0	106	LtAP mini LTE kit	RB912R-2nD-LTm&EC200A-EUr3	MIPSBE	QCA9531	ltap-mini-kit-series	ltap_mini_lte_kit_2024	{"Product code":"RB912R-2nD-LTm&EC200A-EU","Suggested price":"$99.00","Architecture":"MIPSBE","CPU":"QCA9531","CPU core count":"1","CPU nominal frequency":"650 MHz","RouterOS license":"4","Operating System":"RouterOS v7","Size of RAM":"64 MB","Storage size":"16 MB","Storage type":"FLASH","MTBF":"Approximately 100'000 hours at 25C","Tested ambient temperature":"-40°C to 70°C","MicroUSB input Voltage":"5 V","Number of DC inputs":"3 (DC jack, PoE-IN, MicroUSB)","DC jack input Voltage":"8-30 V","Max power consumption":"8 W","PoE in":"802.3af/at","Cooling type":"Passive","PoE in input Voltage":"12-57 V","2G Category":"Class12","2G bands":"3 (1800MHz) 8 (900MHz)","3G Category":"R7 (21Mbps Downlinks, 5.76Mbps Uplink)","3G bands":"1 (2100MHz) 5 (850MHz) 8 (900MHz)","LTE Category":"4 (150Mbps Downlink, 50Mbps Uplink)","MIMO DL":"2x2","MIMO UL":"1x1","LTE FDD bands":"1 (2100MHz) 3 (1800MHz) 5 (850MHz) 7 (2600MHz) 8 (900 MHz) 20 (800MHz) 28 (700MHz)","LTE TDD bands":"38 (2600MHz) 40 (2300MHz) 41n (2500MHz)","TAC":"86314105","Wireless 2.4 GHz Max data rate":"300 Mbit/s","Wireless 2.4 GHz Number of chains":"2","Wireless 2.4 GHz standards":"802.11b/g/n","Antenna gain dBi for 2.4 GHz":"1.5","Wireless 2.4 GHz chip model":"QCA9531","Wireless 2.4 GHz generation":"Wi-Fi 4","10/100 Ethernet ports":"1","Number of SIM slots":"2 Modem (Mini SIM)","MiniPCI-e slots":"1","Serial console port":"RS232","Mode button":"Yes","GNSS standards":"GPS","GPS RF connector type":"uUFL","Certification":"CE, E-MARK, EAC, ROHS","IP":"IP54","_www_title":"LtAP mini LTE kit","_www_tagline":"Tiny, affordable weatherproof access point with a built-in LTE modem and GPS. Add extensive networking and tracking options to your vehicle without breaking the bank! This is a 2024 refresh with added B28 band support.","_hardware_title":"LtAP mini kit-series","_fcc_id":["TV7RB912R-2NDLTM"],"_ic":["7442A-912R2NDLTM"]}	16
mantbox-2-12s	mANTBox 2 12s	Wireless systems	0	107	mANTBox 2 12s	RB911G-2HPnD-12Sr2	MIPSBE	AR9342	mantbox-series	mantbox_2_12s	{"Product code":"RB911G-2HPnD-12S","Suggested price":"$99.00","Architecture":"MIPSBE","CPU":"AR9342","CPU core count":"1","CPU nominal frequency":"600 MHz","Dimensions":"140 x 348 x 82 mm","RouterOS license":"4","Operating System":"RouterOS","Size of RAM":"64 MB","Storage size":"128 MB","Storage type":"NAND","MTBF":"Approximately 100'000 hours at 25C","Tested ambient temperature":"-40°C to 70°C","Number of DC inputs":"2 (DC jack, PoE-IN)","DC jack input Voltage":"8-30 V","Max power consumption":"11 W","PoE in":"Passive PoE","Cooling type":"Passive","PoE in input Voltage":"10-28 V","Wireless 2.4 GHz Max data rate":"300 Mbit/s","Wireless 2.4 GHz Number of chains":"2","Wireless 2.4 GHz standards":"802.11b/g/n","Antenna gain dBi for 2.4 GHz":"12","Wireless 2.4 GHz chip model":"AR9342","Wireless 2.4 GHz generation":"Wi-Fi 4","10/100/1000 Ethernet ports":"1","PCB temperature monitor":"Yes","Voltage Monitor":"Yes","Beeper":"Yes","Certification":"CE, FCC, IC, EAC, ROHS","IP":"IP54","_www_title":"mANTBox 2 12s","_www_tagline":"2.4GHz 120 degree 12dBi dual polarization sector Integrated antenna with 600Mhz CPU, 64MB RAM, Gigabit Ethernet, PSU and PoE","_hardware_title":"mANTBox-series","_fcc_id":["TV7RB911G2HPND","TV7RB921G-5HPACD"]}	9
mantbox-ax-15s	mANTBox ax 15s	Wireless systems	0	108	mANTBox ax 15s	L22UGS-5HaxD2HaxD-15S	ARM 32bit	IPQ-5010	mantbox-ax-15s	mantbox_ax_15s	{"Product code":"L22UGS-5HaxD2HaxD-15S","Suggested price":"$179.00","Architecture":"ARM 32bit","CPU":"IPQ-5010","CPU core count":"2","CPU nominal frequency":"800 MHz","CPU Threads count":"2","RouterOS license":"4","Operating System":"RouterOS v7","Size of RAM":"256 MB","Storage size":"128 MB","Storage type":"NAND","MTBF":"Approximately 200'000 hours at 25C","Tested ambient temperature":"-40°C to 70°C","Number of DC inputs":"2 (DC jack, PoE-IN)","DC jack input Voltage":"12-28 V","Max power consumption":"21 W","Max power consumption without attachments":"11 W","PoE in":"Passive PoE","Cooling type":"Passive","PoE in input Voltage":"18-28 V","Wireless 2.4 GHz Max data rate":"574 Mbit/s","Wireless 2.4 GHz Number of chains":"2","Wireless 2.4 GHz standards":"802.11b/g/n/ax","Antenna gain dBi for 2.4 GHz":"12","Wireless 2.4 GHz chip model":"IPQ-5010","Wireless 2.4 GHz generation":"Wi-Fi 6","Wireless 5 GHz Max data rate":"2400 Mbit/s","Wireless 5 GHz Number of chains":"2","Wireless 5 GHz standards":"802.11a/n/ac/ax","Antenna gain dBi for 5 GHz":"15","Wireless 5 GHz chip model":"QCN-6102","Wireless 5 GHz generation":"Wi-Fi 6","10/100/1000 Ethernet ports":"1","SFP ports":"1 (2.5G supported)","Number of USB ports":"1","USB Power Reset":"Yes","USB slot type":"USB type A","Max USB current (A)":"1.5","PCB temperature monitor":"Yes","Voltage Monitor":"Yes","Beeper":"Yes","Certification":"CE, FCC, IC, EAC, ROHS","IP":"55","_www_title":"mANTBox ax 15s","_www_tagline":"A drop-in Wi-Fi 6 upgrade for the popular mANTBox \r\ndual-band sector antenna base stations. One powerful package for all your outdoor network needs,  perfect for camps, stadiums and parks.","_hardware_title":"mANTBox ax 15s"}	6
map	mAP	Indoor wireless	0	109	mAP	RBmAP2nD	MIPSBE	QCA9531	map	RBmAP2nD	{"Product code":"RBmAP2nD","Suggested price":"$45.00","Architecture":"MIPSBE","CPU":"QCA9531","CPU core count":"1","CPU nominal frequency":"650 MHz","Switch chip model":"QCA9531-BL3A-R","Dimensions":"68x68x19mm","RouterOS license":"4","Operating System":"RouterOS","Size of RAM":"64 MB","Storage size":"16 MB","Storage type":"FLASH","MTBF":"Approximately 100'000 hours at 25C","Tested ambient temperature":"-20°C to 70°C","Wireless 2.4 GHz Max data rate":"300 Mbit/s","Wireless 2.4 GHz Number of chains":"2","Wireless 2.4 GHz standards":"802.11b/g/n","Antenna gain dBi for 2.4 GHz":"1.2","Wireless 2.4 GHz chip model":"QCA9531","Wireless 2.4 GHz generation":"Wi-Fi 4","10/100 Ethernet ports":"2","Number of USB ports":"1","USB Power Reset":"Yes","USB slot type":"microUSB type AB","Max USB current (A)":"1","MicroUSB input Voltage":"5 V","Number of DC inputs":"3 (DC jack, PoE-IN, MicroUSB)","DC jack input Voltage":"8-57 V","Max power consumption":"5 W","PoE in":"802.3af/at","Cooling type":"Passive","PoE in input Voltage":"12-57 V","PoE-out ports":"Ether2","PoE out":"Passive PoE","Low voltage PoE-Out current limit":"0.5 A","Max total out (A)":"0.5 A","Certification":"FCC, IC","PCB temperature monitor":"Yes","Voltage Monitor":"Yes","_www_title":"mAP","_www_tagline":"Dual-Chain 2.4GHz micro AP, 650MHz CPU, 64MB RAM, 2xEthernet, PoE out","_hardware_title":"mAP"}	2
map-lite	mAP lite	Indoor wireless	0	110	mAP lite	RBmAPL-2nD	MIPSBE	QCA9533	map-lite	RBmAPL-2nD	{"Product code":"RBmAPL-2nD","Suggested price":"$30.00","Architecture":"MIPSBE","CPU":"QCA9533","CPU core count":"1","CPU nominal frequency":"650 MHz","Dimensions":"48x49x11mm","RouterOS license":"4","Operating System":"RouterOS","Size of RAM":"64 MB","Storage size":"16 MB","Storage type":"FLASH","MTBF":"Approximately 100'000 hours at 25C","Tested ambient temperature":"-30°C to 70°C","Wireless 2.4 GHz Max data rate":"300 Mbit/s","Wireless 2.4 GHz Number of chains":"2","Wireless 2.4 GHz standards":"802.11b/g/n","Antenna gain dBi for 2.4 GHz":"1.5","Wireless 2.4 GHz chip model":"QCA9533","Wireless 2.4 GHz generation":"Wi-Fi 4","10/100 Ethernet ports":"1","MicroUSB input Voltage":"5 V","Number of DC inputs":"2 (PoE-IN, MicroUSB)","Max power consumption":"3.5 W","PoE in":"802.3af/at","Cooling type":"Passive","PoE in input Voltage":"10-60 V","Certification":"CE, FCC, IC, EAC, ROHS","IP":"IP20","_www_title":"mAP lite","_www_tagline":"Tiny size 2.4GHz Dual Chain access point with a 650MHz CPU, 64MB RAM and one Ethernet","_hardware_title":"mAP lite"}	5
metal-52-ac	Metal 52 ac	Wireless systems	0	111	Metal 52 ac	RBMetalG-52SHPacn	MIPSBE	QCA9556	metal-52-ac	RBMetalG-52SHPacn	{"Product code":"RBMetalG-52SHPacn","Suggested price":"$119.00","Architecture":"MIPSBE","CPU":"QCA9556","CPU core count":"1","CPU nominal frequency":"720 MHz","Dimensions":"215x60x38mm","RouterOS license":"4","Operating System":"RouterOS","Size of RAM":"64 MB","Storage size":"16 MB","Storage type":"FLASH","MTBF":"Approximately 200'000 hours at 25C","Tested ambient temperature":"-40°C to 70°C","Number of DC inputs":"1 (PoE-IN)","Max power consumption":"11 W","PoE in":"Passive PoE","Cooling type":"Passive","PoE in input Voltage":"10-30 V","Wireless 2.4 GHz/5 GHz Max data rate":"433 Mbit/s","Wireless 2.4 GHz/5 GHz Number of chains":"1","Wireless 2.4 GHz/5 GHz standards":"802.11a/n/ac, 802.11b/g/n","Antenna gain dBi for 2.4 GHz/5 GHz":"6","Wireless 2.4 GHz/5 GHz chip model":"QCA9889","Wireless 2.4 GHz/5 GHz generation":"Wi-Fi 5","10/100/1000 Ethernet ports":"1","PCB temperature monitor":"Yes","Voltage Monitor":"Yes","Beeper":"Yes","Certification":"CE, FCC, IC, EAC, ROHS","IP":"IP55","_www_title":"Metal 52 ac","_www_tagline":"2.4/5GHz software selectable AP/Backbone/CPE with AC support, high TX power, N-male connector, Omni antenna included","_hardware_title":"Metal 52 ac","_fcc_id":["TV7MTLG52SHPN"]}	5
netbox-5-ax	NetBox 5 ax	Wireless systems	0	112	NetBox 5 ax	L11UG-5HaxD-NB	ARM 32bit	IPQ-5010	netbox-5-ax	netbox_5_ax	{"Product code":"L11UG-5HaxD-NB","Suggested price":"$109.00","Architecture":"ARM 32bit","CPU":"IPQ-5010","CPU core count":"2","CPU nominal frequency":"800 MHz","CPU Threads count":"2","RouterOS license":"4","Operating System":"RouterOS v7","Size of RAM":"256 MB","Storage size":"128 MB","Storage type":"NAND","MTBF":"Approximately 200'000 hours at 25C","Tested ambient temperature":"-40°C to 70°C","Number of DC inputs":"1 (PoE-IN)","Max power consumption":"15 W","Max power consumption without attachments":"6 W","PoE in":"Passive PoE","Cooling type":"Passive","PoE in input Voltage":"18-28 V","Wireless 5 GHz Max data rate":"2400 Mbit/s","Wireless 5 GHz Number of chains":"2","Wireless 5 GHz standards":"802.11a/n/ac/ax","Wireless 5 GHz chip model":"QCN-6102","Wireless 5 GHz generation":"Wi-Fi 6","10/100/1000 Ethernet ports":"1","Number of USB ports":"1","USB Power Reset":"Yes","USB slot type":"USB type A","Max USB current (A)":"1.5","PCB temperature monitor":"Yes","Voltage Monitor":"Yes","Beeper":"Yes","Certification":"CE, FCC, IC, EAC, ROHS","IP":"54","_www_title":"NetBox 5 ax","_www_tagline":"A Wi-Fi 6 upgrade of the popular NetBox 5. AP/CPE/Point-to-point – it can do it all! PoE-in, DC jack, Gigabit Ethernet, durable outdoor enclosure, modern dual-core ARM CPU, Wi-Fi-6 5GHz wireless.","_hardware_title":"NetBox 5 ax","_fcc_id":["TV7LHG5NDM","TV7RB922-5HPACTM"]}	6
netfiber-9	netFiber 9	Switches	0	113	netFiber 9	CRS310-1G-5S-4S+OUT	ARM 32bit	98DX226S	netfiber-9	netfiber_9	{"Product code":"CRS310-1G-5S-4S+OUT","Suggested price":"$249.00","Architecture":"ARM 32bit","CPU":"98DX226S","CPU core count":"2","CPU nominal frequency":"800 MHz","Switch chip model":"98DX226S","RouterOS license":"5","Operating System":"RouterOS v7 / SwitchOS","Size of RAM":"256 MB","Storage size":"16 MB","Storage type":"FLASH","MTBF":"Approximately 200'000 hours at 25C","Tested ambient temperature":"-40°C to 70°C","Number of DC inputs":"2 (DC jack, PoE-IN)","DC jack input Voltage":"18-57 V","Max power consumption":"17 W","Max power consumption without attachments":"10 W","PoE in":"802.3af/at","Cooling type":"Passive","PoE in input Voltage":"18-57 V","10/100/1000 Ethernet ports":"1","SFP ports":"5","SFP+ ports":"4","Serial console port":"RJ45","CPU temperature monitor":"Yes","Voltage Monitor":"Yes","Certification":"CE, EAC, ROHS","IP":"IP54","_www_title":"netFiber 9","_www_tagline":"A remarkable outdoor switch for setting up an optical 10G network that can \r\neven perform some light routing. The spiritual successor to the beloved \r\nFiberBox. Gigabit Ethernet, SFP/SFP+, PoE.","_hardware_title":"netFiber 9"}	6
netmetal-5	NetMetal 5	Wireless systems	0	114	NetMetal 5	RB922UAGS-5HPacD-NM	MIPSBE	QCA9557	netmetal-series	RB922UAGS-5HPacD-NM	{"Product code":"RB922UAGS-5HPacD-NM","Suggested price":"$149.00","Architecture":"MIPSBE","CPU":"QCA9557","CPU core count":"1","CPU nominal frequency":"720 MHz","Dimensions":"143x247x48mm (PCB)","RouterOS license":"4","Operating System":"RouterOS","Size of RAM":"128 MB","Storage size":"128 MB","Storage type":"NAND","MTBF":"Approximately 200'000 hours at 25C","Tested ambient temperature":"-40°C to 70°C","Number of DC inputs":"1 (PoE-IN)","Max power consumption":"19 W","PoE in":"Passive PoE","Cooling type":"Passive","PoE in input Voltage":"8-30 V","Wireless 5 GHz Max data rate":"867 Mbit/s","Wireless 5 GHz Number of chains":"2","Wireless 5 GHz standards":"802.11a/n/ac","Wireless 5 GHz chip model":"QCA9882","Wireless 5 GHz generation":"Wi-Fi 5","10/100/1000 Ethernet ports":"1","SFP DDMI":"yes","SFP ports":"1","Number of SIM slots":"1 Modem (Mini SIM)","MiniPCI-e slots":"1","Number of USB ports":"1","USB Power Reset":"Yes","USB slot type":"USB type A","Max USB current (A)":"1","PCB temperature monitor":"Yes","Voltage Monitor":"Yes","Beeper":"Yes","Certification":"FCC, IC","IP":"IP54","_www_title":"NetMetal 5","_www_tagline":"Dual chain 5GHz integrated 802.11a/n/ac AP/Backbone/CPE with an additional miniPCI-e slot, 2xRPSMA connectors, Gigabit Ethernet, waterproof metal enclosure","_hardware_title":"NetMetal-series"}	5
netmetal-ax	NetMetal ax	Wireless systems	0	115	NetMetal ax	L23UGSR-5HaxD2HaxD-NM	ARM 32bit	IPQ-5010	netmetal-ac	netmetal_ax	{"Product code":"L23UGSR-5HaxD2HaxD-NM","Suggested price":"$169.00","Architecture":"ARM 32bit","CPU":"IPQ-5010","CPU core count":"2","CPU nominal frequency":"800 MHz","CPU Threads count":"2","RouterOS license":"4","Operating System":"RouterOS v7","Size of RAM":"256 MB","Storage size":"128 MB","Storage type":"NAND","MTBF":"Approximately 200'000 hours at 25C","Tested ambient temperature":"-40°C to 70°C","Number of DC inputs":"2 (DC jack, PoE-IN)","DC jack input Voltage":"12-28 V","Max power consumption":"25 W","Max power consumption without attachments":"12 W","PoE in":"Passive PoE","Cooling type":"Passive","PoE in input Voltage":"18-28 V","Wireless 2.4 GHz Max data rate":"574 Mbit/s","Wireless 2.4 GHz Number of chains":"2","Wireless 2.4 GHz standards":"802.11b/g/n/ax","Wireless 2.4 GHz chip model":"IPQ-5010","Wireless 2.4 GHz generation":"Wi-Fi 6","Wireless 5 GHz Max data rate":"2400 Mbit/s","Wireless 5 GHz Number of chains":"2","Wireless 5 GHz standards":"802.11a/n/ac/ax","Wireless 5 GHz chip model":"QCN-6102","Wireless 5 GHz generation":"Wi-Fi 6","10/100/1000 Ethernet ports":"1","SFP ports":"1 (2.5G supported)","Number of SIM slots":"1 Modem (Nano SIM)","MiniPCI-e slots":"1","Number of USB ports":"1","USB Power Reset":"Yes","USB slot type":"USB type A","Max USB current (A)":"1.5","PCB temperature monitor":"Yes","Voltage Monitor":"Yes","Beeper":"Yes","Certification":"CE, FCC, IC, EAC, ROHS","IP":"66","_www_title":"NetMetal ax","_www_tagline":"The Mars rover of networking. Our toughest long-range outdoor access point – now with Wi-Fi 6!","_hardware_title":"NetMetal ac²"}	7
netpower-15fr	netPower 15FR	Switches	0	116	netPower 15FR	CRS318-1Fi-15Fr-2S-OUT	ARM 32bit	98DX224S	netpower-15fr	crs318_1fi_15fr_2s_out	{"Product code":"CRS318-1Fi-15Fr-2S-OUT","Suggested price":"$169.00","Architecture":"ARM 32bit","CPU":"98DX224S","CPU core count":"2","CPU nominal frequency":"800 MHz","Switch chip model":"98DX224S","Dimensions":"304 x 212 x 71 mm","RouterOS license":"5","Operating System":"RouterOS / SwitchOS","Size of RAM":"256 MB","Storage size":"16 MB","Storage type":"FLASH","MTBF":"Approximately 200'000 hours at 25C","Tested ambient temperature":"-40°C to 70°C","Number of DC inputs":"16 (DC jack, PoE-IN)","DC jack input Voltage":"18-57 V","Max power consumption":"29 W","Max power consumption without attachments":"10 W","PoE in":"Passive PoE","Cooling type":"Passive","PoE in input Voltage":"18-57 V (recommended 36-57V)","PoE-out ports":"Ether15","PoE out":"Passive PoE","Low voltage PoE-Out current limit":"0.75 A","High voltage PoE-Out current limit":"0.5 A","Max total out (A)":"0.75 A","10/100 Ethernet ports":"16","SFP ports":"2","CPU temperature monitor":"Yes","Voltage Monitor":"Yes","Certification":"CE, EAC, ROHS","IP":"IP54","_www_title":"netPower 15FR","_www_tagline":"An outdoor 18 port switch with 15 reverse PoE ports and SFP. Cut costs, not speed – choose GPEN over GPON!","_hardware_title":"netPower 15FR"}	6
netpower-16p	netPower 16P	Switches	0	117	netPower 16P	CRS318-16P-2S+OUT	ARM 32bit	98DX226S	netpower-16p	netpower_16p	{"Product code":"CRS318-16P-2S+OUT","Suggested price":"$279.00","Architecture":"ARM 32bit","CPU":"98DX226S","CPU core count":"2","CPU nominal frequency":"800 MHz","Switch chip model":"98DX226S","Dimensions":"303 x 212 x 78 mm","RouterOS license":"5","Operating System":"RouterOS / SwitchOS","Size of RAM":"256 MB","Storage size":"16 MB","Storage type":"FLASH","MTBF":"Approximately 200'000 hours at 25C","Tested ambient temperature":"-40°C to 70°C","Number of DC inputs":"2 (DC jack)","DC jack input Voltage":"18-30 V / 48-57 V","Max power consumption":"316 W","Max power consumption without attachments":"16 W","Cooling type":"Passive","PoE-out ports":"Ether1-Ether16","PoE out":"802.3af/at","Low voltage PoE-Out current limit":"1.1 A","High voltage PoE-Out current limit":"0.6 A","Max total out (A)":"2.8A (18V-30V) & 1.4A (48V-57V) x2","10/100/1000 Ethernet ports":"16","Number of 1G Ethernet ports with PoE-out":"16","SFP+ ports":"2","CPU temperature monitor":"Yes","Voltage Monitor":"Yes","Certification":"CE, EAC, ROHS","IP":"IP54","_www_title":"netPower 16P","_www_tagline":"An outdoor 18 port switch with 16 Gigabit PoE-out ports and 2 SFP+. Power all your access points anywhere!","_hardware_title":"netPower 16P"}	6
netpower-lite-7r	netPower Lite 7R	Switches	0	118	netPower Lite 7R	CSS610-1Gi-7R-2S+OUT			netpower-lite-7r	netpower_lite_7r	{"Product code":"CSS610-1Gi-7R-2S+OUT","Suggested price":"$139.00","Switch chip model":"88E6193X","Dimensions":"303.5 x 211.9 x 71.3/72.3 (left/right) mm","Operating System":"SwitchOS Lite","Storage size":"64 KB","Storage type":"FLASH","MTBF":"Approximately 200'000 hours at 25C","Tested ambient temperature":"-40°C to 70°C","Number of DC inputs":"3 (DC jack, PoE-IN, 2-pin terminal)","DC jack input Voltage":"12-57 V","2-pin terminal input Voltage":"12-57 V","Max power consumption":"29 W","Max power consumption without attachments":"7 W","PoE in":"Passive PoE","Cooling type":"Passive","PoE in input Voltage":"12-57 V","PoE-out ports":"Ether8","PoE out":"Passive PoE","Low voltage PoE-Out current limit":"600 mA","High voltage PoE-Out current limit":"450 mA","Max total out (A)":"600 mA","10/100/1000 Ethernet ports":"8","Number of 1G Ethernet ports with Reverse PoE (PoE-in)":"7","Number of 1G Ethernet ports with PoE-out":"1","SFP+ ports":"2","Certification":"CE, EAC, ROHS","IP":"IP54","_www_title":"netPower Lite 7R","_www_tagline":"An outdoor reverse PoE switch with Gigabit Ethernet and 10G SFP+ ports.","_hardware_title":"netPower Lite 7R"}	6
netpower-lite-8p	netPower Lite 8P	Switches	0	119	netPower Lite 8P	CSS610-8P-2S+OUT			netpower-lite-8p	netpower_lite_ups	{"Product code":"CSS610-8P-2S+OUT","Suggested price":"$199.00","Switch chip model":"88E6193","Operating System":"SwOS Lite","Storage size":"64 KB","Storage type":"FLASH","MTBF":"Approximately 200'000 hours at 25C","Tested ambient temperature":"-40°C to 70°C","Number of DC inputs":"3 (2-pin terminal)","2-pin terminal input Voltage":"24-57 V (Battery 22-30 V)","Max power consumption":"208 W","Max power consumption without attachments":"9 W","Cooling type":"Passive","PoE-out ports":"Ether1-Ether8","PoE out":"802.3af/at","Low voltage PoE-Out current limit":"1.0 A","High voltage PoE-Out current limit":"0.64 A","Total output power":"120","10/100/1000 Ethernet ports":"8","Number of 1G Ethernet ports with PoE-out":"8","SFP+ ports":"2","CPU temperature monitor":"Yes","Current Monitor":"Yes","Voltage Monitor":"Yes","Certification":"CE, EAC, ROHS","IP":"54","_www_title":"netPower Lite 8P","_www_tagline":"Low-cost. Tough. And always ON! Compact PoE switch with built-in UPS and smart battery charger – because your CCTV cameras and access points deserve true off-the-grid resilience.","_hardware_title":"netPower Lite 8P"}	7
omnitik-5-poe-ac	OmniTIK 5 PoE ac	Wireless systems	0	120	OmniTIK 5 PoE ac	RBOmniTikPG-5HacD	MIPSBE	QCA9557	omnitik-series	rbomnitikpg_5hacd	{"Product code":"RBOmniTikPG-5HacD","Suggested price":"$139.00","Architecture":"MIPSBE","CPU":"QCA9557","CPU core count":"1","CPU nominal frequency":"720 MHz","Switch chip model":"QCA8337","Dimensions":"416 x 129 x 58 mm","RouterOS license":"4","Operating System":"RouterOS","Size of RAM":"128 MB","Storage size":"16 MB","Storage type":"FLASH","MTBF":"Approximately 200'000 hours at 25C","Tested ambient temperature":"-40°C to 70°C","Number of DC inputs":"1 (PoE-IN)","Max power consumption":"66 W","Max power consumption without attachments":"18 W","PoE in":"Passive PoE","Cooling type":"Passive","PoE in input Voltage":"12-57 V","PoE-out ports":"Ether2-Ether5","PoE out":"802.3af/at","Low voltage PoE-Out current limit":"1 A","High voltage PoE-Out current limit":"450 mA","Max total out (A)":"2 A","Wireless 5 GHz Max data rate":"867 Mbit/s","Wireless 5 GHz Number of chains":"2","Wireless 5 GHz standards":"802.11a/n/ac","Antenna gain dBi for 5 GHz":"7.5","Wireless 5 GHz chip model":"QCA9892","Wireless 5 GHz generation":"Wi-Fi 5","10/100/1000 Ethernet ports":"5","Number of USB ports":"1","USB Power Reset":"Yes","USB slot type":"USB type A","Max USB current (A)":"1","PCB temperature monitor":"Yes","Voltage Monitor":"Yes","Beeper":"Yes","Certification":"CE, FCC, IC, EAC, ROHS","IP":"IP54","_www_title":"OmniTIK 5 PoE ac","_www_tagline":"7.5dBi Integrated AP, 5GHz Dual chain with 802.11ac support, 5x Gigabit Ethernet ports with PoE-out","_hardware_title":"OmniTIK series","_fcc_id":["TV7OMNITIKPG5HACD","TV7RBOMNITIK5HND"]}	9
powerbox-pro	PowerBox Pro	Ethernet routers	0	121	PowerBox Pro	RB960PGS-PB	MIPSBE	QCA9557	powerbox-pro	RB960PGS-PB	{"Product code":"RB960PGS-PB","Suggested price":"$109.00","Architecture":"MIPSBE","CPU":"QCA9557","CPU core count":"1","CPU nominal frequency":"800 MHz","Switch chip model":"QCA8337","Dimensions":"125 x 52 x 225 mm","RouterOS license":"4","Operating System":"RouterOS","Size of RAM":"128 MB","Storage size":"16 MB","Storage type":"FLASH","MTBF":"Approximately 200'000 hours at 25C","Tested ambient temperature":"-40°C to 70°C","Number of DC inputs":"2 (DC jack, PoE-IN)","DC jack input Voltage":"12-57 V","Max power consumption":"54 W","Max power consumption without attachments":"6 W","PoE in":"Passive PoE","Cooling type":"Passive","PoE in input Voltage":"12-57 V","PoE-out ports":"Ether2-Ether5","PoE out":"802.3af/at","Low voltage PoE-Out current limit":"1 A","High voltage PoE-Out current limit":"450 mA","Max total out (A)":"2 A","10/100/1000 Ethernet ports":"5","SFP ports":"1","PCB temperature monitor":"Yes","Voltage Monitor":"Yes","Certification":"CE, EAC, ROHS","_www_title":"PowerBox Pro","_www_tagline":"Five Gigabit Ethernet Router with 4xPoE-out ports, SFP cage and outdoor enclosure","_hardware_title":"PowerBox Pro"}	5
qrt-5	QRT 5	Wireless systems	0	122	QRT 5	RB911G-5HPnD-QRT	MIPSBE	AR9342	qrt-5	RB911G-5HPnD-QRT	{"Product code":"RB911G-5HPnD-QRT","Suggested price":"$169.00","Architecture":"MIPSBE","CPU":"AR9342","CPU core count":"1","CPU nominal frequency":"600 MHz","Dimensions":"309x320x50mm","RouterOS license":"4","Operating System":"RouterOS","Size of RAM":"64 MB","Storage size":"128 MB","Storage type":"NAND","MTBF":"Approximately 200'000 hours at 25C","Tested ambient temperature":"-40°C to 70°C","Number of DC inputs":"1 (PoE-IN)","Max power consumption":"12 W","PoE in":"Passive PoE","Cooling type":"Passive","PoE in input Voltage":"8-28 V","Wireless 5 GHz Max data rate":"300 Mbit/s","Wireless 5 GHz Number of chains":"2","Wireless 5 GHz standards":"802.11a/n","Antenna gain dBi for 5 GHz":"24","Wireless 5 GHz chip model":"AR9342","Wireless 5 GHz generation":"Wi-Fi 4","10/100/1000 Ethernet ports":"1","PCB temperature monitor":"Yes","Voltage Monitor":"Yes","Beeper":"Yes","Certification":"CE, EAC, ROHS","IP":"54","_www_title":"QRT 5","_www_tagline":"5GHz AP/Backbone/CPE, dual-chain, Gigabit Ethernet","_hardware_title":"QRT 5"}	5
r11e-lte7	R11e-LTE7			123	R11e-LTE7	R11e-LTE7						2
rb1100ahx4	RB1100AHx4	Ethernet routers	0	132	RB1100AHx4	RB1100x4	ARM 32bit	AL21400	rb1100-series	rb1100ahx4	{"Product code":"RB1100x4","Suggested price":"$329.00","Architecture":"ARM 32bit","CPU":"AL21400","CPU core count":"4","CPU nominal frequency":"1.4 GHz","CPU Threads count":"4","Switch chip model":"RTL8367","Dimensions":"443 x 148 x 44 mm","RouterOS license":"6","Operating System":"RouterOS","Size of RAM":"1 GB","Storage size":"128 MB","Storage type":"NAND","MTBF":"Approximately 200'000 hours at 25C","Tested ambient temperature":"-40°C to 70°C","Number of AC inputs":"2","AC input range":"100-240","Number of DC inputs":"2 (PoE-IN, 2-pin terminal)","2-pin terminal input Voltage":"-48, 12-57 V","Max power consumption":"20 W","PoE in":"802.3af/at","Cooling type":"Passive","PoE in input Voltage":"20-57 V","10/100/1000 Ethernet ports":"13","Memory card type":"microSD","Memory Cards":"1","Serial console port":"RS232","Current Monitor":"Yes","PCB temperature monitor":"Yes","Voltage Monitor":"Yes","Mode button":"Yes","Beeper":"Yes","Certification":"CE, EAC, ROHS","IP":"IP20","_www_title":"RB1100AHx4","_www_tagline":"Powerful 1U rackmount router with 13x Gigabit Ethernet ports","_hardware_title":"RB1100-series"}	3
rb1100ahx4-dude-edition	RB1100AHx4 Dude Edition	Ethernet routers	0	133	RB1100AHx4 Dude Edition	RB1100Dx4	ARM 32bit	AL21400	rb1100-series	RB1100Dx4	{"Product code":"RB1100Dx4","Suggested price":"$385.00","Architecture":"ARM 32bit","CPU":"AL21400","CPU core count":"4","CPU nominal frequency":"1.4 GHz","CPU Threads count":"4","Switch chip model":"RTL8367","Dimensions":"443 x 148 x 44 mm","RouterOS license":"6","Operating System":"RouterOS","Size of RAM":"1 GB","Storage size":"128 MB","Storage type":"NAND","MTBF":"Approximately 200'000 hours at 25C","Tested ambient temperature":"-40°C to 70°C","Number of AC inputs":"2","Number of DC inputs":"2 (PoE-IN, 2-pin terminal)","2-pin terminal input Voltage":"-48, 20-57 V","Max power consumption":"33 W","Max power consumption without attachments":"25 W","PoE in":"802.3af/at","Cooling type":"Passive","PoE in input Voltage":"20-57 V","10/100/1000 Ethernet ports":"13","Extended storage":"60GB M.2 SSD included","Memory card type":"microSD","Memory Cards":"1","SATA ports":"2x SATA3","Serial console port":"RS232","Number of M.2 slots":"2","Current Monitor":"Yes","PCB temperature monitor":"Yes","Voltage Monitor":"Yes","Beeper":"Yes","Certification":"CE, EAC, ROHS","IP":"IP20","_www_title":"RB1100AHx4 Dude Edition","_www_tagline":"Powerful 1U rackmount router with 13x Gigabit Ethernet ports, 60GB M.2 drive for Dude database","_hardware_title":"RB1100-series"}	3
rb260gs	RB260GS	Switches	0	124	RB260GS	CSS106-5G-1S			rb260-series	RB260GS	{"Product code":"CSS106-5G-1S","Suggested price":"$39.95","Switch chip model":"QCA8337","Dimensions":"113x139x28mm","Operating System":"MikroTik SwOS","Storage size":"128 KB","Storage type":"FLASH","MTBF":"Approximately 100'000 hours at 25C","Tested ambient temperature":"-20°C to 70°C","Number of DC inputs":"2 (DC jack, PoE-IN)","DC jack input Voltage":"11-30 V","Max power consumption":"5 W","PoE in":"Passive PoE","Cooling type":"Passive","PoE in input Voltage":"11-30 V","10/100/1000 Ethernet ports":"5","SFP DDMI":"Yes","SFP ports":"1","Certification":"CE, EAC, ROHS","IP":"IP20","_www_title":"RB260GS","_www_tagline":"5x Gigabit Ethernet Smart Switch,\r\nSFP cage, \r\nplastic case,\r\nSwOS","_hardware_title":"RB260-series"}	4
rb260gsp	RB260GSP	Switches	0	125	RB260GSP	CSS106-1G-4P-1S			rb260-series	RB260GSP	{"Product code":"CSS106-1G-4P-1S","Suggested price":"$55.95","Switch chip model":"QCA8337","Dimensions":"113x139x28mm","Operating System":"MikroTik SwOS","Storage size":"128 KB","Storage type":"FLASH","MTBF":"Approximately 100'000 hours at 25C","Tested ambient temperature":"-20°C to 70°C","Number of DC inputs":"2 (DC jack, PoE-IN)","DC jack input Voltage":"11-30 V","Max power consumption":"53 W","Max power consumption without attachments":"5 W","PoE in":"Passive PoE","Cooling type":"Passive","PoE in input Voltage":"11-30 V","PoE-out ports":"Ether2-Ether5","PoE out":"Passive PoE","Low voltage PoE-Out current limit":"1 A","Max total out (A)":"2 A","10/100/1000 Ethernet ports":"5","SFP DDMI":"Yes","SFP ports":"1","PCB temperature monitor":"Yes","Voltage Monitor":"Yes","Certification":"CE, EAC, ROHS","IP":"IP20","_www_title":"RB260GSP","_www_tagline":"5x Gigabit PoE out Ethernet Smart Switch,\r\nSFP cage, \r\nplastic case,\r\nSwOS","_hardware_title":"RB260-series"}	3
rb4011igs-plus-5hacq2hnd-in	RB4011iGS+5HacQ2HnD-IN	Indoor wireless	0	134	RB4011iGS+5HacQ2HnD-IN	RB4011iGS+5HacQ2HnD-IN	ARM 32bit	AL21400	rb4011igs-plus-5hacq2hnd-in	rb4011igs_5hacq2hnd_in	{"Product code":"RB4011iGS+5HacQ2HnD-IN","Suggested price":"$275.00","Architecture":"ARM 32bit","CPU":"AL21400","CPU core count":"4","CPU nominal frequency":"auto (533 - 1900) MHz","CPU Threads count":"4","Switch chip model":"RTL8367SB","Dimensions":"228 x 120 x 30 mm","RouterOS license":"5","Operating System":"RouterOS v7","Size of RAM":"1 GB","Storage size":"512 MB","Storage type":"NAND","MTBF":"Approximately 200'000 hours at 25C","Tested ambient temperature":"-40°C to 45°C","Wireless 5 GHz Max data rate":"1733 Mbit/s","Wireless 5 GHz Number of chains":"4","Wireless 5 GHz standards":"802.11a/n/ac","Antenna gain dBi for 5 GHz":"3","Wireless 5 GHz chip model":"QCA9984","Wireless 5 GHz generation":"Wi-Fi 5","Wireless 2.4 GHz Max data rate":"300 Mbit/s","Wireless 2.4 GHz Number of chains":"2","Wireless 2.4 GHz standards":"802.11b/g/n","Antenna gain dBi for 2.4 GHz":"3","Wireless 2.4 GHz chip model":"R11e-2HnD","Wireless 2.4 GHz generation":"Wi-Fi 4","WiFi speed":"AC2000","10/100/1000 Ethernet ports":"10","SFP+ ports":"1","MiniPCI-e slots":"1","Serial console port":"RJ45","Number of DC inputs":"2 (DC jack, PoE-IN)","DC jack input Voltage":"12-57 V","Max power consumption":"44 W","Max power consumption without attachments":"23 W","PoE in":"Passive PoE","Cooling type":"Passive","PoE in input Voltage":"18-57 V","PoE-out ports":"Ether10","PoE out":"Passive PoE up to 57V","Low voltage PoE-Out current limit":"600 mA","High voltage PoE-Out current limit":"420 mA","Max total out (A)":"600 mA","Certification":"CE, FCC, IC, EAC, ROHS","IP":"IP20","PCB temperature monitor":"Yes","Voltage Monitor":"Yes","_www_title":"RB4011iGS+5HacQ2HnD-IN","_www_tagline":"Powerful 10xGigabit port router with a Quad-core 1.4Ghz CPU, 1GB RAM, SFP+ 10Gbps cage, dual band 2.4GHz / 5GHz 4x4 MIMO 802.11a/b/g/n/ac wireless and desktop case","_hardware_title":"RB4011iGS+5HacQ2HnD-IN","_fcc_id":["TV74011GS-5HQ2HD"],"_ic":["7442A-4011G5Q2"]}	5
rb4011igs-plus-rm	RB4011iGS+RM	Ethernet routers	0	135	RB4011iGS+RM	RB4011iGS+RM	ARM 32bit	AL21400	rb4011igs-plus-rm	rb4011igs_rm	{"Product code":"RB4011iGS+RM","Suggested price":"$219.00","Architecture":"ARM 32bit","CPU":"AL21400","CPU core count":"4","CPU nominal frequency":"auto (533 - 1900) MHz","CPU Threads count":"4","Switch chip model":"RTL8367SB","Dimensions":"228 x 120 x 30 mm","RouterOS license":"5","Operating System":"RouterOS v7","Size of RAM":"1 GB","Storage size":"512 MB","Storage type":"NAND","MTBF":"Approximately 200'000 hours at 25C","Tested ambient temperature":"-40°C to 70°C","Number of DC inputs":"2 (DC jack, PoE-IN)","DC jack input Voltage":"12-57 V","Max power consumption":"33 W","Max power consumption without attachments":"18 W","PoE in":"Passive PoE","Cooling type":"Passive","PoE in input Voltage":"18-57 V","PoE-out ports":"Ether10","PoE out":"Passive PoE up to 57V","Low voltage PoE-Out current limit":"600 mA","High voltage PoE-Out current limit":"420 mA","Max total out (A)":"600 mA","10/100/1000 Ethernet ports":"10","SFP+ ports":"1","Serial console port":"RJ45","PCB temperature monitor":"Yes","Voltage Monitor":"Yes","Certification":"CE, EAC, ROHS","IP":"IP20","_www_title":"RB4011iGS+RM","_www_tagline":"Powerful 10xGigabit port router with a Quad-core 1.4Ghz CPU, 1GB RAM, SFP+ 10Gbps cage and desktop case with rack ears","_hardware_title":"RB4011iGS+RM"}	5
rb450gx4	RB450Gx4	RouterBOARD	0	126	RB450Gx4	RB450Gx4	ARM 32bit	IPQ-4019	rb450gx4	rb450gx4	{"Product code":"RB450Gx4","Suggested price":"$99.00","Architecture":"ARM 32bit","CPU":"IPQ-4019","CPU core count":"4","CPU nominal frequency":"448-896 (auto) MHz","CPU Threads count":"4","Switch chip model":"IPQ-4019","Dimensions":"90 x 116 mm","RouterOS license":"5","Operating System":"RouterOS","Size of RAM":"1 GB","Storage size":"512 MB","Storage type":"NAND","MTBF":"Approximately 100'000 hours at 25C","Tested ambient temperature":"-40°C to 70°C","Number of DC inputs":"3 (DC jack, PoE-IN)","DC jack input Voltage":"10-57 V","Max power consumption":"16 W","Max power consumption without attachments":"4 W","PoE in":"802.3af/at","Cooling type":"Passive","PoE in input Voltage":"12-57 V","PoE-out ports":"Ether5","PoE out":"Passive PoE","Low voltage PoE-Out current limit":"500 mA","High voltage PoE-Out current limit":"500 mA","Max total out (A)":"500 mA","10/100/1000 Ethernet ports":"5","Memory card type":"microSD","Serial console port":"RS232","PCB temperature monitor":"Yes","Voltage Monitor":"Yes","Beeper":"Yes","Certification":"CE, EAC, ROHS","IP":"IP00","_www_title":"RB450Gx4","_www_tagline":"Four core 716MHz CPU, 1GB RAM, 5xGigabit Ethernet, PoE out on port #5, RouterOS L5","_hardware_title":"RB450Gx4"}	1
rb5009ug-plus-s-plus-in	RB5009UG+S+IN	Ethernet routers	0	136	RB5009UG+S+IN	RB5009UG+S+IN	ARM 64bit	88F7040	rb5009ug-plus-s-plus-in	rb5009ug_s_in	{"Product code":"RB5009UG+S+IN","Suggested price":"$219.00","Architecture":"ARM 64bit","CPU":"88F7040","CPU core count":"4","CPU nominal frequency":"350-1400 (auto) MHz","CPU Threads count":"4","Switch chip model":"88E6393","Dimensions":"220 x 125 x 22 mm","RouterOS license":"5","Operating System":"RouterOS v7","Size of RAM":"1 GB","Storage size":"1 GB","Storage type":"NAND","MTBF":"Approximately 200'000 hours at 25C","Tested ambient temperature":"-40°C to 60°C","Number of DC inputs":"3 (DC jack, PoE-IN, 2-pin terminal)","DC jack input Voltage":"24-57 V","2-pin terminal input Voltage":"24-57 V","Max power consumption":"25 W","Max power consumption without attachments":"14 W","PoE in":"802.3af/at","Cooling type":"Passive","PoE in input Voltage":"24-57 V","10/100/1000 Ethernet ports":"7","Number of 2.5G Ethernet ports":"1","SFP+ ports":"1","Number of USB ports":"1","USB Power Reset":"Yes","USB slot type":"USB 3.0 type A","Max USB current (A)":"1.5","CPU temperature monitor":"Yes","Certification":"CE, EAC, ROHS","_www_title":"RB5009UG+S+IN","_www_tagline":"The ultimate heavy-duty home lab router with USB 3.0, 1G and 2.5G Ethernet and a 10G SFP+ cage. You can mount four of these new routers in a single 1U rackmount space! Unprecedented processing power in such a small form factor.","_hardware_title":"RB5009UG+S+IN"}	5
rb5009upr-plus-s-plus-in	RB5009UPr+S+IN	Ethernet routers	0	137	RB5009UPr+S+IN	RB5009UPr+S+IN	ARM 64bit	88F7040	rb5009upr-plus-s-plus-in	rb5009upr_s_in	{"Product code":"RB5009UPr+S+IN","Suggested price":"$299.00","Architecture":"ARM 64bit","CPU":"88F7040","CPU core count":"4","CPU nominal frequency":"350-1400 (auto) MHz","CPU Threads count":"4","Switch chip model":"88E6393","RouterOS license":"5","Operating System":"RouterOS v7","Size of RAM":"1 GB","Storage size":"1 GB","Storage type":"NAND","MTBF":"Approximately 200'000 hours at 25C","Tested ambient temperature":"-40°C to 60°C","Number of DC inputs":"3 (DC jack, PoE-IN, 2-pin terminal)","DC jack input Voltage":"24-57 V","2-pin terminal input Voltage":"24-57 V","Max power consumption":"150 W","Max power consumption without attachments":"16 W","PoE in":"802.3af/at (ether1), Mode B (ether2-ether8)","Cooling type":"Passive","PoE in input Voltage":"24-57 V","PoE-out ports":"Ether1-Ether8","PoE out":"802.3af/at","Low voltage PoE-Out current limit":"900 mA","High voltage PoE-Out current limit":"440 mA","Max total out (A)":"2.59 A","Total output current":"2.28","Total output power":"130","10/100/1000 Ethernet ports":"7","Number of 1G Ethernet ports with Reverse PoE (PoE-in)":"7","Number of 2.5G Ethernet ports":"1","Number of 2.5G Ethernet ports with Reverse PoE (PoE-in)":"1","SFP+ ports":"1","Number of USB ports":"1","USB Power Reset":"Yes","USB slot type":"USB 3.0 type A","Max USB current (A)":"1.5","CPU temperature monitor":"Yes","Current Monitor":"Yes","PCB temperature monitor":"Yes","Voltage Monitor":"Yes","Certification":"CE, EAC, ROHS","IP":"20","_www_title":"RB5009UPr+S+IN","_www_tagline":"A new version of our popular heavy-duty RB5009 router with\r\nPoE-in and PoE-out on all ports. Perfect for small and medium ISPs.\r\n2.5 Gigabit Ethernet & 10 Gigabit SFP+, numerous powering options.","_hardware_title":"RB5009UPr+S+IN"}	5
rb5009upr-plus-s-plus-out	RB5009UPr+S+OUT	Ethernet routers	0	138	RB5009UPr+S+OUT	RB5009UPr+S+OUT	ARM 64bit	88F7040	rb5009upr-plus-s-plus-out	rb5009_out	{"Product code":"RB5009UPr+S+OUT","Suggested price":"$319.00","Architecture":"ARM 64bit","CPU":"88F7040","CPU core count":"4","CPU nominal frequency":"350-1400 (auto) MHz","CPU Threads count":"4","Switch chip model":"88E6393","RouterOS license":"5","Operating System":"RouterOS v7","Size of RAM":"1 GB","Storage size":"1 GB","Storage type":"NAND","MTBF":"Approximately 200'000 hours at 25C","Tested ambient temperature":"-40°C to 70°C","Number of DC inputs":"2 (PoE-IN, 2-pin terminal)","2-pin terminal input Voltage":"24-57 V","Max power consumption":"150 W","Max power consumption without attachments":"15 W","PoE in":"802.3af/at","Cooling type":"Passive","PoE in input Voltage":"24-57 V","PoE-out ports":"Ether1-Ether8","PoE out":"802.3af/at","Low voltage PoE-Out current limit":"900 mA","High voltage PoE-Out current limit":"440 mA","Max total out (A)":"2.59 A","Total output current":"2.28","Total output power":"130","10/100/1000 Ethernet ports":"7","Number of 1G Ethernet ports with Reverse PoE (PoE-in)":"7","Number of 2.5G Ethernet ports":"1","Number of 2.5G Ethernet ports with PoE-out":"1","SFP+ ports":"1","Number of USB ports":"1","USB Power Reset":"Yes","USB slot type":"USB 3.0 type A","Max USB current (A)":"1.5","CPU temperature monitor":"Yes","Current Monitor":"Yes","PCB temperature monitor":"Yes","Voltage Monitor":"Yes","Certification":"CE, EAC, ROHS","IP":"66","_www_title":"RB5009UPr+S+OUT","_www_tagline":"An outdoor version of our best-selling heavy-duty PoE router. Extensive power redundancy for the best price! 7x Gigabit Ethernet ports, 1x 2.5 Gigabit Ethernet, 10G SFP+, 1GB of RAM, 1GB NAND, modern quad-core CPU, 9 (!) powering options, durable IP66 waterproof enclosure.","_hardware_title":"RB5009UPr+S+OUT"}	5
rb911g-5hpnd	RB911G-5HPnD	RouterBOARD	0	127	RB911G-5HPnD	RB911G-5HPnD	MIPSBE	AR9342	rb911-series	RB911G-5HPnD	{"Product code":"RB911G-5HPnD","Suggested price":"$55.00","Architecture":"MIPSBE","CPU":"AR9342","CPU core count":"1","CPU nominal frequency":"600 MHz","Dimensions":"105x105mm","RouterOS license":"3","Operating System":"RouterOS","Size of RAM":"64 MB","Storage size":"128 MB","Storage type":"NAND","MTBF":"Approximately 100'000 hours at 25C","Tested ambient temperature":"-40°C to 70°C","Number of DC inputs":"2 (DC jack, PoE-IN)","DC jack input Voltage":"8-28 V","Max power consumption":"11 W","PoE in":"Passive PoE","Cooling type":"Passive","PoE in input Voltage":"8-28 V","Wireless 5 GHz Max data rate":"300 Mbit/s","Wireless 5 GHz Number of chains":"2","Wireless 5 GHz standards":"802.11a/n","Wireless 5 GHz chip model":"AR9342","Wireless 5 GHz generation":"Wi-Fi 4","10/100/1000 Ethernet ports":"1","PCB temperature monitor":"Yes","Voltage Monitor":"Yes","Beeper":"Yes","Certification":"CE, FCC, IC, EAC, ROHS","_www_title":"RB911G-5HPnD","_www_tagline":"600MHz CPU, 32MB RAM,\r\n1xGigabit Ethernet,\r\nonboard 5GHz wireless,\r\nRouterOS L3","_hardware_title":"RB911-series"}	3
rb912uag-2hpnd	RB912UAG-2HPnD	RouterBOARD	0	128	RB912UAG-2HPnD	RB912UAG-2HPnD	MIPSBE	AR9342	rb912uag-series	RB912UAG-2HPnD	{"Product code":"RB912UAG-2HPnD","Suggested price":"$79.00","Architecture":"MIPSBE","CPU":"AR9342","CPU core count":"1","CPU nominal frequency":"600 MHz","Dimensions":"105x105mm","RouterOS license":"4","Operating System":"RouterOS","Size of RAM":"64 MB","Storage size":"128 MB","Storage type":"NAND","MTBF":"Approximately 100'000 hours at 25C","Tested ambient temperature":"-40°C to 70°C","Number of DC inputs":"2 (DC jack, PoE-IN)","DC jack input Voltage":"8-30 V","Max power consumption":"13.5 W","PoE in":"Passive PoE","Cooling type":"Passive","PoE in input Voltage":"8-30 V","Wireless 2.4 GHz Max data rate":"300 Mbit/s","Wireless 2.4 GHz Number of chains":"2","Wireless 2.4 GHz standards":"802.11b/g/n","Wireless 2.4 GHz chip model":"AR9342","Wireless 2.4 GHz generation":"Wi-Fi 4","10/100/1000 Ethernet ports":"1","Number of SIM slots":"1 Modem (Mini SIM)","MiniPCI-e slots":"1","Number of USB ports":"1","USB Power Reset":"Yes","USB slot type":"USB type A","Max USB current (A)":"1","PCB temperature monitor":"Yes","Voltage Monitor":"Yes","Beeper":"Yes","Certification":"FCC, IC","IP":"IP00","_www_title":"RB912UAG-2HPnD","_www_tagline":"600MHz CPU, 64MB RAM,\r\n1xGigabit Ethernet, \r\nonboard 2.4Ghz wireless,\r\nminiPCI-express, USB, SIM slot,\r\nRouterOS L4","_hardware_title":"RB912UAG-series","_fcc_id":["TV7RB912G-2HPND"]}	3
rb912uag-5hpnd	RB912UAG-5HPnD	RouterBOARD	0	129	RB912UAG-5HPnD	RB912UAG-5HPnD	MIPSBE	AR9342	rb912uag-series	RB912UAG-5HPnD	{"Product code":"RB912UAG-5HPnD","Suggested price":"$79.00","Architecture":"MIPSBE","CPU":"AR9342","CPU core count":"1","CPU nominal frequency":"600 MHz","Dimensions":"105x105mm","RouterOS license":"4","Operating System":"RouterOS","Size of RAM":"64 MB","Storage size":"128 MB","Storage type":"NAND","MTBF":"Approximately 100'000 hours at 25C","Tested ambient temperature":"-40°C to 70°C","Number of DC inputs":"2 (DC jack, PoE-IN)","DC jack input Voltage":"8-30 V","Max power consumption":"12 W","PoE in":"Passive PoE","Cooling type":"Passive","PoE in input Voltage":"8-30 V","Wireless 5 GHz Max data rate":"300 Mbit/s","Wireless 5 GHz Number of chains":"2","Wireless 5 GHz standards":"802.11a/n","Wireless 5 GHz chip model":"AR9342","Wireless 5 GHz generation":"Wi-Fi 4","10/100/1000 Ethernet ports":"1","Number of SIM slots":"1 Modem (Mini SIM)","MiniPCI-e slots":"1","Number of USB ports":"1","USB Power Reset":"Yes","USB slot type":"USB type A","Max USB current (A)":"1","PCB temperature monitor":"Yes","Voltage Monitor":"Yes","Beeper":"Yes","Certification":"CE, FCC, IC, EAC, ROHS","IP":"IP00","_www_title":"RB912UAG-5HPnD","_www_tagline":"600MHz CPU, 64MB RAM,\r\n1xGigabit Ethernet, \r\nonboard 5Ghz wireless,\r\nminiPCI-express, USB, SIM slot,\r\nRouterOS L4","_hardware_title":"RB912UAG-series","_fcc_id":["TV7RB912G-5HPNDM"]}	2
rb922uags-5hpacd	RB922UAGS-5HPacD	RouterBOARD	0	130	RB922UAGS-5HPacD	RB922UAGS-5HPacD	MIPSBE	QCA9557	rb922uags-5hpacd	RB922UAGS-5HPacD	{"Product code":"RB922UAGS-5HPacD","Suggested price":"$99.00","Architecture":"MIPSBE","CPU":"QCA9557","CPU core count":"1","CPU nominal frequency":"720 MHz","Dimensions":"105x105mm","RouterOS license":"4","Operating System":"RouterOS","Size of RAM":"128 MB","Storage size":"128 MB","Storage type":"NAND","MTBF":"Approximately 100'000 hours at 25C","Tested ambient temperature":"-40°C to 70°C","Number of DC inputs":"2 (DC jack, PoE-IN)","DC jack input Voltage":"8-30 V","Max power consumption":"17 W","PoE in":"Passive PoE","Cooling type":"Passive","PoE in input Voltage":"8-30 V","Wireless 5 GHz Max data rate":"867 Mbit/s","Wireless 5 GHz Number of chains":"2","Wireless 5 GHz standards":"802.11a/n/ac","Wireless 5 GHz chip model":"QCA9882","Wireless 5 GHz generation":"Wi-Fi 5","10/100/1000 Ethernet ports":"1","SFP DDMI":"yes","SFP ports":"1","Number of SIM slots":"1 Modem (Mini SIM)","MiniPCI-e slots":"1","Number of USB ports":"1","USB Power Reset":"Yes","USB slot type":"USB type A","Max USB current (A)":"1","PCB temperature monitor":"Yes","Voltage Monitor":"Yes","Beeper":"Yes","Certification":"CE, FCC, IC, EAC, ROHS","IP":"IP00","_www_title":"RB922UAGS-5HPacD","_www_tagline":"720Mhz CPU, 128MB RAM, 1xGigabit Ethernet, 1xSFP cage, 1xminiPCI-e, 1xSIM, onboard 802.11ac Two Chain 5Ghz wireless, RouterOS L4","_hardware_title":"RB922UAGS-5HPacD"}	2
rb951ui-2hnd	RB951Ui-2HnD	Indoor wireless	0	131	RB951Ui-2HnD	RB951Ui-2HnD	MIPSBE	AR9344	rb951-series	RB951Ui-2HnD	{"Product code":"RB951Ui-2HnD","Suggested price":"$59.95","Architecture":"MIPSBE","CPU":"AR9344","CPU core count":"1","CPU nominal frequency":"600 MHz","Dimensions":"113x138x29mm","RouterOS license":"4","Operating System":"RouterOS","Size of RAM":"128 MB","Storage size":"128 MB","Storage type":"NAND","MTBF":"Approximately 100'000 hours at 25C","Tested ambient temperature":"-20C +60C","Wireless 2.4 GHz Max data rate":"300 Mbit/s","Wireless 2.4 GHz Number of chains":"2","Wireless 2.4 GHz standards":"802.11b/g/n","Antenna gain dBi for 2.4 GHz":"2.5","Wireless 2.4 GHz chip model":"AR9344","Wireless 2.4 GHz generation":"Wi-Fi 4","10/100 Ethernet ports":"5","Number of USB ports":"1","USB Power Reset":"Yes","USB slot type":"USB type A","Max USB current (A)":"1","Number of DC inputs":"2 (DC jack, PoE-IN)","DC jack input Voltage":"8-30 V","Max power consumption":"24 W","Max power consumption without attachments":"7 W","PoE in":"Passive PoE","Cooling type":"Passive","PoE in input Voltage":"8-30 V","PoE-out ports":"Ether5","PoE out":"Passive PoE","Low voltage PoE-Out current limit":"500 mA","Max total out (A)":"500 mA","Certification":"CE, FCC, IC, EAC, ROHS","IP":"IP20","Beeper":"Yes","_www_title":"RB951Ui-2HnD","_www_tagline":"2.4GHz AP with five Ethernet ports and PoE output on port 5. It has a 600MHz CPU, 128MB RAM and a USB port.","_hardware_title":"RB951-series","_fcc_id":["TV7RB951G-2HND","TV7RB951U-2HND"]}	4
rbm33g	RBM33G	RouterBOARD	0	139	RBM33G	RBM33G	MMIPS	MT7621A	rbm33g	rbm33g	{"Product code":"RBM33G","Suggested price":"$59.00","Architecture":"MMIPS","CPU":"MT7621A","CPU core count":"2","CPU nominal frequency":"880 MHz","CPU Threads count":"4","Switch chip model":"MT7621A","RouterOS license":"4","Operating System":"RouterOS","Size of RAM":"256 MB","Storage size":"16 MB","Storage type":"FLASH","MTBF":"Approximately 100'000 hours at 25C","Tested ambient temperature":"-40°C to 70°C","Number of DC inputs":"2 (DC jack, PoE-IN)","DC jack input Voltage":"11-28 V","Max power consumption":"24 W","Max power consumption without attachments":"5 W","PoE in":"Passive PoE","Cooling type":"Passive","PoE in input Voltage":"11-28 V","10/100/1000 Ethernet ports":"3","Number of SIM slots":"2 Modem (Mini SIM)","M.2 slots":"1","MiniPCI-e slots":"2","Serial console port":"RS232 + GPIO header","Number of USB ports":"1","USB Power Reset":"Yes","USB slot type":"USB 3.0 type A","Max USB current (A)":"1","Number of M.2 slots":"1","Certification":"CE, EAC, ROHS","_www_title":"RBM33G","_www_tagline":"Powerful OEM board with three Gigabit LAN and two miniPCIe slots","_hardware_title":"RBM33G"}	1
rose-data-server-rds	ROSE Data server (RDS)	Ethernet routers	0	140	ROSE Data server (RDS)	RDS2216-2XG-4S+4XS-2XQ	ARM 64bit	AL73400	rose-data-server	rds2216	{"Product code":"RDS2216-2XG-4S+4XS-2XQ","Suggested price":"$1,950.00","Architecture":"ARM 64bit","CPU":"AL73400","CPU core count":"16","CPU nominal frequency":"2000 MHz","CPU Threads count":"16","Switch chip model":"98DX4310","Dimensions":"476 x 443 x 44 mm","RouterOS license":"6","Operating System":"RouterOS v7 (Special ROSE edition)","Size of RAM":"32 GB","Storage size":"128 MB","Storage type":"NAND","MTBF":"Approximately 200'000 hours at 25C","Tested ambient temperature":"-20°C to 50°C","Number of AC inputs":"2","AC input range":"100-240","Frequency (Hz)":"50-60","Max power consumption":"286 W","Max power consumption without attachments":"105 W","Cooling type":"10 fans","10/100/1000 Ethernet ports":"1","Number of 1G/2.5G/5G/10G Ethernet ports":"2","SFP+ ports":"4","Number of 25G SFP28 ports":"4","Number of 100G QSFP28 ports":"2","Serial console port":"RJ45","Number of USB ports":"2","USB Power Reset":"Yes","USB slot type":"USB 3.0 type A","Max USB current (A)":"1","Number of M.2 slots":"2","CPU temperature monitor":"Yes","PCB temperature monitor":"Yes","Voltage Monitor":"Yes","Mode button":"Yes","Certification":"CE, EAC, ROHS","IP":"20","_www_title":"ROSE Data server (RDS)","_www_tagline":"RDS is a high-performance, all-in-one storage, 100G networking, and container\r\nplatform designed for enterprise environments.  Featuring 20 U.2 NVMe storage slots and a special RouterOS Edition for Storage & Compute (ROSE).","_hardware_title":"ROSE Data Server"}	6
sxt-lte7-kit	SXT R	LTE products	1	141	SXT LTE7 kit	SXTR&R11e-LTE7r3	MIPSBE	QCA9531	sxt-r	sxt_r	{"Product code":"RBSXTR","Suggested price":"$89.00","Architecture":"MIPSBE","CPU":"QCA9531","CPU core count":"1","CPU nominal frequency":"650 MHz","Switch chip model":"QCA9531","RouterOS license":"3","Operating System":"RouterOS","Size of RAM":"64 MB","Storage size":"16 MB","Storage type":"FLASH","MTBF":"Approximately 100'000 hours at 25C","Tested ambient temperature":"-40°C to 60°C","Number of DC inputs":"1 (PoE-IN)","PoE in":"802.3af/at","Cooling type":"Passive","PoE in input Voltage":"12-57 V","PoE-out ports":"Ether2","PoE out":"Passive PoE up to 57V","Low voltage PoE-Out current limit":"600 mA","High voltage PoE-Out current limit":"400 mA","Max total out (A)":"600 mA","10/100 Ethernet ports":"2","Number of SIM slots":"2 Modem (Micro SIM)","MiniPCI-e slots":"1","Mode button":"Yes","Certification":"CE, EAC, ROHS","_www_title":"SXT R","_www_tagline":"10.5dBi 60 degree LTE antenna with 2x Ethernet ports (one with PoE out), WITHOUT LTE modem","_hardware_title":"SXT R"}	9
sxt-sa5-ac	SXT SA5 ac	Wireless systems	0	142	SXT SA5 ac	RBSXTG-5HPacD-SAr2	MIPSBE	QCA9557	sxtsa-series	RBSXTG-5HPacD-SAr2	{"Product code":"RBSXTG-5HPacD-SA","Suggested price":"$119.00","Architecture":"MIPSBE","CPU":"QCA9557","CPU core count":"1","CPU nominal frequency":"720 MHz","RouterOS license":"4","Operating System":"RouterOS","Size of RAM":"128 MB","Storage size":"128 MB","Storage type":"NAND","MTBF":"Approximately 200'000 hours at 25C","Tested ambient temperature":"-40°C to 70°C","Number of DC inputs":"1 (PoE-IN)","Supported Voltage":"15-60V","Max power consumption":"12 W","PoE in":"802.3af/at","Cooling type":"Passive","PoE in input Voltage":"12-57 V","Wireless 5 GHz Max data rate":"867 Mbit/s","Wireless 5 GHz Number of chains":"2","Wireless 5 GHz standards":"802.11a/n/ac","Antenna gain dBi for 5 GHz":"14","Wireless 5 GHz chip model":"QCA9892","Wireless 5 GHz generation":"Wi-Fi 5","10/100/1000 Ethernet ports":"1","Number of USB ports":"1","USB Power Reset":"Yes","USB slot type":"USB type A","Max USB current (A)":"1","PCB temperature monitor":"Yes","Voltage Monitor":"Yes","Beeper":"Yes","Certification":"CE, FCC, IC, EAC, ROHS","IP":"IP54","_www_title":"SXT SA5 ac","_www_tagline":"802.11ac up to 540Mbit, high output, wide beamwidth sector antenna","_hardware_title":"SXTSA-series"}	8
sxtsq-5-ac	SXTsq 5 ac	Wireless systems	0	143	SXTsq 5 ac	RBSXTsqG-5acDr2	ARM 32bit	IPQ-4018	sxtsq-series	sxtsq_5_ac	{"Product code":"RBSXTsqG-5acD","Suggested price":"$65.00","Architecture":"ARM 32bit","CPU":"IPQ-4018","CPU core count":"4","CPU nominal frequency":"488-896 (auto) MHz","CPU Threads count":"4","Dimensions":"129 x 129 x 34 mm","RouterOS license":"3","Operating System":"RouterOS","Size of RAM":"256 MB","Storage size":"16 MB","Storage type":"FLASH","MTBF":"Approximately 100'000 hours at 25C","Tested ambient temperature":"-40°C to 70°C","Number of DC inputs":"1 (PoE-IN)","Max power consumption":"7 W","PoE in":"Passive PoE","Cooling type":"Passive","PoE in input Voltage":"10-28 V","Wireless 5 GHz Max data rate":"867 Mbit/s","Wireless 5 GHz Number of chains":"2","Wireless 5 GHz standards":"802.11a/n/ac","Antenna gain dBi for 5 GHz":"16","Wireless 5 GHz chip model":"IPQ-4018","Wireless 5 GHz generation":"Wi-Fi 5","10/100/1000 Ethernet ports":"1","Certification":"CE, FCC, IC, EAC, ROHS","IP":"55","_www_title":"SXTsq 5 ac","_www_tagline":"Low-cost small-size 16dBi 5GHz dual chain integrated CPE/Backbone with AC support and Gigabit Ethernet","_hardware_title":"SXTsq-series","_fcc_id":["TV7LHG5ACD"]}	8
sxtsq-5-ax	SXTsq-5axD	Wireless systems		144	SXTsq 5 ax	SXTsq-5axD	ARM 32bit	IPQ-5010	sxtsq-5axd		{"_hardware_title":"SXTsq-5axD"}	4
sxtsq-embedded-lte4	SXTsq Embedded LTE4	LTE products	0	145	SXTsq Embedded LTE4	EC25-EU&SXTsq	ARM 32bit	Cortex A7	sxtsq-embedded-lte4	sxtsq_emb_lte4	{"Product code":"EC25-EU&SXTsq","Suggested price":"$89.00","Architecture":"ARM 32bit","CPU":"Cortex A7","CPU core count":"1","CPU nominal frequency":"800 MHz","RouterOS license":"3","Operating System":"RouterOS v7","Size of RAM":"256 MB","Storage size":"512 MB","Storage type":"NAND","MTBF":"Approximately 100'000 hours at 25C","Tested ambient temperature":"-40°C to 70°C","Number of DC inputs":"1 (PoE-IN)","Max power consumption":"5 W","PoE in":"Passive","Cooling type":"Passive","PoE in input Voltage":"12-28 V","2G Category":"Class33","2G bands":"3 (1800MHz) 8 (900MHz)","3G Category":"R8 (42.2Mbps Downlink, 5.76Mbps Uplink)","3G bands":"1 (2100MHz) 8 (900MHz)","LTE Category":"4 (150Mbps Downlink, 50Mbps Uplink)","MIMO DL":"2x2","LTE FDD bands":"1 (2100MHz) 3 (1800MHz) 7 (2600MHz) 8 (900 MHz) 20 (800MHz) 28A (700 MHz)","LTE TDD bands":"38 (2600MHz) 40 (2300MHz) 41 (2500MHz)","TAC":"86554604","10/100/1000 Ethernet ports":"1","Number of SIM slots":"2 Modem (Nano SIM)","CPU temperature monitor":"Yes","eSIM":"Yes","Certification":"CE, EAC, ROHS","IP":"67","_www_title":"SXTsq Embedded LTE4","_www_tagline":"A cost-effective outdoor LTE device with an integrated 2×2 MIMO directional antenna, Cat4 LTE modem and RouterOS v7, designed for reliable remote connectivity. Available in EU (EC25-EU) and Global (EG25-G) versions with eSIM support, PoE-in, and a rugged IP-rated SXTsq outdoor enclosure, it delivers stable LTE connectivity with only 5 W max power consumption. This is the regular or EU version.","_hardware_title":"SXTsq Embedded LTE4","_non_default_ips":["192.168.188.1"]}	8
sxtsq-embedded-lte4-global	SXTsq Embedded LTE4 Global			146	SXTsq Embedded LTE4 Global	EG25-G&SXTsq	ARM 32bit	Cortex A7				2
sxtsq-lite2	SXTsq Lite2	Wireless systems	0	147	SXTsq Lite2	RBSXTsq2nD	MIPSBE	QCA9533	sxtsq-series	sxtsq_lite2	{"Product code":"RBSXTsq2nD","Suggested price":"$39.00","Architecture":"MIPSBE","CPU":"QCA9533","CPU core count":"1","CPU nominal frequency":"650 MHz","Dimensions":"129 x 129 x 34 mm","RouterOS license":"3","Operating System":"RouterOS","Size of RAM":"64 MB","Storage size":"16 MB","Storage type":"FLASH","MTBF":"Approximately 100'000 hours at 25C","Tested ambient temperature":"-40°C to 70°C","Number of DC inputs":"1 (PoE-IN)","Max power consumption":"5 W","PoE in":"Passive PoE","Cooling type":"Passive","PoE in input Voltage":"10-30 V","Wireless 2.4 GHz Max data rate":"300 Mbit/s","Wireless 2.4 GHz Number of chains":"2","Wireless 2.4 GHz standards":"802.11b/g/n","Antenna gain dBi for 2.4 GHz":"10","Wireless 2.4 GHz chip model":"QCA9533","Wireless 2.4 GHz generation":"Wi-Fi 4","10/100 Ethernet ports":"1","Certification":"CE, FCC, IC, EAC, ROHS","IP":"IP54","_www_title":"SXTsq Lite2","_www_tagline":"Low-cost small-size 10dBi 2.4GHz dual chain integrated CPE/Backbone","_hardware_title":"SXTsq-series","_fcc_id":["TV7SXTSQ-2ND"]}	4
sxtsq-lite5	SXTsq Lite5	Wireless systems	0	148	SXTsq Lite5	RBSXTsq5nD	MIPSBE	AR9344	sxtsq-series	RBSXTsq5nD	{"Product code":"RBSXTsq5nD","Suggested price":"$46.00","Architecture":"MIPSBE","CPU":"AR9344","CPU core count":"1","CPU nominal frequency":"600 MHz","Dimensions":"129x129x34mm","RouterOS license":"3","Operating System":"RouterOS","Size of RAM":"64 MB","Storage size":"16 MB","Storage type":"FLASH","MTBF":"Approximately 100'000 hours at 25C","Tested ambient temperature":"-40°C to 70°C","Number of DC inputs":"1 (PoE-IN)","Max power consumption":"6 W","PoE in":"Passive PoE","Cooling type":"Passive","PoE in input Voltage":"10-30 V","Wireless 5 GHz Max data rate":"300 Mbit/s","Wireless 5 GHz Number of chains":"2","Wireless 5 GHz standards":"802.11a/n","Antenna gain dBi for 5 GHz":"16","Wireless 5 GHz chip model":"AR9344","Wireless 5 GHz generation":"Wi-Fi 4","10/100 Ethernet ports":"1","Certification":"CE, FCC, IC, EAC, ROHS","IP":"IP54","_www_title":"SXTsq Lite5","_www_tagline":"Low-cost small-size 16dBi 5GHz dual chain integrated CPE/Backbone","_hardware_title":"SXTsq-series","_fcc_id":["TV7LHG5NDM"]}	3
wap-ax	wAP ax	Indoor wireless	0	149	wAP ax	wAPG-5HaxD2HaxD	ARM 32bit	IPQ-5010	wap-ax	wap_ax	{"Product code":"wAPG-5HaxD2HaxD","Suggested price":"$89.00","Architecture":"ARM 32bit","CPU":"IPQ-5010","CPU core count":"2","CPU nominal frequency":"800 MHz","CPU Threads count":"2","RouterOS license":"4","Operating System":"RouterOS v7","Size of RAM":"256 MB","Storage size":"128 MB","Storage type":"NAND","MTBF":"Approximately 100'000 hours at 25C","Tested ambient temperature":"-40°C to 70°C","Wireless 2.4 GHz Max data rate":"574 Mbit/s","Wireless 2.4 GHz Number of chains":"2","Wireless 2.4 GHz standards":"802.11b/g/n/ax","Antenna gain dBi for 2.4 GHz":"6.9","Wireless 2.4 GHz chip model":"IPQ-5010","Wireless 2.4 GHz generation":"Wi-Fi 6","Wireless 5 GHz Max data rate":"2400 Mbit/s","Wireless 5 GHz Number of chains":"2","Wireless 5 GHz standards":"802.11a/n/ac/ax","Antenna gain dBi for 5 GHz":"7","Wireless 5 GHz chip model":"QCN-6102","Wireless 5 GHz generation":"Wi-Fi 6","WiFi speed":"AX3000","10/100/1000 Ethernet ports":"2","Number of DC inputs":"2 (DC jack, PoE-IN)","DC jack input Voltage":"12-57 V","Max power consumption":"9 W","Max power consumption without attachments":"9 W","PoE in":"802.3af/at","Cooling type":"Passive","PoE in input Voltage":"18-57 V","Certification":"CE, FCC, IC, EAC, ROHS","IP":"54","CPU temperature monitor":"Yes","PCB temperature monitor":"Yes","Voltage Monitor":"Yes","_www_title":"wAP ax","_www_tagline":"wAP ax brings fast and reliable Wi-Fi 6 to your countryside getaway or any other challenging environments – like a rural gas station or a bus stop.","_hardware_title":"wAP ax"}	6
wap-ax-lte7-kit	wAP ax LTE7 kit	LTE products	0	150	wAP ax LTE7 kit	wAPGR-5HaxD2HaxD&R11e-LTE7	ARM 64bit	IPQ-5010	wap-ax-lte7-kit	wap_ax_lte7	{"Product code":"wAPGR-5HaxD2HaxD&R11e-LTE7","Suggested price":"$169.00","Architecture":"ARM 64bit","CPU":"IPQ-5010","CPU core count":"2","CPU nominal frequency":"800 MHz","CPU Threads count":"2","RouterOS license":"4","Operating System":"RouterOS v7","Size of RAM":"256 MB","Storage size":"128 MB","Storage type":"NAND","MTBF":"Approximately 200'000 hours at 25C","Tested ambient temperature":"-30°C to 70°C","Number of DC inputs":"2 (DC jack, PoE-IN)","DC jack input Voltage":"12-57 V","Max power consumption":"13 W","PoE in":"802.3af/at","Cooling type":"Passive","PoE in input Voltage":"18-57 V","3G Category":"R8 (DL: 42.2 Mbps; UL: 5.76 Mbps)","3G bands":"1 (2100 MHz) 3 (1800 MHz) 5 (850 MHz) 8 (900 MHz)","LTE Category":"7 (DL: 300 Mbps; UL: 100 Mbps)","MIMO DL":"2x2","MIMO UL":"1x1","LTE FDD bands":"1 (2100 MHz) 3 (1800 MHz) 5 (850 MHz) 7 (2600 MHz) 8 (900 MHz) 20 (800 MHz) 28 (700 MHz) 32 (1500 MHz)","LTE TDD bands":"38 (2600 MHz) 40 (2300 MHz) 41 (2500 MHz)","TAC":"35312597","Wireless 2.4 GHz Max data rate":"574 Mbit/s","Wireless 2.4 GHz Number of chains":"2","Wireless 2.4 GHz standards":"802.11b/g/n/ax","Antenna gain dBi for 2.4 GHz":"6.9","Wireless 2.4 GHz chip model":"IPQ-5010","Wireless 2.4 GHz generation":"Wi-Fi 6","Wireless 5 GHz Max data rate":"1200 Mbit/s","Wireless 5 GHz Number of chains":"2","Wireless 5 GHz standards":"802.11a/n/ac/ax","Antenna gain dBi for 5 GHz":"7","Wireless 5 GHz chip model":"QCN-6102","Wireless 5 GHz generation":"Wi-Fi 6","10/100/1000 Ethernet ports":"2","Number of SIM slots":"1 Modem (Micro SIM)","MiniPCI-e slots":"1","CPU temperature monitor":"Yes","PCB temperature monitor":"Yes","Voltage Monitor":"Yes","Certification":"CE, EAC, ROHS","IP":"66","_www_title":"wAP ax LTE7 kit","_www_tagline":"The new wAP LTE7 kit is an evolution of the popular wAP ac LTE6. Now – with Wi-Fi 6, CAT7 LTE, a stronger ARM platform, and improved antenna gain. The unit comes in our improved next-gen IP66 weatherproof enclosure.","_hardware_title":"wAP ax LTE7 kit"}	9
wap-lr2-kit	wAP LR2 kit	IoT products	0	151	wAP LR2 kit	RBwAPR-2nD&R11e-LR2	MIPSBE	QCA9531	r11e-lr2	RBwAPR-2nD	{"Product code":"RBwAPR-2nD","Suggested price":"$89.00","Architecture":"MIPSBE","CPU":"QCA9531","CPU core count":"1","CPU nominal frequency":"650 MHz","Dimensions":"185x85x30 mm","RouterOS license":"4","Operating System":"RouterOS","Size of RAM":"64 MB","Storage size":"16 MB","Storage type":"FLASH","MTBF":"Approximately 100'000 hours at 25C","Tested ambient temperature":"-40°C to 60°C","Wireless 2.4 GHz Max data rate":"300 Mbit/s","Wireless 2.4 GHz Number of chains":"2","Wireless 2.4 GHz standards":"802.11b/g/n","Antenna gain dBi for 2.4 GHz":"2","Wireless 2.4 GHz chip model":"QCA9531","Wireless 2.4 GHz generation":"Wi-Fi 4","10/100 Ethernet ports":"1","Number of SIM slots":"1 Modem (Mini SIM)","MiniPCI-e slots":"1","Number of DC inputs":"3 (DC jack, PoE-IN, Automotive)","DC jack input Voltage":"9-30 V","Automotive input Voltage":"9-30 V","Max power consumption":"6 W","PoE in":"Passive PoE","Cooling type":"Passive","PoE in input Voltage":"9-30 V","Certification":"CE, FCC, IC, E-MARK, EAC, ROHS","IP":"IP54","PCB temperature monitor":"Yes","Voltage Monitor":"Yes","_www_title":"wAP R","_www_tagline":"Small weatherproof wireless access point with LTE antennas and miniPCI-e slot","_hardware_title":"R11e-LR2"}	5
wap-lr8g-kit	wAP LR8G kit	IoT products	0	152	wAP LR8G kit	RBwAPR-2nD&R11e-LR8G	MIPSBE	QCA9531	wap-lr8g-kit	RBwAPR-2nD	{"Product code":"RBwAPR-2nD","Suggested price":"$89.00","Architecture":"MIPSBE","CPU":"QCA9531","CPU core count":"1","CPU nominal frequency":"650 MHz","Dimensions":"185x85x30 mm","RouterOS license":"4","Operating System":"RouterOS","Size of RAM":"64 MB","Storage size":"16 MB","Storage type":"FLASH","MTBF":"Approximately 100'000 hours at 25C","Tested ambient temperature":"-40°C to 60°C","Wireless 2.4 GHz Max data rate":"300 Mbit/s","Wireless 2.4 GHz Number of chains":"2","Wireless 2.4 GHz standards":"802.11b/g/n","Antenna gain dBi for 2.4 GHz":"2","Wireless 2.4 GHz chip model":"QCA9531","Wireless 2.4 GHz generation":"Wi-Fi 4","10/100 Ethernet ports":"1","Number of SIM slots":"1 Modem (Mini SIM)","MiniPCI-e slots":"1","Number of DC inputs":"3 (DC jack, PoE-IN, Automotive)","DC jack input Voltage":"9-30 V","Automotive input Voltage":"9-30 V","Max power consumption":"6 W","PoE in":"Passive PoE","Cooling type":"Passive","PoE in input Voltage":"9-30 V","Certification":"CE, FCC, IC, E-MARK, EAC, ROHS","IP":"IP54","PCB temperature monitor":"Yes","Voltage Monitor":"Yes","_www_title":"wAP R","_www_tagline":"Small weatherproof wireless access point with LTE antennas and miniPCI-e slot","_hardware_title":"wAP LR8G kit"}	3
wap-lr9g-kit	wAP LR9G kit	IoT products	0	153	wAP LR9G kit	RBwAPR-2nD&R11e-LR9G	MIPSBE	QCA9531	wap-lr9g-kit	RBwAPR-2nD	{"Product code":"RBwAPR-2nD","Suggested price":"$89.00","Architecture":"MIPSBE","CPU":"QCA9531","CPU core count":"1","CPU nominal frequency":"650 MHz","Dimensions":"185x85x30 mm","RouterOS license":"4","Operating System":"RouterOS","Size of RAM":"64 MB","Storage size":"16 MB","Storage type":"FLASH","MTBF":"Approximately 100'000 hours at 25C","Tested ambient temperature":"-40°C to 60°C","Wireless 2.4 GHz Max data rate":"300 Mbit/s","Wireless 2.4 GHz Number of chains":"2","Wireless 2.4 GHz standards":"802.11b/g/n","Antenna gain dBi for 2.4 GHz":"2","Wireless 2.4 GHz chip model":"QCA9531","Wireless 2.4 GHz generation":"Wi-Fi 4","10/100 Ethernet ports":"1","Number of SIM slots":"1 Modem (Mini SIM)","MiniPCI-e slots":"1","Number of DC inputs":"3 (DC jack, PoE-IN, Automotive)","DC jack input Voltage":"9-30 V","Automotive input Voltage":"9-30 V","Max power consumption":"6 W","PoE in":"Passive PoE","Cooling type":"Passive","PoE in input Voltage":"9-30 V","Certification":"CE, FCC, IC, E-MARK, EAC, ROHS","IP":"IP54","PCB temperature monitor":"Yes","Voltage Monitor":"Yes","_www_title":"wAP R","_www_tagline":"Small weatherproof wireless access point with LTE antennas and miniPCI-e slot","_hardware_title":"wAP LR9G kit"}	3
wap-lte-kit	wAP LTE kit	LTE products	0	154	wAP LTE kit	wAPR-2nD&EC200A-EUr2	MIPSBE	QCA9531	wap-lte-kit-2024	wap_lte_kit_2024	{"Product code":"wAPR-2nD&EC200A-EU","Suggested price":"$99.00","Architecture":"MIPSBE","CPU":"QCA9531","CPU core count":"1","CPU nominal frequency":"650 MHz","RouterOS license":"4","Operating System":"RouterOS v7","Size of RAM":"64 MB","Storage size":"16 MB","Storage type":"FLASH","MTBF":"Approximately 100'000 hours at 25C","Tested ambient temperature":"-40°C to 60°C","Number of DC inputs":"3 (DC jack, PoE-IN, Automotive)","DC jack input Voltage":"9-30 V","Automotive input Voltage":"9-30 V","Max power consumption":"7 W","PoE in":"Passive PoE","Cooling type":"Passive","PoE in input Voltage":"9-30 V","2G Category":"Class12","2G bands":"3 (1800MHz) 8 (900MHz)","3G Category":"R7 (21Mbps Downlinks, 5.76Mbps Uplink)","3G bands":"1 (2100MHz) 5 (850MHz) 8 (900MHz)","LTE Category":"4 (150Mbps Downlink, 50Mbps Uplink)","LTE FDD bands":"1 (2100MHz) 3 (1800MHz) 5 (850MHz) 7 (2600MHz) 8 (900 MHz) 20 (800MHz) 28 (700MHz)","LTE TDD bands":"38 (2600MHz) 40 (2300MHz) 41n (2500MHz)","TAC":"86314105","Wireless 2.4 GHz Max data rate":"300 Mbit/s","Wireless 2.4 GHz Number of chains":"2","Wireless 2.4 GHz standards":"802.11b/g/n","Antenna gain dBi for 2.4 GHz":"2","Wireless 2.4 GHz chip model":"QCA9531","Wireless 2.4 GHz generation":"Wi-Fi 4","10/100 Ethernet ports":"1","Number of SIM slots":"1 Modem (Mini SIM)","MiniPCI-e slots":"1","PCB temperature monitor":"Yes","Voltage Monitor":"Yes","Certification":"CE, E-MARK, EAC, ROHS","IP":"54","_www_title":"wAP LTE kit","_www_tagline":"A refresh of the classic weatherproof wAP LTE kit – with a new LTE modem \r\nthat brings the PRICE DOWN and the performance UP! Disruptive pricing: the best OUTDOOR LTE/WI-FI deal on the market if you’re on a tight budget.","_hardware_title":"wAP LTE kit (2024)"}	13
wap-r	wAP R	LTE products	0	155	wAP R	RBwAPR-2nD	MIPSBE	QCA9531	wap-r	RBwAPR-2nD	{"Product code":"RBwAPR-2nD","Suggested price":"$89.00","Architecture":"MIPSBE","CPU":"QCA9531","CPU core count":"1","CPU nominal frequency":"650 MHz","Dimensions":"185x85x30 mm","RouterOS license":"4","Operating System":"RouterOS","Size of RAM":"64 MB","Storage size":"16 MB","Storage type":"FLASH","MTBF":"Approximately 100'000 hours at 25C","Tested ambient temperature":"-40°C to 60°C","Wireless 2.4 GHz Max data rate":"300 Mbit/s","Wireless 2.4 GHz Number of chains":"2","Wireless 2.4 GHz standards":"802.11b/g/n","Antenna gain dBi for 2.4 GHz":"2","Wireless 2.4 GHz chip model":"QCA9531","Wireless 2.4 GHz generation":"Wi-Fi 4","10/100 Ethernet ports":"1","Number of SIM slots":"1 Modem (Mini SIM)","MiniPCI-e slots":"1","Number of DC inputs":"3 (DC jack, PoE-IN, Automotive)","DC jack input Voltage":"9-30 V","Automotive input Voltage":"9-30 V","Max power consumption":"6 W","PoE in":"Passive PoE","Cooling type":"Passive","PoE in input Voltage":"9-30 V","Certification":"CE, FCC, IC, E-MARK, EAC, ROHS","IP":"IP54","PCB temperature monitor":"Yes","Voltage Monitor":"Yes","_www_title":"wAP R","_www_tagline":"Small weatherproof wireless access point with LTE antennas and miniPCI-e slot","_hardware_title":"wAP R"}	5
wireless-wire-cube-pro	Wireless Wire Cube Pro		0	156	Wireless Wire Cube Pro	CubeG-5ac60aypair	ARM 32bit	IPQ-4019		wireless_wire_cube_pro	{"Product code":"CubeG-5ac60aypair","Suggested price":"$298.00","Architecture":"ARM 32bit","CPU":"IPQ-4019","CPU core count":"4","CPU nominal frequency":"448-896 (auto) MHz","CPU Threads count":"4","RouterOS license":"4","Operating System":"RouterOS","Size of RAM":"256 MB","Storage size":"64 MB","Storage type":"FLASH","MTBF":"Approximately 200'000 hours at 25C","Tested ambient temperature":"-40°C to 70°C","Number of DC inputs":"1 (PoE-IN)","Frequency (Hz)":"50-60","Max power consumption":"10 W","PoE in":"802.3af/at","Cooling type":"Passive","PoE in input Voltage":"18-48 V","Wireless 5 GHz Max data rate":"433 Mbit/s","Wireless 5 GHz Number of chains":"1","Wireless 5 GHz standards":"802.11a/n/ac","Antenna gain dBi for 5 GHz":"11.5","Wireless 5 GHz chip model":"IPQ-4019","Wireless 5 GHz generation":"Wi-Fi 5","10/100/1000 Ethernet ports":"1","GNSS standards":"GPS","Certification":"CE, FCC, IC, EAC, ROHS","_www_title":"Wireless Wire Cube Pro","_www_tagline":"A preconfigured kit of two Cube 60Pro ac (802.11ay 60 GHz) devices: the\r\nWireless Wire Cube Pro. Just point the Cubes at one another and\r\npower them on! They will form a blazing fast encrypted wireless\r\nconnection. Pure plug-and-play!"}	5
